-- Generated by Craft v2.6.3000 on 14/02/2018, 4:02:01 AM.

--
-- Disable foreign key checks and autocommit.
--

SET FOREIGN_KEY_CHECKS = 0;
SET SQL_MODE = "NO_AUTO_VALUE_ON_ZERO";
SET AUTOCOMMIT = 0;
SET NAMES utf8;


DROP TABLE IF EXISTS `cft_assetfiles`;


--
-- Schema for table `cft_assetfiles`
--
CREATE TABLE `cft_assetfiles` (
  `id` int(11) NOT NULL,
  `sourceId` int(11) DEFAULT NULL,
  `folderId` int(11) NOT NULL,
  `filename` varchar(255) COLLATE utf8_unicode_ci NOT NULL,
  `kind` varchar(50) COLLATE utf8_unicode_ci NOT NULL DEFAULT 'unknown',
  `width` int(11) unsigned DEFAULT NULL,
  `height` int(11) unsigned DEFAULT NULL,
  `size` bigint(20) unsigned DEFAULT NULL,
  `dateModified` datetime DEFAULT NULL,
  `dateCreated` datetime NOT NULL,
  `dateUpdated` datetime NOT NULL,
  `uid` char(36) COLLATE utf8_unicode_ci NOT NULL DEFAULT '0',
  PRIMARY KEY (`id`),
  UNIQUE KEY `cft_assetfiles_filename_folderId_unq_idx` (`filename`,`folderId`),
  KEY `cft_assetfiles_sourceId_fk` (`sourceId`),
  KEY `cft_assetfiles_folderId_fk` (`folderId`)
) ENGINE=InnoDB DEFAULT CHARSET=utf8 COLLATE=utf8_unicode_ci;

--
-- Data for table `cft_assetfiles`
--

INSERT INTO `cft_assetfiles` (`id`, `sourceId`, `folderId`, `filename`, `kind`, `width`, `height`, `size`, `dateModified`, `dateCreated`, `dateUpdated`, `uid`) VALUES
 ('9', '1', '1', 'test.jpg', 'image', '2048', '1365', '1258090', '2017-11-22 04:29:46', '2017-12-12 02:13:01', '2017-12-12 02:54:18', '44bbce4a-bbec-4b6e-b1d2-1fdb2d1266ee'),
 ('18', '1', '1', 'admin-ajax_ps.jpg', 'image', '960', '720', '144771', '2018-01-10 23:17:38', '2018-01-10 23:17:38', '2018-01-10 23:17:38', 'd44a6d44-2ae0-405d-97e5-4190b65b9742'),
 ('19', '1', '1', 'admin-ajax_labour_ps.jpg', 'image', '960', '720', '106658', '2018-01-10 23:17:49', '2018-01-10 23:17:50', '2018-01-10 23:17:50', 'c9f576c6-474f-4ce8-994e-5e2ac71b4a1a'),
 ('33', '1', '1', 'ImagePlaceHolder.png', 'image', '415', '278', '23996', '2018-01-15 00:56:13', '2018-01-15 00:56:13', '2018-01-15 00:56:13', '239b61d7-56ad-4da4-8bfa-5ed5cc9cdf7f'),
 ('46', '1', '1', 'cats-1.jpg', 'image', '1024', '683', '297975', '2018-01-23 03:16:13', '2018-01-23 03:16:13', '2018-01-23 03:16:13', '1b85b6e5-b56b-43fe-ac2e-51775b9d0bb8'),
 ('47', '1', '1', 'cats-2.jpg', 'image', '1024', '683', '197815', '2018-01-23 03:16:13', '2018-01-23 03:16:13', '2018-01-23 03:16:13', 'a8ab5aae-a43b-40b9-bdc2-ebe8cbb9a961'),
 ('48', '1', '1', 'cats-3.jpg', 'image', '1024', '768', '441364', '2018-01-23 03:16:14', '2018-01-23 03:16:14', '2018-01-23 03:16:14', 'e94635de-5e42-435b-949f-d757925b6031'),
 ('49', '1', '1', 'cats-4.jpg', 'image', '1024', '705', '239849', '2018-01-23 03:16:15', '2018-01-23 03:16:15', '2018-01-23 03:16:15', '830e8516-d272-40fc-8cfb-0ad1feb2e512'),
 ('50', '1', '1', 'dog-1.jpg', 'image', '1024', '683', '305399', '2018-01-23 03:16:23', '2018-01-23 03:16:24', '2018-01-23 03:16:24', 'b785aace-2eb9-441e-b7b9-735ce422d711'),
 ('51', '1', '1', 'dog-2.jpg', 'image', '1024', '907', '575253', '2018-01-23 03:16:24', '2018-01-23 03:16:24', '2018-01-23 03:16:24', 'b1280e89-08fd-4566-af04-89456fbc9259'),
 ('52', '1', '1', 'dog-3.jpg', 'image', '1024', '576', '421360', '2018-01-23 03:16:25', '2018-01-23 03:16:25', '2018-01-23 03:16:25', 'bb6b754f-4e2b-48cf-ad5a-a26fb654a7d9'),
 ('53', '1', '1', 'dog-4.jpg', 'image', '683', '1024', '195497', '2018-01-23 03:16:25', '2018-01-23 03:16:26', '2018-01-23 03:16:26', 'edd6f649-4ec8-4379-9043-d40b1bc6459e'),
 ('54', '1', '1', 'bird-1.jpg', 'image', '1024', '682', '131038', '2018-01-23 03:18:01', '2018-01-23 03:18:01', '2018-01-23 03:18:01', 'a7731a48-3cea-443a-b055-0b2a5e0e93b4'),
 ('55', '1', '1', 'bird-2.jpg', 'image', '683', '1024', '355186', '2018-01-23 03:18:01', '2018-01-23 03:18:02', '2018-01-23 03:18:02', 'bea60136-6463-464e-a003-1fb5295a5975'),
 ('56', '1', '1', 'bird-3.jpg', 'image', '819', '1024', '416548', '2018-01-23 03:18:02', '2018-01-23 03:18:02', '2018-01-23 03:18:02', '55336a5c-00c7-4600-b870-5db3c86fe186'),
 ('57', '1', '1', 'bird-4.jpg', 'image', '683', '1024', '314971', '2018-01-23 03:18:03', '2018-01-23 03:18:03', '2018-01-23 03:18:03', '11dbcbc0-2a0c-4e05-8597-6c5d9c18943e');



DROP TABLE IF EXISTS `cft_assetfolders`;


--
-- Schema for table `cft_assetfolders`
--
CREATE TABLE `cft_assetfolders` (
  `id` int(11) NOT NULL AUTO_INCREMENT,
  `parentId` int(11) DEFAULT NULL,
  `sourceId` int(11) DEFAULT NULL,
  `name` varchar(255) COLLATE utf8_unicode_ci NOT NULL,
  `path` varchar(255) COLLATE utf8_unicode_ci DEFAULT NULL,
  `dateCreated` datetime NOT NULL,
  `dateUpdated` datetime NOT NULL,
  `uid` char(36) COLLATE utf8_unicode_ci NOT NULL DEFAULT '0',
  PRIMARY KEY (`id`),
  UNIQUE KEY `cft_assetfolders_name_parentId_sourceId_unq_idx` (`name`,`parentId`,`sourceId`),
  KEY `cft_assetfolders_parentId_fk` (`parentId`),
  KEY `cft_assetfolders_sourceId_fk` (`sourceId`)
) ENGINE=InnoDB AUTO_INCREMENT=5 DEFAULT CHARSET=utf8 COLLATE=utf8_unicode_ci;

--
-- Data for table `cft_assetfolders`
--

INSERT INTO `cft_assetfolders` (`id`, `parentId`, `sourceId`, `name`, `path`, `dateCreated`, `dateUpdated`, `uid`) VALUES
 ('1', NULL, '1', 'img', '', '2017-12-12 01:03:26', '2018-01-14 21:58:49', '125377f1-1f09-461b-9eb4-fd1ee23cfc7a'),
 ('2', NULL, NULL, 'Temporary source', NULL, '2017-12-12 01:04:50', '2017-12-12 01:04:50', 'd498a2e9-843c-46a4-941b-9a39996522f6'),
 ('3', '2', NULL, 'user_1', 'user_1/', '2017-12-12 01:04:50', '2017-12-12 01:04:50', 'e84adc99-7aa0-4342-b226-3cf208b688b1'),
 ('4', '3', NULL, 'field_4', 'user_1/field_4/', '2017-12-12 01:04:50', '2017-12-12 01:04:50', '86dcd1cc-0a12-4af7-802b-a47fd6a2b8f1');



DROP TABLE IF EXISTS `cft_assetindexdata`;


--
-- Schema for table `cft_assetindexdata`
--
CREATE TABLE `cft_assetindexdata` (
  `id` int(11) NOT NULL AUTO_INCREMENT,
  `sessionId` varchar(36) COLLATE utf8_unicode_ci NOT NULL DEFAULT '',
  `sourceId` int(11) NOT NULL,
  `offset` int(11) NOT NULL,
  `uri` varchar(255) COLLATE utf8_unicode_ci DEFAULT NULL,
  `size` varchar(255) COLLATE utf8_unicode_ci DEFAULT NULL,
  `recordId` int(11) DEFAULT NULL,
  `dateCreated` datetime NOT NULL,
  `dateUpdated` datetime NOT NULL,
  `uid` char(36) COLLATE utf8_unicode_ci NOT NULL DEFAULT '0',
  PRIMARY KEY (`id`),
  UNIQUE KEY `cft_assetindexdata_sessionId_sourceId_offset_unq_idx` (`sessionId`,`sourceId`,`offset`),
  KEY `cft_assetindexdata_sourceId_fk` (`sourceId`)
) ENGINE=InnoDB DEFAULT CHARSET=utf8 COLLATE=utf8_unicode_ci;

DROP TABLE IF EXISTS `cft_assetsources`;


--
-- Schema for table `cft_assetsources`
--
CREATE TABLE `cft_assetsources` (
  `id` int(11) NOT NULL AUTO_INCREMENT,
  `name` varchar(255) COLLATE utf8_unicode_ci NOT NULL,
  `handle` varchar(255) COLLATE utf8_unicode_ci NOT NULL,
  `type` varchar(150) COLLATE utf8_unicode_ci NOT NULL,
  `settings` text COLLATE utf8_unicode_ci,
  `sortOrder` smallint(6) unsigned DEFAULT NULL,
  `fieldLayoutId` int(11) DEFAULT NULL,
  `dateCreated` datetime NOT NULL,
  `dateUpdated` datetime NOT NULL,
  `uid` char(36) COLLATE utf8_unicode_ci NOT NULL DEFAULT '0',
  PRIMARY KEY (`id`),
  UNIQUE KEY `cft_assetsources_name_unq_idx` (`name`),
  UNIQUE KEY `cft_assetsources_handle_unq_idx` (`handle`),
  KEY `cft_assetsources_fieldLayoutId_fk` (`fieldLayoutId`)
) ENGINE=InnoDB AUTO_INCREMENT=2 DEFAULT CHARSET=utf8 COLLATE=utf8_unicode_ci;

--
-- Data for table `cft_assetsources`
--

INSERT INTO `cft_assetsources` (`id`, `name`, `handle`, `type`, `settings`, `sortOrder`, `fieldLayoutId`, `dateCreated`, `dateUpdated`, `uid`) VALUES
 ('1', 'img', 'img', 'Local', '{\"path\":\"assets\\/img\\/\",\"publicURLs\":\"1\",\"url\":\"{assetsBaseUrl}\\/img\\/\"}', '1', '84', '2017-12-12 01:03:26', '2018-01-14 21:58:49', 'd7d36d28-599b-457a-99d6-1d223602c603');



DROP TABLE IF EXISTS `cft_assettransformindex`;


--
-- Schema for table `cft_assettransformindex`
--
CREATE TABLE `cft_assettransformindex` (
  `id` int(11) NOT NULL AUTO_INCREMENT,
  `fileId` int(11) NOT NULL,
  `filename` varchar(255) COLLATE utf8_unicode_ci DEFAULT NULL,
  `format` varchar(255) COLLATE utf8_unicode_ci DEFAULT NULL,
  `location` varchar(255) COLLATE utf8_unicode_ci NOT NULL,
  `sourceId` int(11) DEFAULT NULL,
  `fileExists` tinyint(1) DEFAULT NULL,
  `inProgress` tinyint(1) DEFAULT NULL,
  `dateIndexed` datetime DEFAULT NULL,
  `dateCreated` datetime NOT NULL,
  `dateUpdated` datetime NOT NULL,
  `uid` char(36) COLLATE utf8_unicode_ci NOT NULL DEFAULT '0',
  PRIMARY KEY (`id`),
  KEY `cft_assettransformindex_sourceId_fileId_location_idx` (`sourceId`,`fileId`,`location`)
) ENGINE=InnoDB DEFAULT CHARSET=utf8 COLLATE=utf8_unicode_ci;

DROP TABLE IF EXISTS `cft_assettransforms`;


--
-- Schema for table `cft_assettransforms`
--
CREATE TABLE `cft_assettransforms` (
  `id` int(11) NOT NULL AUTO_INCREMENT,
  `name` varchar(255) COLLATE utf8_unicode_ci NOT NULL,
  `handle` varchar(255) COLLATE utf8_unicode_ci NOT NULL,
  `mode` enum('stretch','fit','crop') COLLATE utf8_unicode_ci NOT NULL DEFAULT 'crop',
  `position` enum('top-left','top-center','top-right','center-left','center-center','center-right','bottom-left','bottom-center','bottom-right') COLLATE utf8_unicode_ci NOT NULL DEFAULT 'center-center',
  `height` int(11) DEFAULT NULL,
  `width` int(11) DEFAULT NULL,
  `format` varchar(255) COLLATE utf8_unicode_ci DEFAULT NULL,
  `quality` int(11) DEFAULT NULL,
  `dimensionChangeTime` datetime DEFAULT NULL,
  `dateCreated` datetime NOT NULL,
  `dateUpdated` datetime NOT NULL,
  `uid` char(36) COLLATE utf8_unicode_ci NOT NULL DEFAULT '0',
  PRIMARY KEY (`id`),
  UNIQUE KEY `cft_assettransforms_name_unq_idx` (`name`),
  UNIQUE KEY `cft_assettransforms_handle_unq_idx` (`handle`)
) ENGINE=InnoDB DEFAULT CHARSET=utf8 COLLATE=utf8_unicode_ci;

DROP TABLE IF EXISTS `cft_categories`;


--
-- Schema for table `cft_categories`
--
CREATE TABLE `cft_categories` (
  `id` int(11) NOT NULL,
  `groupId` int(11) NOT NULL,
  `dateCreated` datetime NOT NULL,
  `dateUpdated` datetime NOT NULL,
  `uid` char(36) COLLATE utf8_unicode_ci NOT NULL DEFAULT '0',
  PRIMARY KEY (`id`),
  KEY `cft_categories_groupId_fk` (`groupId`)
) ENGINE=InnoDB DEFAULT CHARSET=utf8 COLLATE=utf8_unicode_ci;

--
-- Data for table `cft_categories`
--

INSERT INTO `cft_categories` (`id`, `groupId`, `dateCreated`, `dateUpdated`, `uid`) VALUES
 ('35', '1', '2018-01-16 23:15:20', '2018-01-16 23:15:27', '37980103-4a40-4b04-8c6c-1d5d25f84199'),
 ('36', '1', '2018-01-16 23:16:08', '2018-01-16 23:16:08', '6dc6cfa6-d6cc-429f-a908-6d48c25ae344'),
 ('37', '1', '2018-01-16 23:16:35', '2018-01-16 23:16:35', '1f40730a-3031-4e93-8e8b-4ff867443e63'),
 ('38', '1', '2018-01-16 23:16:48', '2018-01-16 23:16:48', '5ba6e0d5-d720-43cc-a97f-6f24f46b284c'),
 ('39', '1', '2018-01-17 00:48:30', '2018-01-17 00:48:30', '3174473b-5a81-4ea2-a847-1ca14b07b3d1'),
 ('40', '1', '2018-01-17 00:48:40', '2018-01-17 00:48:40', 'cde9b4e2-4256-4e97-9fc4-f1c25bee5389'),
 ('41', '1', '2018-01-17 00:48:51', '2018-01-17 00:48:51', '49c864ae-dd0e-4c2a-85d8-b182be8e8ee5');



DROP TABLE IF EXISTS `cft_categorygroups`;


--
-- Schema for table `cft_categorygroups`
--
CREATE TABLE `cft_categorygroups` (
  `id` int(11) NOT NULL AUTO_INCREMENT,
  `structureId` int(11) NOT NULL,
  `fieldLayoutId` int(11) DEFAULT NULL,
  `name` varchar(255) COLLATE utf8_unicode_ci NOT NULL,
  `handle` varchar(255) COLLATE utf8_unicode_ci NOT NULL,
  `hasUrls` tinyint(1) unsigned NOT NULL DEFAULT '1',
  `template` varchar(500) COLLATE utf8_unicode_ci DEFAULT NULL,
  `dateCreated` datetime NOT NULL,
  `dateUpdated` datetime NOT NULL,
  `uid` char(36) COLLATE utf8_unicode_ci NOT NULL DEFAULT '0',
  PRIMARY KEY (`id`),
  UNIQUE KEY `cft_categorygroups_name_unq_idx` (`name`),
  UNIQUE KEY `cft_categorygroups_handle_unq_idx` (`handle`),
  KEY `cft_categorygroups_structureId_fk` (`structureId`),
  KEY `cft_categorygroups_fieldLayoutId_fk` (`fieldLayoutId`)
) ENGINE=InnoDB AUTO_INCREMENT=2 DEFAULT CHARSET=utf8 COLLATE=utf8_unicode_ci;

--
-- Data for table `cft_categorygroups`
--

INSERT INTO `cft_categorygroups` (`id`, `structureId`, `fieldLayoutId`, `name`, `handle`, `hasUrls`, `template`, `dateCreated`, `dateUpdated`, `uid`) VALUES
 ('1', '5', '93', 'Products Category', 'productsCategory', '1', '', '2018-01-16 04:24:38', '2018-01-16 04:24:38', 'b9baca1a-cc32-4945-870c-2191d3397beb');



DROP TABLE IF EXISTS `cft_categorygroups_i18n`;


--
-- Schema for table `cft_categorygroups_i18n`
--
CREATE TABLE `cft_categorygroups_i18n` (
  `id` int(11) NOT NULL AUTO_INCREMENT,
  `groupId` int(11) NOT NULL,
  `locale` char(12) COLLATE utf8_unicode_ci NOT NULL,
  `urlFormat` text COLLATE utf8_unicode_ci,
  `nestedUrlFormat` text COLLATE utf8_unicode_ci,
  `dateCreated` datetime NOT NULL,
  `dateUpdated` datetime NOT NULL,
  `uid` char(36) COLLATE utf8_unicode_ci NOT NULL DEFAULT '0',
  PRIMARY KEY (`id`),
  UNIQUE KEY `cft_categorygroups_i18n_groupId_locale_unq_idx` (`groupId`,`locale`),
  KEY `cft_categorygroups_i18n_locale_fk` (`locale`)
) ENGINE=InnoDB AUTO_INCREMENT=2 DEFAULT CHARSET=utf8 COLLATE=utf8_unicode_ci;

--
-- Data for table `cft_categorygroups_i18n`
--

INSERT INTO `cft_categorygroups_i18n` (`id`, `groupId`, `locale`, `urlFormat`, `nestedUrlFormat`, `dateCreated`, `dateUpdated`, `uid`) VALUES
 ('1', '1', 'en_au', 'products-category/{slug}', '{parent.uri}/{slug}', '2018-01-16 04:24:38', '2018-01-16 04:24:38', '21c15d3e-6b8a-4f66-8e78-64081d8098b5');



DROP TABLE IF EXISTS `cft_commerce_addresses`;


--
-- Schema for table `cft_commerce_addresses`
--
CREATE TABLE `cft_commerce_addresses` (
  `id` int(11) NOT NULL AUTO_INCREMENT,
  `attention` varchar(255) COLLATE utf8_unicode_ci DEFAULT NULL,
  `title` varchar(255) COLLATE utf8_unicode_ci DEFAULT NULL,
  `firstName` varchar(255) COLLATE utf8_unicode_ci NOT NULL,
  `lastName` varchar(255) COLLATE utf8_unicode_ci NOT NULL,
  `countryId` int(11) DEFAULT NULL,
  `stateId` int(11) DEFAULT NULL,
  `address1` varchar(255) COLLATE utf8_unicode_ci DEFAULT NULL,
  `address2` varchar(255) COLLATE utf8_unicode_ci DEFAULT NULL,
  `city` varchar(255) COLLATE utf8_unicode_ci DEFAULT NULL,
  `zipCode` varchar(255) COLLATE utf8_unicode_ci DEFAULT NULL,
  `phone` varchar(255) COLLATE utf8_unicode_ci DEFAULT NULL,
  `alternativePhone` varchar(255) COLLATE utf8_unicode_ci DEFAULT NULL,
  `businessName` varchar(255) COLLATE utf8_unicode_ci DEFAULT NULL,
  `businessTaxId` varchar(255) COLLATE utf8_unicode_ci DEFAULT NULL,
  `businessId` varchar(255) COLLATE utf8_unicode_ci DEFAULT NULL,
  `stateName` varchar(255) COLLATE utf8_unicode_ci DEFAULT NULL,
  `dateCreated` datetime NOT NULL,
  `dateUpdated` datetime NOT NULL,
  `uid` char(36) COLLATE utf8_unicode_ci NOT NULL DEFAULT '0',
  PRIMARY KEY (`id`),
  KEY `cft_commerce_addresses_countryId_fk` (`countryId`),
  KEY `cft_commerce_addresses_stateId_fk` (`stateId`)
) ENGINE=InnoDB AUTO_INCREMENT=5 DEFAULT CHARSET=utf8 COLLATE=utf8_unicode_ci;

--
-- Data for table `cft_commerce_addresses`
--

INSERT INTO `cft_commerce_addresses` (`id`, `attention`, `title`, `firstName`, `lastName`, `countryId`, `stateId`, `address1`, `address2`, `city`, `zipCode`, `phone`, `alternativePhone`, `businessName`, `businessTaxId`, `businessId`, `stateName`, `dateCreated`, `dateUpdated`, `uid`) VALUES
 ('2', 'Buy', 'Hi', 'Parry', 'huang', '13', '1', '3 Alicia Road', '', 'Kingston', '7050', '0402454886', '', '1234512312', '123124123', '123123', NULL, '2018-01-11 01:13:38', '2018-01-11 01:13:38', '46b3b7cc-fbc2-4d35-a8ea-5bbed52b875a'),
 ('3', 'Buy', 'Hi', 'Parry', 'huang', '13', '1', '3 Alicia Road', '', 'Kingston', '7050', '0402454886', '', '1234512312', '123124123', '123123', NULL, '2018-01-11 01:13:38', '2018-01-11 01:13:38', 'b787816a-33c1-4069-b89b-6ac58410438b'),
 ('4', 'stupid', 'Mr', 'Xiaotian', 'Huang', '13', '6', '59 charles street', 'Moonah', 'Hobart', '7000', '0402454886', '', 'Media Marketing Group', '', '', NULL, '2018-02-13 02:08:28', '2018-02-13 02:08:28', '7d66d09e-4009-4c9b-a83c-9448641a346e');



DROP TABLE IF EXISTS `cft_commerce_countries`;


--
-- Schema for table `cft_commerce_countries`
--
CREATE TABLE `cft_commerce_countries` (
  `id` int(11) NOT NULL AUTO_INCREMENT,
  `name` varchar(255) COLLATE utf8_unicode_ci NOT NULL,
  `iso` varchar(2) COLLATE utf8_unicode_ci NOT NULL,
  `stateRequired` tinyint(1) unsigned NOT NULL DEFAULT '0',
  `dateCreated` datetime NOT NULL,
  `dateUpdated` datetime NOT NULL,
  `uid` char(36) COLLATE utf8_unicode_ci NOT NULL DEFAULT '0',
  PRIMARY KEY (`id`),
  UNIQUE KEY `cft_commerce_countries_name_unq_idx` (`name`),
  UNIQUE KEY `cft_commerce_countries_iso_unq_idx` (`iso`)
) ENGINE=InnoDB AUTO_INCREMENT=250 DEFAULT CHARSET=utf8 COLLATE=utf8_unicode_ci;

--
-- Data for table `cft_commerce_countries`
--

INSERT INTO `cft_commerce_countries` (`id`, `name`, `iso`, `stateRequired`, `dateCreated`, `dateUpdated`, `uid`) VALUES
 ('1', 'Andorra', 'AD', '0', '2018-01-10 04:58:07', '2018-01-10 04:58:07', '3ec37fca-2154-450c-b1be-8582c6703053'),
 ('2', 'United Arab Emirates', 'AE', '0', '2018-01-10 04:58:07', '2018-01-10 04:58:07', '2b36e0ea-a22b-49af-aeb8-cefa23bd2c54'),
 ('3', 'Afghanistan', 'AF', '0', '2018-01-10 04:58:07', '2018-01-10 04:58:07', '0a84345a-6346-4cb3-a167-068ad48d44f3'),
 ('4', 'Antigua and Barbuda', 'AG', '0', '2018-01-10 04:58:07', '2018-01-10 04:58:07', 'db5021ba-61ee-4538-a22b-def4023fb2f6'),
 ('5', 'Anguilla', 'AI', '0', '2018-01-10 04:58:07', '2018-01-10 04:58:07', 'c3501364-69c0-4e91-837c-e1a4141cd0f5'),
 ('6', 'Albania', 'AL', '0', '2018-01-10 04:58:07', '2018-01-10 04:58:07', '2392b8ea-34eb-4299-b72b-16f9edeb15c3'),
 ('7', 'Armenia', 'AM', '0', '2018-01-10 04:58:07', '2018-01-10 04:58:07', '093b72d4-23be-4857-96f1-52d3a04d9a83'),
 ('8', 'Angola', 'AO', '0', '2018-01-10 04:58:07', '2018-01-10 04:58:07', 'f517b489-d173-4d2f-8a2f-55ff1f7318c5'),
 ('9', 'Antarctica', 'AQ', '0', '2018-01-10 04:58:07', '2018-01-10 04:58:07', 'b12531be-0c81-409a-8c84-477f5fbc4e7b'),
 ('10', 'Argentina', 'AR', '0', '2018-01-10 04:58:07', '2018-01-10 04:58:07', 'e893cf6d-fd03-4ca8-9ee4-584b3a563972'),
 ('11', 'American Samoa', 'AS', '0', '2018-01-10 04:58:07', '2018-01-10 04:58:07', '0172f317-d015-4f81-a42f-a2b8be65d01b'),
 ('12', 'Austria', 'AT', '0', '2018-01-10 04:58:07', '2018-01-10 04:58:07', '8bc0bcd2-4406-467f-99f4-db9205e10fba'),
 ('13', 'Australia', 'AU', '0', '2018-01-10 04:58:07', '2018-01-10 23:08:48', '9c1cd6f8-fda7-4a5f-adc2-5683d68cc403'),
 ('14', 'Aruba', 'AW', '0', '2018-01-10 04:58:07', '2018-01-10 04:58:07', 'e6e07d5c-0509-460d-b09c-aad50965b52a'),
 ('15', 'Aland Islands', 'AX', '0', '2018-01-10 04:58:07', '2018-01-10 04:58:07', '46d634a9-e0e2-4098-ab45-af1f20c2638c'),
 ('16', 'Azerbaijan', 'AZ', '0', '2018-01-10 04:58:07', '2018-01-10 04:58:07', 'b826e720-7f54-4c93-90ed-28b976b76cf9'),
 ('17', 'Bosnia and Herzegovina', 'BA', '0', '2018-01-10 04:58:07', '2018-01-10 04:58:07', 'd4fbf378-76b8-409e-8b25-9c66f19f0ae1'),
 ('18', 'Barbados', 'BB', '0', '2018-01-10 04:58:07', '2018-01-10 04:58:07', '6c97b27e-56d2-41bc-ae35-2b862d96a6e1'),
 ('19', 'Bangladesh', 'BD', '0', '2018-01-10 04:58:07', '2018-01-10 04:58:07', '7e17ad36-c20c-47c8-8a0e-ad9a14686bdf'),
 ('20', 'Belgium', 'BE', '0', '2018-01-10 04:58:07', '2018-01-10 04:58:07', '61e41165-35bb-4fad-b89f-16441458dccf'),
 ('21', 'Burkina Faso', 'BF', '0', '2018-01-10 04:58:07', '2018-01-10 04:58:07', '8606119a-bb18-479e-8ee1-b893671ac0a3'),
 ('22', 'Bulgaria', 'BG', '0', '2018-01-10 04:58:07', '2018-01-10 04:58:07', '3e792897-50f4-43c9-882d-ece0bc6843b2'),
 ('23', 'Bahrain', 'BH', '0', '2018-01-10 04:58:07', '2018-01-10 04:58:07', '7c94eb76-ea27-45d4-8d6a-ab724104df3f'),
 ('24', 'Burundi', 'BI', '0', '2018-01-10 04:58:07', '2018-01-10 04:58:07', 'e08a3f04-916f-46ea-901d-e1ede291a4fb'),
 ('25', 'Benin', 'BJ', '0', '2018-01-10 04:58:07', '2018-01-10 04:58:07', '187b88f3-1bed-440a-967f-6a2c80aefb4d'),
 ('26', 'Saint Barthelemy', 'BL', '0', '2018-01-10 04:58:07', '2018-01-10 04:58:07', '7ee7e80e-9c19-43ec-95cd-ee8e7e3a10a8'),
 ('27', 'Bermuda', 'BM', '0', '2018-01-10 04:58:07', '2018-01-10 04:58:07', '1a3a709e-7ca3-4686-8e5d-df80ae435c7a'),
 ('28', 'Brunei Darussalam', 'BN', '0', '2018-01-10 04:58:07', '2018-01-10 04:58:07', '1beeb4a1-14cd-4ac7-9c78-e9333deae222'),
 ('29', 'Bolivia', 'BO', '0', '2018-01-10 04:58:07', '2018-01-10 04:58:07', '58adf330-4926-42d4-ae04-52e6bb914307'),
 ('30', 'Bonaire, Sint Eustatius and Saba', 'BQ', '0', '2018-01-10 04:58:07', '2018-01-10 04:58:07', 'fbb4befa-b4a2-4079-9cde-aca7428938a7'),
 ('31', 'Brazil', 'BR', '0', '2018-01-10 04:58:07', '2018-01-10 04:58:07', 'a47dbe49-6bab-49a4-8046-69e6b44f3dc0'),
 ('32', 'Bahamas', 'BS', '0', '2018-01-10 04:58:07', '2018-01-10 04:58:07', '66903ee2-0d6c-497b-a822-90cbd0bfaf2e'),
 ('33', 'Bhutan', 'BT', '0', '2018-01-10 04:58:07', '2018-01-10 04:58:07', '0d8f7fcf-3f45-4ad3-abbf-05afccf5b342'),
 ('34', 'Bouvet Island', 'BV', '0', '2018-01-10 04:58:07', '2018-01-10 04:58:07', '74dae561-155d-4526-93b7-8d59ebea2b06'),
 ('35', 'Botswana', 'BW', '0', '2018-01-10 04:58:07', '2018-01-10 04:58:07', 'd6a250ed-3b1a-4cca-a989-6bfdac670469'),
 ('36', 'Belarus', 'BY', '0', '2018-01-10 04:58:07', '2018-01-10 04:58:07', 'daf8a66c-4de9-4884-89d2-354d635d6cfc'),
 ('37', 'Belize', 'BZ', '0', '2018-01-10 04:58:07', '2018-01-10 04:58:07', '4ceffd7a-b8e8-4d51-8174-55f10e252e70'),
 ('38', 'Canada', 'CA', '0', '2018-01-10 04:58:07', '2018-01-10 04:58:07', 'b203d094-2b0c-4144-bc1a-2d43ad273c3a'),
 ('39', 'Cocos (Keeling) Islands', 'CC', '0', '2018-01-10 04:58:07', '2018-01-10 04:58:07', 'ed33cb23-af97-474e-bbdb-81784c0716b1'),
 ('40', 'Democratic Republic of Congo', 'CD', '0', '2018-01-10 04:58:07', '2018-01-10 04:58:07', '75dca610-a2cf-4696-a67b-9e91c18116cf'),
 ('41', 'Central African Republic', 'CF', '0', '2018-01-10 04:58:07', '2018-01-10 04:58:07', '4a09c77f-f60a-41e4-b726-1e622bd66fdc'),
 ('42', 'Congo', 'CG', '0', '2018-01-10 04:58:07', '2018-01-10 04:58:07', '208db05b-5fde-453a-a9c5-82a71635d2da'),
 ('43', 'Switzerland', 'CH', '0', '2018-01-10 04:58:07', '2018-01-10 04:58:07', 'c12d16f1-205a-4970-a8e0-03b20d1ef7cf'),
 ('44', 'Ivory Coast', 'CI', '0', '2018-01-10 04:58:07', '2018-01-10 04:58:07', 'b88f335e-cda6-4db6-a33b-735a786af194'),
 ('45', 'Cook Islands', 'CK', '0', '2018-01-10 04:58:07', '2018-01-10 04:58:07', '7f6940b3-9777-4d9a-a6e4-158b9facf060'),
 ('46', 'Chile', 'CL', '0', '2018-01-10 04:58:07', '2018-01-10 04:58:07', '7b8bbf26-6d03-466e-b0de-87c6aa772404'),
 ('47', 'Cameroon', 'CM', '0', '2018-01-10 04:58:07', '2018-01-10 04:58:07', 'd64ba0df-7343-4fed-86bd-b6f2f83e4a42'),
 ('48', 'China', 'CN', '0', '2018-01-10 04:58:07', '2018-01-10 04:58:07', '1ce48546-e7aa-43e9-8f07-65f655d4dbdb'),
 ('49', 'Colombia', 'CO', '0', '2018-01-10 04:58:07', '2018-01-10 04:58:07', '68268dd5-a13a-47e6-891b-4d4093e2dbea'),
 ('50', 'Costa Rica', 'CR', '0', '2018-01-10 04:58:07', '2018-01-10 04:58:07', 'afc16efb-02a1-47c5-9c8a-c33846945959'),
 ('51', 'Cuba', 'CU', '0', '2018-01-10 04:58:07', '2018-01-10 04:58:07', '7eccf31e-e61f-4611-bb28-bb2c3422c65e'),
 ('52', 'Cape Verde', 'CV', '0', '2018-01-10 04:58:07', '2018-01-10 04:58:07', '94c90cac-f17c-48b5-8fbc-0575488c34cf'),
 ('53', 'Curacao', 'CW', '0', '2018-01-10 04:58:07', '2018-01-10 04:58:07', '445d268f-1804-47bb-9e4f-c9126215af6c'),
 ('54', 'Christmas Island', 'CX', '0', '2018-01-10 04:58:07', '2018-01-10 04:58:07', '8c06f978-8b2c-4e55-85aa-4f453add400a'),
 ('55', 'Cyprus', 'CY', '0', '2018-01-10 04:58:07', '2018-01-10 04:58:07', 'f02357f9-2bb6-4ba7-b5d0-ed3de0f30894'),
 ('56', 'Czech Republic', 'CZ', '0', '2018-01-10 04:58:07', '2018-01-10 04:58:07', '69050e8f-984a-43e2-9916-fec63f3591fe'),
 ('57', 'Germany', 'DE', '0', '2018-01-10 04:58:07', '2018-01-10 04:58:07', 'a8b3184a-33eb-4583-89b1-77c527fadd84'),
 ('58', 'Djibouti', 'DJ', '0', '2018-01-10 04:58:07', '2018-01-10 04:58:07', 'adaeefc8-70b2-4d82-a165-13346557a526'),
 ('59', 'Denmark', 'DK', '0', '2018-01-10 04:58:07', '2018-01-10 04:58:07', '79492473-7aa9-4590-b92f-bfeb9bfb4302'),
 ('60', 'Dominica', 'DM', '0', '2018-01-10 04:58:07', '2018-01-10 04:58:07', 'c950268f-2808-4d21-b96f-fb13bc5cd332'),
 ('61', 'Dominican Republic', 'DO', '0', '2018-01-10 04:58:07', '2018-01-10 04:58:07', 'b9029611-b3d1-4198-a27a-9e12b34c0533'),
 ('62', 'Algeria', 'DZ', '0', '2018-01-10 04:58:07', '2018-01-10 04:58:07', '51b06fa3-5cc9-4d9a-bb57-02562e96f02d'),
 ('63', 'Ecuador', 'EC', '0', '2018-01-10 04:58:07', '2018-01-10 04:58:07', '483e8284-84f1-4f24-8f02-4f77483ef39e'),
 ('64', 'Estonia', 'EE', '0', '2018-01-10 04:58:07', '2018-01-10 04:58:07', 'bf8a0a0f-065b-4127-b668-b827d22b13df'),
 ('65', 'Egypt', 'EG', '0', '2018-01-10 04:58:07', '2018-01-10 04:58:07', '79a3a625-f0ee-4376-8ad7-46248e6d1fbd'),
 ('66', 'Western Sahara', 'EH', '0', '2018-01-10 04:58:07', '2018-01-10 04:58:07', '980a64c6-9ae6-4fc7-b5b9-c108b53a5b4f'),
 ('67', 'Eritrea', 'ER', '0', '2018-01-10 04:58:07', '2018-01-10 04:58:07', '3c19d827-1b44-41d0-b72c-01939bbc4eaa'),
 ('68', 'Spain', 'ES', '0', '2018-01-10 04:58:07', '2018-01-10 04:58:07', 'f2735d5d-e22e-4778-9b90-879cbb43c5be'),
 ('69', 'Ethiopia', 'ET', '0', '2018-01-10 04:58:07', '2018-01-10 04:58:07', 'e1fb6cfc-b0e0-47d9-b174-69cff26a818c'),
 ('70', 'Finland', 'FI', '0', '2018-01-10 04:58:07', '2018-01-10 04:58:07', 'b05b3dbe-1228-4a5b-94dc-98ecbe93f69c'),
 ('71', 'Fiji', 'FJ', '0', '2018-01-10 04:58:07', '2018-01-10 04:58:07', 'b4f5aac2-4dc2-401e-abb9-c157b66b974e'),
 ('72', 'Falkland Islands (Malvinas)', 'FK', '0', '2018-01-10 04:58:07', '2018-01-10 04:58:07', '1d08c322-9e88-4ef8-ae2c-a1512b33e34f'),
 ('73', 'Micronesia', 'FM', '0', '2018-01-10 04:58:07', '2018-01-10 04:58:07', '875e8922-51c4-4e7d-b343-6b3b8e3e93dd'),
 ('74', 'Faroe Islands', 'FO', '0', '2018-01-10 04:58:07', '2018-01-10 04:58:07', '8709389f-ea9d-46f2-8211-996728fee576'),
 ('75', 'France', 'FR', '0', '2018-01-10 04:58:07', '2018-01-10 04:58:07', '1896af14-5c53-418c-afa2-5eeb3e4cfc7c'),
 ('76', 'Gabon', 'GA', '0', '2018-01-10 04:58:07', '2018-01-10 04:58:07', '4409de1f-f046-4f9c-880a-16a4f41c4fe9'),
 ('77', 'United Kingdom', 'GB', '0', '2018-01-10 04:58:07', '2018-01-10 04:58:07', 'aa84c2fc-a7c1-42c2-bc1e-49446b22bf8f'),
 ('78', 'Grenada', 'GD', '0', '2018-01-10 04:58:07', '2018-01-10 04:58:07', '0776c303-40e9-4ee4-8801-2ad8370ad0f8'),
 ('79', 'Georgia', 'GE', '0', '2018-01-10 04:58:07', '2018-01-10 04:58:07', 'a9399372-b9ef-440e-9f9a-4f5da2292dbf'),
 ('80', 'French Guiana', 'GF', '0', '2018-01-10 04:58:07', '2018-01-10 04:58:07', '180d8e45-af51-4690-b883-62cbd299c04e'),
 ('81', 'Guernsey', 'GG', '0', '2018-01-10 04:58:07', '2018-01-10 04:58:07', 'c72c67e2-8091-443b-8cf0-d0d2beb68b2e'),
 ('82', 'Ghana', 'GH', '0', '2018-01-10 04:58:07', '2018-01-10 04:58:07', '7abaf333-9192-4e73-a464-ab8933065073'),
 ('83', 'Gibraltar', 'GI', '0', '2018-01-10 04:58:07', '2018-01-10 04:58:07', 'c1bd8ed7-2037-4e74-a3d5-c8a4c8621234'),
 ('84', 'Greenland', 'GL', '0', '2018-01-10 04:58:07', '2018-01-10 04:58:07', '1fe93c57-fadf-4a72-9a18-a2e519d21f03'),
 ('85', 'Gambia', 'GM', '0', '2018-01-10 04:58:07', '2018-01-10 04:58:07', 'de9f3861-fc93-4eda-8a02-6eada7292df7'),
 ('86', 'Guinea', 'GN', '0', '2018-01-10 04:58:07', '2018-01-10 04:58:07', 'd1cbcccf-b4b9-4e64-88ff-3f7f5d9e2a65'),
 ('87', 'Guadeloupe', 'GP', '0', '2018-01-10 04:58:07', '2018-01-10 04:58:07', '1bcd044b-03a6-4e80-a0da-c3a58e87e2d5'),
 ('88', 'Equatorial Guinea', 'GQ', '0', '2018-01-10 04:58:07', '2018-01-10 04:58:07', '833c3b7a-16fd-4688-9edb-b6c549cedf13'),
 ('89', 'Greece', 'GR', '0', '2018-01-10 04:58:07', '2018-01-10 04:58:07', 'bba17660-7e50-44e2-81b7-7fc566daa02a'),
 ('90', 'S. Georgia and S. Sandwich Isls.', 'GS', '0', '2018-01-10 04:58:07', '2018-01-10 04:58:07', 'f94a4d0d-927e-4f75-9692-0de748cd5511'),
 ('91', 'Guatemala', 'GT', '0', '2018-01-10 04:58:07', '2018-01-10 04:58:07', '7218c3b9-4c15-4fb7-8bed-412e74b523a6'),
 ('92', 'Guam', 'GU', '0', '2018-01-10 04:58:07', '2018-01-10 04:58:07', '7d1acf3d-d8ff-4009-b1d0-b31743689899'),
 ('93', 'Guinea-Bissau', 'GW', '0', '2018-01-10 04:58:07', '2018-01-10 04:58:07', '578c4125-bd12-41d9-bbbe-9471fc0a40e0'),
 ('94', 'Guyana', 'GY', '0', '2018-01-10 04:58:07', '2018-01-10 04:58:07', '6a0b0d9f-c064-4346-ba99-83773b7f89ba'),
 ('95', 'Hong Kong', 'HK', '0', '2018-01-10 04:58:07', '2018-01-10 04:58:07', '4af3c535-e164-4170-b282-0ba2f4deb9cc'),
 ('96', 'Heard and McDonald Islands', 'HM', '0', '2018-01-10 04:58:07', '2018-01-10 04:58:07', '2b4bd1b7-b0cd-4d89-beae-1c9b4bb49fc6'),
 ('97', 'Honduras', 'HN', '0', '2018-01-10 04:58:07', '2018-01-10 04:58:07', '9e2d1af6-a026-4af9-b9d0-46f40371a95c'),
 ('98', 'Croatia (Hrvatska)', 'HR', '0', '2018-01-10 04:58:07', '2018-01-10 04:58:07', '31811ad0-d263-47cb-a679-3f612ce90260'),
 ('99', 'Haiti', 'HT', '0', '2018-01-10 04:58:07', '2018-01-10 04:58:07', 'c80e25b3-bc2b-4b90-bda2-dd802e4e731f'),
 ('100', 'Hungary', 'HU', '0', '2018-01-10 04:58:07', '2018-01-10 04:58:07', '2ed653e3-3c8e-4765-aa4e-9244c1b64395');
INSERT INTO `cft_commerce_countries` (`id`, `name`, `iso`, `stateRequired`, `dateCreated`, `dateUpdated`, `uid`) VALUES
 ('101', 'Indonesia', 'ID', '0', '2018-01-10 04:58:07', '2018-01-10 04:58:07', '391c1c2a-01fb-4c70-841a-960c19cec5a3'),
 ('102', 'Ireland', 'IE', '0', '2018-01-10 04:58:07', '2018-01-10 04:58:07', '03859ff1-6f55-4c18-8431-7ad5472adbaa'),
 ('103', 'Israel', 'IL', '0', '2018-01-10 04:58:07', '2018-01-10 04:58:07', '3da0d6e8-b5d8-4fcd-8b8f-780bfb152301'),
 ('104', 'Isle Of Man', 'IM', '0', '2018-01-10 04:58:07', '2018-01-10 04:58:07', '42dfcfc3-d055-4f76-8159-93605a4e6db2'),
 ('105', 'India', 'IN', '0', '2018-01-10 04:58:07', '2018-01-10 04:58:07', '548d91ae-9dd3-4917-917b-73551bc5bb1d'),
 ('106', 'British Indian Ocean Territory', 'IO', '0', '2018-01-10 04:58:07', '2018-01-10 04:58:07', '7d194e56-6f56-4b96-bf71-a2c4921bfad6'),
 ('107', 'Iraq', 'IQ', '0', '2018-01-10 04:58:07', '2018-01-10 04:58:07', '1e11692e-f7a0-41a7-babc-c23e789c4adb'),
 ('108', 'Iran', 'IR', '0', '2018-01-10 04:58:07', '2018-01-10 04:58:07', 'f569e8a0-2d27-4311-b063-037317a68ebd'),
 ('109', 'Iceland', 'IS', '0', '2018-01-10 04:58:07', '2018-01-10 04:58:07', '0f685b0a-1313-4641-acf9-41b8acd13f30'),
 ('110', 'Italy', 'IT', '0', '2018-01-10 04:58:07', '2018-01-10 04:58:07', '2181bf27-53ac-4390-8229-3059cf00d6d2'),
 ('111', 'Jersey', 'JE', '0', '2018-01-10 04:58:07', '2018-01-10 04:58:07', 'a8a5b118-3de2-4147-93ee-ece64f58b691'),
 ('112', 'Jamaica', 'JM', '0', '2018-01-10 04:58:07', '2018-01-10 04:58:07', 'cec0d89d-159e-4363-82b5-945546a13c5b'),
 ('113', 'Jordan', 'JO', '0', '2018-01-10 04:58:07', '2018-01-10 04:58:07', '05b2f828-ca25-426c-967c-57589e2c9ebd'),
 ('114', 'Japan', 'JP', '0', '2018-01-10 04:58:07', '2018-01-10 04:58:07', '05a91ed7-91f4-4a33-a7c7-ca844b809f95'),
 ('115', 'Kenya', 'KE', '0', '2018-01-10 04:58:07', '2018-01-10 04:58:07', '60fc4947-fef3-49ee-af80-2a24017bcbd6'),
 ('116', 'Kyrgyzstan', 'KG', '0', '2018-01-10 04:58:07', '2018-01-10 04:58:07', '0bebca0c-6aff-4e43-8329-9257e6088ea5'),
 ('117', 'Cambodia', 'KH', '0', '2018-01-10 04:58:07', '2018-01-10 04:58:07', '19f02c0a-ebd1-4add-ba01-4262694a8401'),
 ('118', 'Kiribati', 'KI', '0', '2018-01-10 04:58:07', '2018-01-10 04:58:07', 'cc5f10e3-6cea-40be-927d-e8c3a4db84d9'),
 ('119', 'Comoros', 'KM', '0', '2018-01-10 04:58:07', '2018-01-10 04:58:07', '8990e230-6173-40b5-b8f0-aa63b52619b1'),
 ('120', 'Saint Kitts and Nevis', 'KN', '0', '2018-01-10 04:58:07', '2018-01-10 04:58:07', '5bdba634-572a-4646-b1b7-3938722e028e'),
 ('121', 'Korea (North)', 'KP', '0', '2018-01-10 04:58:07', '2018-01-10 04:58:07', 'eba3fb20-df48-4cac-8dc5-e1541b950139'),
 ('122', 'Korea (South)', 'KR', '0', '2018-01-10 04:58:07', '2018-01-10 04:58:07', 'efc74ccf-56df-4877-a72b-78622de71736'),
 ('123', 'Kuwait', 'KW', '0', '2018-01-10 04:58:07', '2018-01-10 04:58:07', 'b9df2763-ffdb-4ee1-bec7-6a3dbf4ed971'),
 ('124', 'Cayman Islands', 'KY', '0', '2018-01-10 04:58:07', '2018-01-10 04:58:07', '667859b4-8a0e-42d8-b3cb-a4961e2a024e'),
 ('125', 'Kazakhstan', 'KZ', '0', '2018-01-10 04:58:07', '2018-01-10 04:58:07', '68698443-522a-4349-ae3a-322f3a949a88'),
 ('126', 'Laos', 'LA', '0', '2018-01-10 04:58:07', '2018-01-10 04:58:07', '992a19cf-8e1f-41d0-a985-c3dcd333b531'),
 ('127', 'Lebanon', 'LB', '0', '2018-01-10 04:58:07', '2018-01-10 04:58:07', '36ad8a0a-901f-4720-a962-061a6eaa6ffd'),
 ('128', 'Saint Lucia', 'LC', '0', '2018-01-10 04:58:07', '2018-01-10 04:58:07', '2c801462-ae82-43af-a088-3519869e1de3'),
 ('129', 'Liechtenstein', 'LI', '0', '2018-01-10 04:58:07', '2018-01-10 04:58:07', '9288f19f-d8ec-44f0-9065-5a73bb388fd6'),
 ('130', 'Sri Lanka', 'LK', '0', '2018-01-10 04:58:07', '2018-01-10 04:58:07', '702f2986-efe0-45f0-8c4f-36e488b24f88'),
 ('131', 'Liberia', 'LR', '0', '2018-01-10 04:58:07', '2018-01-10 04:58:07', 'd2210567-f7f7-4734-a53e-bb79ef2831d7'),
 ('132', 'Lesotho', 'LS', '0', '2018-01-10 04:58:07', '2018-01-10 04:58:07', 'fe363503-6e0b-4ed9-8801-7b1ed6bbd522'),
 ('133', 'Lithuania', 'LT', '0', '2018-01-10 04:58:07', '2018-01-10 04:58:07', 'd9e59acc-3c15-435f-a79c-c2fa23631f94'),
 ('134', 'Luxembourg', 'LU', '0', '2018-01-10 04:58:07', '2018-01-10 04:58:07', 'fb20e024-d65b-4041-92cf-484f318cd61f'),
 ('135', 'Latvia', 'LV', '0', '2018-01-10 04:58:07', '2018-01-10 04:58:07', 'ae199be5-5edb-4b1c-8344-35dcc8a195df'),
 ('136', 'Libya', 'LY', '0', '2018-01-10 04:58:07', '2018-01-10 04:58:07', '3551da1c-06ef-4a88-8284-a597c69d9d1a'),
 ('137', 'Morocco', 'MA', '0', '2018-01-10 04:58:07', '2018-01-10 04:58:07', '18d0a0ac-f29a-4d4c-bda4-04544704afec'),
 ('138', 'Monaco', 'MC', '0', '2018-01-10 04:58:07', '2018-01-10 04:58:07', 'ae06587f-09f6-4951-85a2-12f67aaa1c56'),
 ('139', 'Moldova', 'MD', '0', '2018-01-10 04:58:07', '2018-01-10 04:58:07', '996030da-c860-40b0-a7a7-dd333e6ff2c6'),
 ('140', 'Montenegro', 'ME', '0', '2018-01-10 04:58:07', '2018-01-10 04:58:07', 'afc62998-2fc2-4336-ad88-f0155c381cf1'),
 ('141', 'Saint Martin (French part)', 'MF', '0', '2018-01-10 04:58:07', '2018-01-10 04:58:07', 'a1e6a903-89a7-45a2-a83b-7130e98bcf34'),
 ('142', 'Madagascar', 'MG', '0', '2018-01-10 04:58:07', '2018-01-10 04:58:07', '1e87a097-ea68-4ff9-bf2b-63b1119e05fc'),
 ('143', 'Marshall Islands', 'MH', '0', '2018-01-10 04:58:07', '2018-01-10 04:58:07', 'ad8a9afe-9a47-452b-bce1-686daf5d6617'),
 ('144', 'Macedonia', 'MK', '0', '2018-01-10 04:58:07', '2018-01-10 04:58:07', '1d1631fd-0d95-4793-b8a6-ca06f8237d04'),
 ('145', 'Mali', 'ML', '0', '2018-01-10 04:58:07', '2018-01-10 04:58:07', '9ca99181-b4df-4ead-a019-dbc42c9f777e'),
 ('146', 'Burma (Myanmar)', 'MM', '0', '2018-01-10 04:58:07', '2018-01-10 04:58:07', 'b3f17762-28f0-4000-b91c-dabc1b38692a'),
 ('147', 'Mongolia', 'MN', '0', '2018-01-10 04:58:07', '2018-01-10 04:58:07', '002ff968-c379-4fdf-87b6-98d1726b8964'),
 ('148', 'Macau', 'MO', '0', '2018-01-10 04:58:07', '2018-01-10 04:58:07', '8b5c162f-7f4a-4782-8b11-51188f3a4f87'),
 ('149', 'Northern Mariana Islands', 'MP', '0', '2018-01-10 04:58:07', '2018-01-10 04:58:07', 'aa5a5f87-bf57-4349-b4c0-e2d6d006c046'),
 ('150', 'Martinique', 'MQ', '0', '2018-01-10 04:58:07', '2018-01-10 04:58:07', '4ff8c664-5b95-422b-9105-56221d399177'),
 ('151', 'Mauritania', 'MR', '0', '2018-01-10 04:58:07', '2018-01-10 04:58:07', 'dde5086b-c78b-485e-9668-5942fb6b3b3e'),
 ('152', 'Montserrat', 'MS', '0', '2018-01-10 04:58:07', '2018-01-10 04:58:07', '766e114f-b4af-4d54-959f-392b264f93b6'),
 ('153', 'Malta', 'MT', '0', '2018-01-10 04:58:07', '2018-01-10 04:58:07', 'b1d57dc4-b0ba-4204-8055-604694090e7b'),
 ('154', 'Mauritius', 'MU', '0', '2018-01-10 04:58:07', '2018-01-10 04:58:07', '99912c56-b620-4142-9fd8-59e78ec6bfd4'),
 ('155', 'Maldives', 'MV', '0', '2018-01-10 04:58:07', '2018-01-10 04:58:07', 'b4b43872-5ce4-4235-a159-7f93d62bb49c'),
 ('156', 'Malawi', 'MW', '0', '2018-01-10 04:58:07', '2018-01-10 04:58:07', '446cf169-5609-4228-8dda-fd8132539d28'),
 ('157', 'Mexico', 'MX', '0', '2018-01-10 04:58:07', '2018-01-10 04:58:07', 'ea3a37dd-2aae-43ae-8cd7-01e01e5d5c69'),
 ('158', 'Malaysia', 'MY', '0', '2018-01-10 04:58:07', '2018-01-10 04:58:07', '00002074-2f48-41a6-854f-42f21f50185f'),
 ('159', 'Mozambique', 'MZ', '0', '2018-01-10 04:58:07', '2018-01-10 04:58:07', '07b7250e-7d40-4073-8d87-50aecbf0feba'),
 ('160', 'Namibia', 'NA', '0', '2018-01-10 04:58:07', '2018-01-10 04:58:07', 'edc173bc-56e5-4331-afbd-9d05e7569feb'),
 ('161', 'New Caledonia', 'NC', '0', '2018-01-10 04:58:07', '2018-01-10 04:58:07', '2a44261b-f932-40cf-8b5d-b5021a590bb7'),
 ('162', 'Niger', 'NE', '0', '2018-01-10 04:58:07', '2018-01-10 04:58:07', '18b0bd96-1bef-41d1-a424-479c690eb74f'),
 ('163', 'Norfolk Island', 'NF', '0', '2018-01-10 04:58:07', '2018-01-10 04:58:07', '0488e741-e7eb-437e-8251-f34a1f439037'),
 ('164', 'Nigeria', 'NG', '0', '2018-01-10 04:58:07', '2018-01-10 04:58:07', '5b1adecc-0b33-4f5d-95d1-835dc70d44a8'),
 ('165', 'Nicaragua', 'NI', '0', '2018-01-10 04:58:07', '2018-01-10 04:58:07', '0f54c743-987d-4117-aa6a-4f68b66dcc71'),
 ('166', 'Netherlands', 'NL', '0', '2018-01-10 04:58:07', '2018-01-10 04:58:07', 'f113cf9d-4597-4dac-a699-942a17b63913'),
 ('167', 'Norway', 'NO', '0', '2018-01-10 04:58:07', '2018-01-10 04:58:07', 'c7bcc18a-3507-4909-8fac-ed36f4fa6e59'),
 ('168', 'Nepal', 'NP', '0', '2018-01-10 04:58:07', '2018-01-10 04:58:07', '2142b709-6b10-492a-9d36-9b0c1803149d'),
 ('169', 'Nauru', 'NR', '0', '2018-01-10 04:58:08', '2018-01-10 04:58:08', '8cb97d9a-d672-489e-ab7b-2f5eed4a3ca5'),
 ('170', 'Niue', 'NU', '0', '2018-01-10 04:58:08', '2018-01-10 04:58:08', '24684830-6267-43ee-af62-05318008e4a9'),
 ('171', 'New Zealand', 'NZ', '0', '2018-01-10 04:58:08', '2018-01-10 04:58:08', '7e48ef22-38cf-439b-82d0-b5f35cda968a'),
 ('172', 'Oman', 'OM', '0', '2018-01-10 04:58:08', '2018-01-10 04:58:08', 'cd8bf4a3-cd44-4fc8-8469-87cb61d5e840'),
 ('173', 'Panama', 'PA', '0', '2018-01-10 04:58:08', '2018-01-10 04:58:08', '243a1fb9-0ffe-477a-9beb-14f4314631db'),
 ('174', 'Peru', 'PE', '0', '2018-01-10 04:58:08', '2018-01-10 04:58:08', '7f01a9c3-71ba-4ec4-9ce4-365da8e97ff9'),
 ('175', 'French Polynesia', 'PF', '0', '2018-01-10 04:58:08', '2018-01-10 04:58:08', 'b1c180bd-a1b6-4d16-b705-ccecd2646d7c'),
 ('176', 'Papua New Guinea', 'PG', '0', '2018-01-10 04:58:08', '2018-01-10 04:58:08', 'ffe78109-1e09-4fb9-81ac-7e3238e6cdc1'),
 ('177', 'Philippines', 'PH', '0', '2018-01-10 04:58:08', '2018-01-10 04:58:08', '4431e375-7bdd-4855-860f-9b8435226f6e'),
 ('178', 'Pakistan', 'PK', '0', '2018-01-10 04:58:08', '2018-01-10 04:58:08', '87a07b19-125e-451a-865a-85d84065f1db'),
 ('179', 'Poland', 'PL', '0', '2018-01-10 04:58:08', '2018-01-10 04:58:08', 'fbba1b48-96ac-44a7-98f6-d51e0b0940f1'),
 ('180', 'St. Pierre and Miquelon', 'PM', '0', '2018-01-10 04:58:08', '2018-01-10 04:58:08', '9f88c292-7b04-45b3-841b-58118d83c64c'),
 ('181', 'Pitcairn', 'PN', '0', '2018-01-10 04:58:08', '2018-01-10 04:58:08', 'd0f62afa-b92c-43a5-8b41-b94e14855c9f'),
 ('182', 'Puerto Rico', 'PR', '0', '2018-01-10 04:58:08', '2018-01-10 04:58:08', '99584d05-7cfc-40a5-9f8b-7a9a98c7ab73'),
 ('183', 'Palestinian Territory, Occupied', 'PS', '0', '2018-01-10 04:58:08', '2018-01-10 04:58:08', '74e613ee-779d-4914-b109-7c44b3924652'),
 ('184', 'Portugal', 'PT', '0', '2018-01-10 04:58:08', '2018-01-10 04:58:08', 'ce5ab356-87f0-40e0-8038-33d4336b6de2'),
 ('185', 'Palau', 'PW', '0', '2018-01-10 04:58:08', '2018-01-10 04:58:08', '02e69785-e8f4-4c98-871a-d973b9d01fac'),
 ('186', 'Paraguay', 'PY', '0', '2018-01-10 04:58:08', '2018-01-10 04:58:08', '94e4d0ea-d000-432c-a56c-ef433c3fee37'),
 ('187', 'Qatar', 'QA', '0', '2018-01-10 04:58:08', '2018-01-10 04:58:08', '977ce8a5-d55d-4147-ac9b-9a4567b1f764'),
 ('188', 'Reunion', 'RE', '0', '2018-01-10 04:58:08', '2018-01-10 04:58:08', 'e61b6105-2139-46a2-b29b-126fa99c8a72'),
 ('189', 'Romania', 'RO', '0', '2018-01-10 04:58:08', '2018-01-10 04:58:08', 'dd3958e1-4692-41c3-b37e-919a924b2481'),
 ('190', 'Republic of Serbia', 'RS', '0', '2018-01-10 04:58:08', '2018-01-10 04:58:08', 'a3b95a7d-f4d8-4e2f-b1f3-5a8216e907b8'),
 ('191', 'Russia', 'RU', '0', '2018-01-10 04:58:08', '2018-01-10 04:58:08', '2fec879a-51ae-4060-92ad-aa07bb372060'),
 ('192', 'Rwanda', 'RW', '0', '2018-01-10 04:58:08', '2018-01-10 04:58:08', '317b8bdb-d15c-4f23-98d9-1f5fa91c250f'),
 ('193', 'Saudi Arabia', 'SA', '0', '2018-01-10 04:58:08', '2018-01-10 04:58:08', 'bcad8b94-975d-44ec-baf1-c238f98af7d1'),
 ('194', 'Solomon Islands', 'SB', '0', '2018-01-10 04:58:08', '2018-01-10 04:58:08', '47aee2db-df9d-4d59-8c9e-ef5acda42c33'),
 ('195', 'Seychelles', 'SC', '0', '2018-01-10 04:58:08', '2018-01-10 04:58:08', '43267a2d-4ed8-47b4-aa3e-e4b4e1bae5ca'),
 ('196', 'Sudan', 'SD', '0', '2018-01-10 04:58:08', '2018-01-10 04:58:08', 'cb8671cb-25d2-48bc-b2d4-6082f2a3e7dc'),
 ('197', 'Sweden', 'SE', '0', '2018-01-10 04:58:08', '2018-01-10 04:58:08', 'c2dba918-d2f7-4be5-9728-113606717e06'),
 ('198', 'Singapore', 'SG', '0', '2018-01-10 04:58:08', '2018-01-10 04:58:08', 'a2772665-8eaa-4b3c-8f9c-d08b20989024'),
 ('199', 'St. Helena', 'SH', '0', '2018-01-10 04:58:08', '2018-01-10 04:58:08', '68af6b87-de46-4619-8e17-69e60c965d28'),
 ('200', 'Slovenia', 'SI', '0', '2018-01-10 04:58:08', '2018-01-10 04:58:08', '27b20768-7277-49ee-9d3c-b82b27d62210');
INSERT INTO `cft_commerce_countries` (`id`, `name`, `iso`, `stateRequired`, `dateCreated`, `dateUpdated`, `uid`) VALUES
 ('201', 'Svalbard and Jan Mayen Islands', 'SJ', '0', '2018-01-10 04:58:08', '2018-01-10 04:58:08', 'ff40cb3e-57d0-4448-aa80-f3fb8be2cdf4'),
 ('202', 'Slovak Republic', 'SK', '0', '2018-01-10 04:58:08', '2018-01-10 04:58:08', 'a153121e-b6ec-4e4d-979f-a78edc8ef127'),
 ('203', 'Sierra Leone', 'SL', '0', '2018-01-10 04:58:08', '2018-01-10 04:58:08', 'edb036ab-6c55-4c38-b0b0-fd868ca14f34'),
 ('204', 'San Marino', 'SM', '0', '2018-01-10 04:58:08', '2018-01-10 04:58:08', '781c74cb-8f83-4009-8a81-419331f7e84d'),
 ('205', 'Senegal', 'SN', '0', '2018-01-10 04:58:08', '2018-01-10 04:58:08', 'c66a7702-c0f9-42bb-846d-a10e80c0e84e'),
 ('206', 'Somalia', 'SO', '0', '2018-01-10 04:58:08', '2018-01-10 04:58:08', 'c0f21f7a-3044-4d01-9ab0-0c62ad401e56'),
 ('207', 'Suriname', 'SR', '0', '2018-01-10 04:58:08', '2018-01-10 04:58:08', '930479a5-1767-49b0-8ad4-9ca7e60bcced'),
 ('208', 'South Sudan', 'SS', '0', '2018-01-10 04:58:08', '2018-01-10 04:58:08', 'b12d8b24-bbff-4b3c-ac93-a1599001fe48'),
 ('209', 'Sao Tome and Principe', 'ST', '0', '2018-01-10 04:58:08', '2018-01-10 04:58:08', '94435906-bc60-41a6-b8f0-18644c51c0b8'),
 ('210', 'El Salvador', 'SV', '0', '2018-01-10 04:58:08', '2018-01-10 04:58:08', '21e6884e-a074-4543-9ba8-0308fa6560ed'),
 ('211', 'Sint Maarten (Dutch part)', 'SX', '0', '2018-01-10 04:58:08', '2018-01-10 04:58:08', '5f4e17a1-f9fc-4932-b2ff-b62149224b51'),
 ('212', 'Syria', 'SY', '0', '2018-01-10 04:58:08', '2018-01-10 04:58:08', '4cf86b4d-fd97-48a8-9440-89ac572468c5'),
 ('213', 'Swaziland', 'SZ', '0', '2018-01-10 04:58:08', '2018-01-10 04:58:08', '513cdd5f-e9fc-4019-82a8-58fee2d7ef00'),
 ('214', 'Turks and Caicos Islands', 'TC', '0', '2018-01-10 04:58:08', '2018-01-10 04:58:08', 'b9897dfc-8d6d-4255-ad10-b2868ff882a0'),
 ('215', 'Chad', 'TD', '0', '2018-01-10 04:58:08', '2018-01-10 04:58:08', 'f9222673-72bd-4286-828f-eef01688f907'),
 ('216', 'French Southern Territories', 'TF', '0', '2018-01-10 04:58:08', '2018-01-10 04:58:08', '98de69ec-9376-4cc2-9b14-0cd474c6826d'),
 ('217', 'Togo', 'TG', '0', '2018-01-10 04:58:08', '2018-01-10 04:58:08', '63149a31-dd23-4b0f-8cd1-c54c75a0fbf6'),
 ('218', 'Thailand', 'TH', '0', '2018-01-10 04:58:08', '2018-01-10 04:58:08', '5dec2d23-c612-4bd7-adab-9fce17d348b4'),
 ('219', 'Tajikistan', 'TJ', '0', '2018-01-10 04:58:08', '2018-01-10 04:58:08', '3cfb9a50-093a-4381-81f1-d6fdab3a03fc'),
 ('220', 'Tokelau', 'TK', '0', '2018-01-10 04:58:08', '2018-01-10 04:58:08', 'c07d9002-d1e6-4411-95e6-5358780071a3'),
 ('221', 'Timor-Leste', 'TL', '0', '2018-01-10 04:58:08', '2018-01-10 04:58:08', 'dda70697-fae1-4c32-b527-115f3c07edce'),
 ('222', 'Turkmenistan', 'TM', '0', '2018-01-10 04:58:08', '2018-01-10 04:58:08', 'd9a82d7a-91ed-447d-95f9-d09e09cfaf2b'),
 ('223', 'Tunisia', 'TN', '0', '2018-01-10 04:58:08', '2018-01-10 04:58:08', '53ddd186-d66a-4f0c-9e22-91953ab6c0e5'),
 ('224', 'Tonga', 'TO', '0', '2018-01-10 04:58:08', '2018-01-10 04:58:08', 'ab0990f2-6e5b-4759-8447-52a88e2dc143'),
 ('225', 'Turkey', 'TR', '0', '2018-01-10 04:58:08', '2018-01-10 04:58:08', '9ea348b8-e751-46c2-bd3a-f39b0e7620f6'),
 ('226', 'Trinidad and Tobago', 'TT', '0', '2018-01-10 04:58:08', '2018-01-10 04:58:08', '2ef1558a-2d9f-46b9-b6f1-61ad2182fc54'),
 ('227', 'Tuvalu', 'TV', '0', '2018-01-10 04:58:08', '2018-01-10 04:58:08', 'c6829498-7aa7-439f-8a1c-23d5c384c176'),
 ('228', 'Taiwan', 'TW', '0', '2018-01-10 04:58:08', '2018-01-10 04:58:08', 'f499203b-82a4-4889-a9b4-b04dc6c541f5'),
 ('229', 'Tanzania', 'TZ', '0', '2018-01-10 04:58:08', '2018-01-10 04:58:08', 'ba9b4499-5d89-4540-a1a0-008aa757f0a8'),
 ('230', 'Ukraine', 'UA', '0', '2018-01-10 04:58:08', '2018-01-10 04:58:08', '57980df7-2691-4b05-bbec-54717573ca3b'),
 ('231', 'Uganda', 'UG', '0', '2018-01-10 04:58:08', '2018-01-10 04:58:08', '86a106c4-716b-474a-9a10-1592940b5bed'),
 ('232', 'United States Minor Outlying Islands', 'UM', '0', '2018-01-10 04:58:08', '2018-01-10 04:58:08', '208fc8f2-77bb-442d-a531-fb3f15cc59a1'),
 ('233', 'United States', 'US', '0', '2018-01-10 04:58:08', '2018-01-10 04:58:08', '08bc0966-1376-4021-8386-f60a370fbd70'),
 ('234', 'Uruguay', 'UY', '0', '2018-01-10 04:58:08', '2018-01-10 04:58:08', 'c1c3f429-1555-44d5-be05-da64eeccd57e'),
 ('235', 'Uzbekistan', 'UZ', '0', '2018-01-10 04:58:08', '2018-01-10 04:58:08', '615d50d9-fce2-402f-a62a-d99541713962'),
 ('236', 'Vatican City State (Holy See)', 'VA', '0', '2018-01-10 04:58:08', '2018-01-10 04:58:08', '9a282608-4b8f-4618-adb5-0b253baa9241'),
 ('237', 'Saint Vincent and the Grenadines', 'VC', '0', '2018-01-10 04:58:08', '2018-01-10 04:58:08', '5f0eacba-a6f0-4880-a447-6753a96be263'),
 ('238', 'Venezuela', 'VE', '0', '2018-01-10 04:58:08', '2018-01-10 04:58:08', 'c155e824-fd7c-4c6b-a156-c691a9138ecc'),
 ('239', 'Virgin Islands (British)', 'VG', '0', '2018-01-10 04:58:08', '2018-01-10 04:58:08', '7acbc795-38dc-4ff7-b840-fb711a84be28'),
 ('240', 'Virgin Islands (U.S.)', 'VI', '0', '2018-01-10 04:58:08', '2018-01-10 04:58:08', '7cd6470d-3b19-4fd8-bfbe-73b49b3df0a6'),
 ('241', 'Viet Nam', 'VN', '0', '2018-01-10 04:58:08', '2018-01-10 04:58:08', '55c1f0dd-21a4-4a0a-8eb9-553f9d0b7643'),
 ('242', 'Vanuatu', 'VU', '0', '2018-01-10 04:58:08', '2018-01-10 04:58:08', '3e52748f-4d70-442e-acbc-560a9a6eb70e'),
 ('243', 'Wallis and Futuna Islands', 'WF', '0', '2018-01-10 04:58:08', '2018-01-10 04:58:08', '1a156807-5a31-4bc2-8152-ad416a1ee4a0'),
 ('244', 'Samoa', 'WS', '0', '2018-01-10 04:58:08', '2018-01-10 04:58:08', '7a93cbe3-2c9d-429f-9b8e-6decc5eb72b2'),
 ('245', 'Yemen', 'YE', '0', '2018-01-10 04:58:08', '2018-01-10 04:58:08', 'f6332b23-4329-4278-bbb1-8cedcd5d4017'),
 ('246', 'Mayotte', 'YT', '0', '2018-01-10 04:58:08', '2018-01-10 04:58:08', '1f3a5805-6919-42fb-b89a-b538781d2d68'),
 ('247', 'South Africa', 'ZA', '0', '2018-01-10 04:58:08', '2018-01-10 04:58:08', '6c151a02-bcb7-443e-bfe8-20bf27e1f204'),
 ('248', 'Zambia', 'ZM', '0', '2018-01-10 04:58:08', '2018-01-10 04:58:08', 'cb87049b-13d5-4879-a6dd-4d05837ef57c'),
 ('249', 'Zimbabwe', 'ZW', '0', '2018-01-10 04:58:08', '2018-01-10 04:58:08', '491ad1dc-48ef-4266-8843-cb1bbe54b8bd');



DROP TABLE IF EXISTS `cft_commerce_customer_discountuses`;


--
-- Schema for table `cft_commerce_customer_discountuses`
--
CREATE TABLE `cft_commerce_customer_discountuses` (
  `id` int(11) NOT NULL AUTO_INCREMENT,
  `discountId` int(11) NOT NULL,
  `customerId` int(11) NOT NULL,
  `uses` int(10) unsigned NOT NULL,
  `dateCreated` datetime NOT NULL,
  `dateUpdated` datetime NOT NULL,
  `uid` char(36) COLLATE utf8_unicode_ci NOT NULL DEFAULT '0',
  PRIMARY KEY (`id`),
  UNIQUE KEY `cft_commerce_customer_discountuses_customerId_discountId_unq_idx` (`customerId`,`discountId`),
  KEY `cft_commerce_customer_discountuses_discountId_fk` (`discountId`)
) ENGINE=InnoDB DEFAULT CHARSET=utf8 COLLATE=utf8_unicode_ci;

DROP TABLE IF EXISTS `cft_commerce_customers`;


--
-- Schema for table `cft_commerce_customers`
--
CREATE TABLE `cft_commerce_customers` (
  `id` int(11) NOT NULL AUTO_INCREMENT,
  `userId` int(11) DEFAULT NULL,
  `lastUsedBillingAddressId` int(11) DEFAULT NULL,
  `lastUsedShippingAddressId` int(11) DEFAULT NULL,
  `dateCreated` datetime NOT NULL,
  `dateUpdated` datetime NOT NULL,
  `uid` char(36) COLLATE utf8_unicode_ci NOT NULL DEFAULT '0',
  PRIMARY KEY (`id`),
  KEY `cft_commerce_customers_userId_fk` (`userId`)
) ENGINE=InnoDB AUTO_INCREMENT=25 DEFAULT CHARSET=utf8 COLLATE=utf8_unicode_ci;

--
-- Data for table `cft_commerce_customers`
--

INSERT INTO `cft_commerce_customers` (`id`, `userId`, `lastUsedBillingAddressId`, `lastUsedShippingAddressId`, `dateCreated`, `dateUpdated`, `uid`) VALUES
 ('1', '1', '1', '1', '2018-01-11 01:11:57', '2018-01-11 01:13:38', 'e6eeec5b-b517-4f37-9212-b6c00882a37b'),
 ('2', NULL, NULL, NULL, '2018-01-11 04:22:32', '2018-01-11 04:22:32', 'd0a1c28b-a61c-454a-9310-7ace579e971b'),
 ('3', NULL, NULL, NULL, '2018-01-14 21:38:52', '2018-01-14 21:38:52', '4edcdb52-2e11-4be9-8781-07e2b47314b2'),
 ('4', NULL, NULL, NULL, '2018-01-18 01:05:03', '2018-01-18 01:05:03', '8eb0224a-28fc-48e4-bd30-3d3b33476dc2'),
 ('5', NULL, NULL, NULL, '2018-01-18 01:50:00', '2018-01-18 01:50:00', '35144e50-f1d8-439a-a52c-f5f5fab47d22'),
 ('6', NULL, NULL, NULL, '2018-01-18 01:53:06', '2018-01-18 01:53:06', '7132e2c3-7995-48c8-bfd7-847e0071c571'),
 ('7', NULL, NULL, NULL, '2018-01-18 01:53:08', '2018-01-18 01:53:08', '65d0d9e7-b4f8-4517-bbb5-abfc787a6339'),
 ('8', NULL, NULL, NULL, '2018-01-18 01:53:49', '2018-01-18 01:53:49', '6451cbd9-e6af-4428-8246-a98e29382b3e'),
 ('9', NULL, NULL, NULL, '2018-01-21 21:39:40', '2018-01-21 21:39:40', 'ef28d590-6aad-4d41-b993-7412574074ee'),
 ('10', NULL, NULL, NULL, '2018-01-23 23:14:47', '2018-01-23 23:14:47', '434bf82f-cfd9-4d41-8ad0-424dce3a7916'),
 ('11', NULL, NULL, NULL, '2018-01-23 23:53:01', '2018-01-23 23:53:01', 'f462840e-8ad3-4866-a167-a8492a3f35f4'),
 ('12', NULL, NULL, NULL, '2018-01-24 00:00:27', '2018-01-24 00:00:27', '0e9381cd-a476-4d15-ab33-30d1432ad004'),
 ('13', NULL, NULL, NULL, '2018-01-24 00:40:01', '2018-01-24 00:40:01', '885bbbfd-5de3-4d76-b751-597c8ade6b12'),
 ('14', NULL, NULL, NULL, '2018-01-25 05:00:42', '2018-01-25 05:00:42', 'cf7b2128-3a3d-424e-b133-cb949d016930'),
 ('15', NULL, NULL, NULL, '2018-01-31 03:10:24', '2018-01-31 03:10:24', '4098c976-1e39-4e27-aee6-be4fa47800d1'),
 ('16', NULL, NULL, NULL, '2018-02-04 22:35:51', '2018-02-04 22:35:51', '88be1c67-9fef-40e9-91ca-36a157a63caf'),
 ('17', NULL, NULL, NULL, '2018-02-05 03:42:48', '2018-02-05 03:42:48', '04a06376-3906-467e-90ab-e6f34a457c57'),
 ('18', NULL, NULL, NULL, '2018-02-06 23:24:20', '2018-02-06 23:24:20', '4e7a751a-c489-4d34-b38d-cd4996fa8c56'),
 ('19', NULL, NULL, NULL, '2018-02-09 01:09:13', '2018-02-09 01:09:13', 'e71a2853-5f53-46f5-b7e4-9cc47b419323'),
 ('20', NULL, NULL, NULL, '2018-02-12 21:51:15', '2018-02-12 21:51:15', '74868543-68ca-4270-81b8-f1dfe1a794d5'),
 ('21', '69', NULL, NULL, '2018-02-13 03:49:25', '2018-02-13 03:49:25', 'a654f3ff-e284-4167-bf05-97db1cd47c8d'),
 ('22', NULL, NULL, NULL, '2018-02-14 00:01:54', '2018-02-14 00:01:54', 'c79e9343-ef8f-45dc-b5d5-bba649912120'),
 ('23', '74', NULL, NULL, '2018-02-14 00:29:42', '2018-02-14 00:29:42', '166acf97-f812-4f3c-9688-8386f206d75b'),
 ('24', NULL, NULL, NULL, '2018-02-14 03:27:05', '2018-02-14 03:27:05', '9dec8048-1a27-4c68-bd85-454d7f1de4bd');



DROP TABLE IF EXISTS `cft_commerce_customers_addresses`;


--
-- Schema for table `cft_commerce_customers_addresses`
--
CREATE TABLE `cft_commerce_customers_addresses` (
  `id` int(11) NOT NULL AUTO_INCREMENT,
  `customerId` int(11) NOT NULL,
  `addressId` int(11) NOT NULL,
  `dateCreated` datetime NOT NULL,
  `dateUpdated` datetime NOT NULL,
  `uid` char(36) COLLATE utf8_unicode_ci NOT NULL DEFAULT '0',
  PRIMARY KEY (`id`),
  UNIQUE KEY `cft_commerce_customers_addresses_customerId_addressId_unq_idx` (`customerId`,`addressId`),
  KEY `cft_commerce_customers_addresses_customerId_idx` (`customerId`),
  KEY `cft_commerce_customers_addresses_addressId_idx` (`addressId`)
) ENGINE=InnoDB AUTO_INCREMENT=2 DEFAULT CHARSET=utf8 COLLATE=utf8_unicode_ci;

--
-- Data for table `cft_commerce_customers_addresses`
--

INSERT INTO `cft_commerce_customers_addresses` (`id`, `customerId`, `addressId`, `dateCreated`, `dateUpdated`, `uid`) VALUES
 ('1', '1', '4', '2018-02-13 02:08:28', '2018-02-13 02:08:28', 'cfd6a162-03e5-4939-9250-7d39fbf5039e');



DROP TABLE IF EXISTS `cft_commerce_discount_products`;


--
-- Schema for table `cft_commerce_discount_products`
--
CREATE TABLE `cft_commerce_discount_products` (
  `id` int(11) NOT NULL AUTO_INCREMENT,
  `discountId` int(11) NOT NULL,
  `productId` int(11) NOT NULL,
  `dateCreated` datetime NOT NULL,
  `dateUpdated` datetime NOT NULL,
  `uid` char(36) COLLATE utf8_unicode_ci NOT NULL DEFAULT '0',
  PRIMARY KEY (`id`),
  UNIQUE KEY `cft_commerce_discount_products_discountId_productId_unq_idx` (`discountId`,`productId`),
  KEY `cft_commerce_discount_products_productId_fk` (`productId`)
) ENGINE=InnoDB DEFAULT CHARSET=utf8 COLLATE=utf8_unicode_ci;

DROP TABLE IF EXISTS `cft_commerce_discount_producttypes`;


--
-- Schema for table `cft_commerce_discount_producttypes`
--
CREATE TABLE `cft_commerce_discount_producttypes` (
  `id` int(11) NOT NULL AUTO_INCREMENT,
  `discountId` int(11) NOT NULL,
  `productTypeId` int(11) NOT NULL,
  `dateCreated` datetime NOT NULL,
  `dateUpdated` datetime NOT NULL,
  `uid` char(36) COLLATE utf8_unicode_ci NOT NULL DEFAULT '0',
  PRIMARY KEY (`id`),
  UNIQUE KEY `cft_commerce_discount_producttype_discountId_productTypeI_unq_id` (`discountId`,`productTypeId`),
  KEY `cft_commerce_discount_producttypes_productTypeId_fk` (`productTypeId`)
) ENGINE=InnoDB DEFAULT CHARSET=utf8 COLLATE=utf8_unicode_ci;

DROP TABLE IF EXISTS `cft_commerce_discount_usergroups`;


--
-- Schema for table `cft_commerce_discount_usergroups`
--
CREATE TABLE `cft_commerce_discount_usergroups` (
  `id` int(11) NOT NULL AUTO_INCREMENT,
  `discountId` int(11) NOT NULL,
  `userGroupId` int(11) NOT NULL,
  `dateCreated` datetime NOT NULL,
  `dateUpdated` datetime NOT NULL,
  `uid` char(36) COLLATE utf8_unicode_ci NOT NULL DEFAULT '0',
  PRIMARY KEY (`id`),
  UNIQUE KEY `cft_commerce_discount_usergroups_discountId_userGroupId_unq_idx` (`discountId`,`userGroupId`),
  KEY `cft_commerce_discount_usergroups_userGroupId_fk` (`userGroupId`)
) ENGINE=InnoDB DEFAULT CHARSET=utf8 COLLATE=utf8_unicode_ci;

DROP TABLE IF EXISTS `cft_commerce_discounts`;


--
-- Schema for table `cft_commerce_discounts`
--
CREATE TABLE `cft_commerce_discounts` (
  `id` int(11) NOT NULL AUTO_INCREMENT,
  `name` varchar(255) COLLATE utf8_unicode_ci NOT NULL,
  `description` text COLLATE utf8_unicode_ci,
  `code` varchar(255) COLLATE utf8_unicode_ci DEFAULT NULL,
  `perUserLimit` int(10) unsigned NOT NULL DEFAULT '0',
  `perEmailLimit` int(10) unsigned NOT NULL DEFAULT '0',
  `totalUseLimit` int(10) unsigned NOT NULL DEFAULT '0',
  `totalUses` int(10) unsigned NOT NULL DEFAULT '0',
  `dateFrom` datetime DEFAULT NULL,
  `dateTo` datetime DEFAULT NULL,
  `purchaseTotal` int(11) NOT NULL DEFAULT '0',
  `purchaseQty` int(11) NOT NULL DEFAULT '0',
  `maxPurchaseQty` int(11) NOT NULL DEFAULT '0',
  `baseDiscount` decimal(15,4) NOT NULL DEFAULT '0.0000',
  `perItemDiscount` decimal(15,4) NOT NULL DEFAULT '0.0000',
  `percentDiscount` decimal(15,4) NOT NULL DEFAULT '0.0000',
  `percentageOffSubject` enum('original','discounted') COLLATE utf8_unicode_ci NOT NULL DEFAULT 'discounted',
  `excludeOnSale` tinyint(1) unsigned NOT NULL DEFAULT '0',
  `freeShipping` tinyint(1) unsigned NOT NULL DEFAULT '0',
  `allGroups` tinyint(1) unsigned NOT NULL DEFAULT '0',
  `allProducts` tinyint(1) unsigned NOT NULL DEFAULT '0',
  `allProductTypes` tinyint(1) unsigned NOT NULL DEFAULT '0',
  `enabled` tinyint(1) unsigned NOT NULL DEFAULT '1',
  `stopProcessing` tinyint(1) unsigned NOT NULL DEFAULT '0',
  `sortOrder` int(11) DEFAULT NULL,
  `dateCreated` datetime NOT NULL,
  `dateUpdated` datetime NOT NULL,
  `uid` char(36) COLLATE utf8_unicode_ci NOT NULL DEFAULT '0',
  PRIMARY KEY (`id`),
  UNIQUE KEY `cft_commerce_discounts_code_unq_idx` (`code`),
  KEY `cft_commerce_discounts_dateFrom_idx` (`dateFrom`),
  KEY `cft_commerce_discounts_dateTo_idx` (`dateTo`)
) ENGINE=InnoDB DEFAULT CHARSET=utf8 COLLATE=utf8_unicode_ci;

DROP TABLE IF EXISTS `cft_commerce_emails`;


--
-- Schema for table `cft_commerce_emails`
--
CREATE TABLE `cft_commerce_emails` (
  `id` int(11) NOT NULL AUTO_INCREMENT,
  `name` varchar(255) COLLATE utf8_unicode_ci NOT NULL,
  `subject` varchar(255) COLLATE utf8_unicode_ci NOT NULL,
  `recipientType` enum('customer','custom') COLLATE utf8_unicode_ci DEFAULT 'custom',
  `to` varchar(255) COLLATE utf8_unicode_ci DEFAULT NULL,
  `bcc` varchar(255) COLLATE utf8_unicode_ci DEFAULT NULL,
  `enabled` tinyint(1) unsigned NOT NULL DEFAULT '0',
  `templatePath` varchar(255) COLLATE utf8_unicode_ci NOT NULL,
  `dateCreated` datetime NOT NULL,
  `dateUpdated` datetime NOT NULL,
  `uid` char(36) COLLATE utf8_unicode_ci NOT NULL DEFAULT '0',
  PRIMARY KEY (`id`)
) ENGINE=InnoDB DEFAULT CHARSET=utf8 COLLATE=utf8_unicode_ci;

DROP TABLE IF EXISTS `cft_commerce_lineitems`;


--
-- Schema for table `cft_commerce_lineitems`
--
CREATE TABLE `cft_commerce_lineitems` (
  `id` int(11) NOT NULL AUTO_INCREMENT,
  `orderId` int(11) NOT NULL,
  `purchasableId` int(11) DEFAULT NULL,
  `options` text COLLATE utf8_unicode_ci,
  `optionsSignature` varchar(255) COLLATE utf8_unicode_ci NOT NULL,
  `price` decimal(14,4) unsigned NOT NULL,
  `saleAmount` decimal(15,4) NOT NULL DEFAULT '0.0000',
  `salePrice` decimal(15,4) NOT NULL DEFAULT '0.0000',
  `tax` decimal(15,4) NOT NULL DEFAULT '0.0000',
  `taxIncluded` decimal(15,4) NOT NULL DEFAULT '0.0000',
  `shippingCost` decimal(14,4) unsigned NOT NULL DEFAULT '0.0000',
  `discount` decimal(15,4) NOT NULL DEFAULT '0.0000',
  `weight` decimal(14,4) unsigned NOT NULL DEFAULT '0.0000',
  `height` decimal(14,4) unsigned NOT NULL DEFAULT '0.0000',
  `length` decimal(14,4) unsigned NOT NULL DEFAULT '0.0000',
  `width` decimal(14,4) unsigned NOT NULL DEFAULT '0.0000',
  `total` decimal(14,4) unsigned NOT NULL DEFAULT '0.0000',
  `qty` int(10) unsigned NOT NULL,
  `note` text COLLATE utf8_unicode_ci,
  `snapshot` text COLLATE utf8_unicode_ci NOT NULL,
  `taxCategoryId` int(11) NOT NULL,
  `shippingCategoryId` int(11) NOT NULL,
  `dateCreated` datetime NOT NULL,
  `dateUpdated` datetime NOT NULL,
  `uid` char(36) COLLATE utf8_unicode_ci NOT NULL DEFAULT '0',
  PRIMARY KEY (`id`),
  UNIQUE KEY `cft_commerc_lineitem_orderI_purchasableI_optionsSignatur_unq_idx` (`orderId`,`purchasableId`,`optionsSignature`),
  KEY `cft_commerce_lineitems_purchasableId_fk` (`purchasableId`),
  KEY `cft_commerce_lineitems_taxCategoryId_fk` (`taxCategoryId`),
  KEY `cft_commerce_lineitems_shippingCategoryId_fk` (`shippingCategoryId`)
) ENGINE=InnoDB AUTO_INCREMENT=48 DEFAULT CHARSET=utf8 COLLATE=utf8_unicode_ci;

--
-- Data for table `cft_commerce_lineitems`
--

INSERT INTO `cft_commerce_lineitems` (`id`, `orderId`, `purchasableId`, `options`, `optionsSignature`, `price`, `saleAmount`, `salePrice`, `tax`, `taxIncluded`, `shippingCost`, `discount`, `weight`, `height`, `length`, `width`, `total`, `qty`, `note`, `snapshot`, `taxCategoryId`, `shippingCategoryId`, `dateCreated`, `dateUpdated`, `uid`) VALUES
 ('1', '20', '13', '{\"giftWrapped\":\"no\"}', '3e4afd673bf6ab55b4118b13d600b211', '20.0000', '0.0000', '20.0000', '0.0000', '0.0000', '0.0000', '0.0000', '0.0000', '0.0000', '0.0000', '0.0000', '20.0000', '1', NULL, '{\"id\":\"13\",\"enabled\":\"1\",\"archived\":\"0\",\"locale\":\"en_au\",\"localeEnabled\":\"1\",\"slug\":\"parka-with-stripes-on-back\",\"uri\":null,\"dateCreated\":\"2018-01-10 04:58:07\",\"dateUpdated\":\"2018-01-10 04:58:07\",\"root\":null,\"lft\":null,\"rgt\":null,\"level\":null,\"searchScore\":null,\"productId\":\"12\",\"isDefault\":\"1\",\"sku\":\"Parka with Stripes on Back\",\"price\":\"20.0000\",\"sortOrder\":null,\"width\":\"0.0000\",\"height\":\"0.0000\",\"length\":\"0.0000\",\"weight\":\"0.0000\",\"stock\":\"0\",\"unlimitedStock\":\"1\",\"minQty\":null,\"maxQty\":null,\"onSale\":0,\"cpEditUrl\":\"#\",\"product\":{\"id\":\"12\",\"enabled\":\"1\",\"archived\":\"0\",\"locale\":\"en_au\",\"localeEnabled\":\"1\",\"slug\":\"parka-with-stripes-on-back\",\"uri\":\"shop\\/products\\/parka-with-stripes-on-back\",\"dateCreated\":\"2018-01-10 04:58:07\",\"dateUpdated\":\"2018-01-10 04:58:07\",\"root\":null,\"lft\":null,\"rgt\":null,\"level\":null,\"searchScore\":null,\"typeId\":\"1\",\"taxCategoryId\":\"1\",\"shippingCategoryId\":\"1\",\"promotable\":\"1\",\"freeShipping\":\"0\",\"postDate\":\"2018-01-10 04:58:07\",\"expiryDate\":null,\"defaultVariantId\":\"13\",\"defaultSku\":\"Parka with Stripes on Back\",\"defaultPrice\":\"20.0000\",\"defaultHeight\":\"0.0000\",\"defaultLength\":\"0.0000\",\"defaultWidth\":\"0.0000\",\"defaultWeight\":\"0.0000\",\"title\":\"Parka with Stripes on Back\"},\"description\":\"Parka with Stripes on Back\",\"purchasableId\":\"13\",\"options\":{\"giftWrapped\":\"no\"}}', '1', '1', '2018-01-11 01:11:57', '2018-01-11 01:13:38', 'ea2898d2-faf3-4401-9c8c-abb2ee6ee0fb'),
 ('4', '26', '11', '{\"giftWrapped\":\"no\"}', '3e4afd673bf6ab55b4118b13d600b211', '10.0000', '-5.0000', '5.0000', '0.0000', '0.0000', '0.0000', '0.0000', '0.0000', '0.0000', '0.0000', '0.0000', '5.0000', '1', NULL, '{\"id\":\"11\",\"enabled\":\"1\",\"archived\":\"0\",\"locale\":\"en_au\",\"localeEnabled\":\"1\",\"slug\":\"a-new-toga\",\"uri\":null,\"dateCreated\":\"2018-01-10 04:58:06\",\"dateUpdated\":\"2018-01-16 23:35:14\",\"root\":null,\"lft\":null,\"rgt\":null,\"level\":null,\"searchScore\":null,\"productId\":\"10\",\"isDefault\":\"1\",\"sku\":\"A New Toga\",\"price\":\"10.0000\",\"sortOrder\":\"1\",\"width\":\"0.0000\",\"height\":\"0.0000\",\"length\":\"0.0000\",\"weight\":\"0.0000\",\"stock\":\"0\",\"unlimitedStock\":\"1\",\"minQty\":null,\"maxQty\":null,\"onSale\":1,\"cpEditUrl\":\"#\",\"product\":{\"id\":\"10\",\"enabled\":\"1\",\"archived\":\"0\",\"locale\":\"en_au\",\"localeEnabled\":\"1\",\"slug\":\"a-new-toga\",\"uri\":\"shop\\/products\\/a-new-toga\",\"dateCreated\":\"2018-01-10 04:58:06\",\"dateUpdated\":\"2018-01-17 00:05:20\",\"root\":null,\"lft\":null,\"rgt\":null,\"level\":null,\"searchScore\":null,\"typeId\":\"1\",\"taxCategoryId\":\"1\",\"shippingCategoryId\":\"1\",\"promotable\":\"1\",\"freeShipping\":\"0\",\"postDate\":\"2018-01-10 04:58:00\",\"expiryDate\":null,\"defaultVariantId\":\"11\",\"defaultSku\":\"A New Toga\",\"defaultPrice\":\"10.0000\",\"defaultHeight\":\"0.0000\",\"defaultLength\":\"0.0000\",\"defaultWidth\":\"0.0000\",\"defaultWeight\":\"0.0000\",\"title\":\"A New Toga\"},\"description\":\"A New Toga\",\"purchasableId\":\"11\",\"options\":{\"giftWrapped\":\"no\"}}', '1', '1', '2018-01-16 22:50:28', '2018-01-21 23:20:34', 'db261e71-cf85-480d-acb9-cd5373548946'),
 ('7', '64', '63', '{\"giftWrapped\":\"no\"}', '3e4afd673bf6ab55b4118b13d600b211', '200.0000', '0.0000', '200.0000', '0.0000', '0.0000', '0.0000', '0.0000', '0.0000', '0.0000', '0.0000', '0.0000', '200.0000', '1', NULL, '{\"id\":\"63\",\"enabled\":\"1\",\"archived\":\"0\",\"locale\":\"en_au\",\"localeEnabled\":\"1\",\"slug\":\"dog-toy\",\"uri\":null,\"dateCreated\":\"2018-01-23 04:57:06\",\"dateUpdated\":\"2018-01-23 04:57:06\",\"root\":null,\"lft\":null,\"rgt\":null,\"level\":null,\"searchScore\":null,\"productId\":\"62\",\"isDefault\":\"1\",\"sku\":\"dog-toy\",\"price\":\"200.0000\",\"sortOrder\":\"1\",\"width\":\"0.0000\",\"height\":\"0.0000\",\"length\":\"0.0000\",\"weight\":\"0.0000\",\"stock\":\"0\",\"unlimitedStock\":\"1\",\"minQty\":null,\"maxQty\":null,\"onSale\":0,\"cpEditUrl\":\"#\",\"product\":{\"id\":\"62\",\"enabled\":\"1\",\"archived\":\"0\",\"locale\":\"en_au\",\"localeEnabled\":\"1\",\"slug\":\"dog-toy\",\"uri\":\"product-list\\/dog-toy\",\"dateCreated\":\"2018-01-23 04:57:06\",\"dateUpdated\":\"2018-01-23 04:57:06\",\"root\":null,\"lft\":null,\"rgt\":null,\"level\":null,\"searchScore\":null,\"typeId\":\"3\",\"taxCategoryId\":\"1\",\"shippingCategoryId\":\"1\",\"promotable\":\"1\",\"freeShipping\":\"0\",\"postDate\":\"2018-01-23 04:57:06\",\"expiryDate\":null,\"defaultVariantId\":\"63\",\"defaultSku\":\"dog-toy\",\"defaultPrice\":\"200.0000\",\"defaultHeight\":\"0.0000\",\"defaultLength\":\"0.0000\",\"defaultWidth\":\"0.0000\",\"defaultWeight\":\"0.0000\",\"title\":\"Dog Toy\"},\"description\":\"Dog Toy\",\"purchasableId\":\"63\",\"options\":{\"giftWrapped\":\"no\"}}', '1', '1', '2018-01-23 23:53:23', '2018-01-24 00:50:38', '51249322-7f0f-4704-b87c-5764b2aca3ec'),
 ('8', '67', '63', '{\"giftWrapped\":\"yes\"}', '6fc05d1db9b067d8149867a9528ba6b9', '200.0000', '0.0000', '200.0000', '0.0000', '0.0000', '0.0000', '0.0000', '0.0000', '0.0000', '0.0000', '0.0000', '200.0000', '1', NULL, '{\"id\":\"63\",\"enabled\":\"1\",\"archived\":\"0\",\"locale\":\"en_au\",\"localeEnabled\":\"1\",\"slug\":\"dog-toy\",\"uri\":null,\"dateCreated\":\"2018-01-23 04:57:06\",\"dateUpdated\":\"2018-01-23 04:57:06\",\"root\":null,\"lft\":null,\"rgt\":null,\"level\":null,\"searchScore\":null,\"productId\":\"62\",\"isDefault\":\"1\",\"sku\":\"dog-toy\",\"price\":\"200.0000\",\"sortOrder\":\"1\",\"width\":\"0.0000\",\"height\":\"0.0000\",\"length\":\"0.0000\",\"weight\":\"0.0000\",\"stock\":\"0\",\"unlimitedStock\":\"1\",\"minQty\":null,\"maxQty\":null,\"onSale\":0,\"cpEditUrl\":\"#\",\"product\":{\"id\":\"62\",\"enabled\":\"1\",\"archived\":\"0\",\"locale\":\"en_au\",\"localeEnabled\":\"1\",\"slug\":\"dog-toy\",\"uri\":\"product-list\\/dog-toy\",\"dateCreated\":\"2018-01-23 04:57:06\",\"dateUpdated\":\"2018-01-23 04:57:06\",\"root\":null,\"lft\":null,\"rgt\":null,\"level\":null,\"searchScore\":null,\"typeId\":\"3\",\"taxCategoryId\":\"1\",\"shippingCategoryId\":\"1\",\"promotable\":\"1\",\"freeShipping\":\"0\",\"postDate\":\"2018-01-23 04:57:06\",\"expiryDate\":null,\"defaultVariantId\":\"63\",\"defaultSku\":\"dog-toy\",\"defaultPrice\":\"200.0000\",\"defaultHeight\":\"0.0000\",\"defaultLength\":\"0.0000\",\"defaultWidth\":\"0.0000\",\"defaultWeight\":\"0.0000\",\"title\":\"Dog Toy\"},\"description\":\"Dog Toy\",\"purchasableId\":\"63\",\"options\":{\"giftWrapped\":\"yes\"}}', '1', '1', '2018-01-24 01:24:23', '2018-01-24 05:43:21', 'ead035bc-d328-4ccc-902c-8ec100eaaf7a'),
 ('10', '67', '63', '{\"giftWrapped\":\"no\"}', '3e4afd673bf6ab55b4118b13d600b211', '200.0000', '0.0000', '200.0000', '0.0000', '0.0000', '0.0000', '0.0000', '0.0000', '0.0000', '0.0000', '0.0000', '200.0000', '1', NULL, '{\"id\":\"63\",\"enabled\":\"1\",\"archived\":\"0\",\"locale\":\"en_au\",\"localeEnabled\":\"1\",\"slug\":\"dog-toy\",\"uri\":null,\"dateCreated\":\"2018-01-23 04:57:06\",\"dateUpdated\":\"2018-01-23 04:57:06\",\"root\":null,\"lft\":null,\"rgt\":null,\"level\":null,\"searchScore\":null,\"productId\":\"62\",\"isDefault\":\"1\",\"sku\":\"dog-toy\",\"price\":\"200.0000\",\"sortOrder\":\"1\",\"width\":\"0.0000\",\"height\":\"0.0000\",\"length\":\"0.0000\",\"weight\":\"0.0000\",\"stock\":\"0\",\"unlimitedStock\":\"1\",\"minQty\":null,\"maxQty\":null,\"onSale\":0,\"cpEditUrl\":\"#\",\"product\":{\"id\":\"62\",\"enabled\":\"1\",\"archived\":\"0\",\"locale\":\"en_au\",\"localeEnabled\":\"1\",\"slug\":\"dog-toy\",\"uri\":\"product-list\\/dog-toy\",\"dateCreated\":\"2018-01-23 04:57:06\",\"dateUpdated\":\"2018-01-23 04:57:06\",\"root\":null,\"lft\":null,\"rgt\":null,\"level\":null,\"searchScore\":null,\"typeId\":\"3\",\"taxCategoryId\":\"1\",\"shippingCategoryId\":\"1\",\"promotable\":\"1\",\"freeShipping\":\"0\",\"postDate\":\"2018-01-23 04:57:06\",\"expiryDate\":null,\"defaultVariantId\":\"63\",\"defaultSku\":\"dog-toy\",\"defaultPrice\":\"200.0000\",\"defaultHeight\":\"0.0000\",\"defaultLength\":\"0.0000\",\"defaultWidth\":\"0.0000\",\"defaultWeight\":\"0.0000\",\"title\":\"Dog Toy\"},\"description\":\"Dog Toy\",\"purchasableId\":\"63\",\"options\":{\"giftWrapped\":\"no\"}}', '1', '1', '2018-01-24 05:43:21', '2018-01-24 05:43:21', 'e6cffc68-3f70-4d5d-bd35-69887d634cb6'),
 ('39', '68', '59', '{\"imgUrl\":\"http:\\/\\/craft.test\\/assets\\/img\\/cats-1.jpg \"}', 'f24c790dc457b48eb7591d69344063d4', '200.0000', '0.0000', '200.0000', '0.0000', '0.0000', '0.0000', '0.0000', '0.0000', '0.0000', '0.0000', '0.0000', '200.0000', '1', NULL, '{\"id\":\"59\",\"enabled\":\"1\",\"archived\":\"0\",\"locale\":\"en_au\",\"localeEnabled\":\"1\",\"slug\":\"cat-food\",\"uri\":null,\"dateCreated\":\"2018-01-23 03:21:21\",\"dateUpdated\":\"2018-01-23 03:21:21\",\"root\":null,\"lft\":null,\"rgt\":null,\"level\":null,\"searchScore\":null,\"productId\":\"58\",\"isDefault\":\"1\",\"sku\":\"cat-food\",\"price\":\"200.0000\",\"sortOrder\":\"1\",\"width\":\"0.0000\",\"height\":\"0.0000\",\"length\":\"0.0000\",\"weight\":\"0.0000\",\"stock\":\"0\",\"unlimitedStock\":\"1\",\"minQty\":null,\"maxQty\":null,\"onSale\":0,\"cpEditUrl\":\"#\",\"product\":{\"id\":\"58\",\"enabled\":\"1\",\"archived\":\"0\",\"locale\":\"en_au\",\"localeEnabled\":\"1\",\"slug\":\"cat-food\",\"uri\":\"product-list\\/cat-food\",\"dateCreated\":\"2018-01-23 03:21:21\",\"dateUpdated\":\"2018-01-23 03:21:21\",\"root\":null,\"lft\":null,\"rgt\":null,\"level\":null,\"searchScore\":null,\"typeId\":\"4\",\"taxCategoryId\":\"1\",\"shippingCategoryId\":\"1\",\"promotable\":\"1\",\"freeShipping\":\"0\",\"postDate\":\"2018-01-23 03:21:20\",\"expiryDate\":null,\"defaultVariantId\":\"59\",\"defaultSku\":\"cat-food\",\"defaultPrice\":\"200.0000\",\"defaultHeight\":\"0.0000\",\"defaultLength\":\"0.0000\",\"defaultWidth\":\"0.0000\",\"defaultWeight\":\"0.0000\",\"title\":\"cat food\"},\"description\":\"cat food\",\"purchasableId\":\"59\",\"options\":{\"imgUrl\":\"http:\\/\\/craft.test\\/assets\\/img\\/cats-1.jpg \"}}', '1', '1', '2018-02-13 01:48:42', '2018-02-13 02:08:42', 'ec4696c7-f696-40e2-9d1c-8d1f05202b0b'),
 ('40', '68', '45', '{\"imgUrl\":\"http:\\/\\/craft.test\\/assets\\/img\\/dog-4.jpg \"}', '2e1f58b7c5f858894e53038b961d8513', '30.0000', '0.0000', '30.0000', '0.0000', '0.0000', '0.0000', '0.0000', '0.0000', '0.0000', '0.0000', '0.0000', '30.0000', '1', NULL, '{\"id\":\"45\",\"enabled\":\"1\",\"archived\":\"0\",\"locale\":\"en_au\",\"localeEnabled\":\"1\",\"slug\":\"dog-leash\",\"uri\":null,\"dateCreated\":\"2018-01-22 22:53:09\",\"dateUpdated\":\"2018-01-23 21:47:17\",\"root\":null,\"lft\":null,\"rgt\":null,\"level\":null,\"searchScore\":null,\"productId\":\"44\",\"isDefault\":\"1\",\"sku\":\"dog-leash\",\"price\":\"30.0000\",\"sortOrder\":\"1\",\"width\":\"0.0000\",\"height\":\"0.0000\",\"length\":\"0.0000\",\"weight\":\"0.0000\",\"stock\":\"0\",\"unlimitedStock\":\"1\",\"minQty\":null,\"maxQty\":null,\"onSale\":0,\"cpEditUrl\":\"#\",\"product\":{\"id\":\"44\",\"enabled\":\"1\",\"archived\":\"0\",\"locale\":\"en_au\",\"localeEnabled\":\"1\",\"slug\":\"dog-leash\",\"uri\":\"product-list\\/dog-leash\",\"dateCreated\":\"2018-01-22 22:53:09\",\"dateUpdated\":\"2018-01-23 21:47:16\",\"root\":null,\"lft\":null,\"rgt\":null,\"level\":null,\"searchScore\":null,\"typeId\":\"3\",\"taxCategoryId\":\"1\",\"shippingCategoryId\":\"1\",\"promotable\":\"1\",\"freeShipping\":\"0\",\"postDate\":\"2018-01-22 22:53:00\",\"expiryDate\":null,\"defaultVariantId\":\"45\",\"defaultSku\":\"dog-leash\",\"defaultPrice\":\"30.0000\",\"defaultHeight\":\"0.0000\",\"defaultLength\":\"0.0000\",\"defaultWidth\":\"0.0000\",\"defaultWeight\":\"0.0000\",\"title\":\"Dog leash\"},\"description\":\"Dog leash\",\"purchasableId\":\"45\",\"options\":{\"imgUrl\":\"http:\\/\\/craft.test\\/assets\\/img\\/dog-4.jpg \"}}', '1', '1', '2018-02-13 01:48:47', '2018-02-13 02:08:42', '0bb64a23-2354-453f-a16f-ba748f458b4f'),
 ('41', '68', '43', '{\"imgUrl\":\"http:\\/\\/craft.test\\/assets\\/img\\/dog-1.jpg \"}', '1ba0d42e1446258e421a53b6d0768b96', '50.0000', '0.0000', '50.0000', '0.0000', '0.0000', '0.0000', '0.0000', '0.0000', '0.0000', '0.0000', '0.0000', '50.0000', '1', NULL, '{\"id\":\"43\",\"enabled\":\"1\",\"archived\":\"0\",\"locale\":\"en_au\",\"localeEnabled\":\"1\",\"slug\":\"dog-brush\",\"uri\":null,\"dateCreated\":\"2018-01-22 22:51:42\",\"dateUpdated\":\"2018-01-23 03:19:57\",\"root\":null,\"lft\":null,\"rgt\":null,\"level\":null,\"searchScore\":null,\"productId\":\"42\",\"isDefault\":\"1\",\"sku\":\"dog-brush\",\"price\":\"50.0000\",\"sortOrder\":\"1\",\"width\":\"0.0000\",\"height\":\"0.0000\",\"length\":\"0.0000\",\"weight\":\"0.0000\",\"stock\":\"0\",\"unlimitedStock\":\"1\",\"minQty\":null,\"maxQty\":null,\"onSale\":0,\"cpEditUrl\":\"#\",\"product\":{\"id\":\"42\",\"enabled\":\"1\",\"archived\":\"0\",\"locale\":\"en_au\",\"localeEnabled\":\"1\",\"slug\":\"dog-brush\",\"uri\":\"product-list\\/dog-brush\",\"dateCreated\":\"2018-01-22 22:51:42\",\"dateUpdated\":\"2018-01-23 03:19:56\",\"root\":null,\"lft\":null,\"rgt\":null,\"level\":null,\"searchScore\":null,\"typeId\":\"3\",\"taxCategoryId\":\"1\",\"shippingCategoryId\":\"1\",\"promotable\":\"1\",\"freeShipping\":\"0\",\"postDate\":\"2018-01-22 22:51:00\",\"expiryDate\":null,\"defaultVariantId\":\"43\",\"defaultSku\":\"dog-brush\",\"defaultPrice\":\"50.0000\",\"defaultHeight\":\"0.0000\",\"defaultLength\":\"0.0000\",\"defaultWidth\":\"0.0000\",\"defaultWeight\":\"0.0000\",\"title\":\"Dog Brush\"},\"description\":\"Dog Brush\",\"purchasableId\":\"43\",\"options\":{\"imgUrl\":\"http:\\/\\/craft.test\\/assets\\/img\\/dog-1.jpg \"}}', '1', '1', '2018-02-13 01:48:53', '2018-02-13 02:08:42', '80268af8-e1af-4a39-bbe5-c91a8b647d72'),
 ('42', '71', '43', '{\"imgUrl\":\"http:\\/\\/craft.test\\/assets\\/img\\/dog-1.jpg\"}', '01a14e93f09323b7568654daa4bc8982', '50.0000', '0.0000', '50.0000', '0.0000', '0.0000', '0.0000', '0.0000', '0.0000', '0.0000', '0.0000', '0.0000', '50.0000', '1', NULL, '{\"id\":\"43\",\"enabled\":\"1\",\"archived\":\"0\",\"locale\":\"en_au\",\"localeEnabled\":\"1\",\"slug\":\"dog-brush\",\"uri\":null,\"dateCreated\":\"2018-01-22 22:51:42\",\"dateUpdated\":\"2018-01-23 03:19:57\",\"root\":null,\"lft\":null,\"rgt\":null,\"level\":null,\"searchScore\":null,\"productId\":\"42\",\"isDefault\":\"1\",\"sku\":\"dog-brush\",\"price\":\"50.0000\",\"sortOrder\":\"1\",\"width\":\"0.0000\",\"height\":\"0.0000\",\"length\":\"0.0000\",\"weight\":\"0.0000\",\"stock\":\"0\",\"unlimitedStock\":\"1\",\"minQty\":null,\"maxQty\":null,\"onSale\":0,\"cpEditUrl\":\"#\",\"product\":{\"id\":\"42\",\"enabled\":\"1\",\"archived\":\"0\",\"locale\":\"en_au\",\"localeEnabled\":\"1\",\"slug\":\"dog-brush\",\"uri\":\"product-list\\/dog-brush\",\"dateCreated\":\"2018-01-22 22:51:42\",\"dateUpdated\":\"2018-01-23 03:19:56\",\"root\":null,\"lft\":null,\"rgt\":null,\"level\":null,\"searchScore\":null,\"typeId\":\"3\",\"taxCategoryId\":\"1\",\"shippingCategoryId\":\"1\",\"promotable\":\"1\",\"freeShipping\":\"0\",\"postDate\":\"2018-01-22 22:51:00\",\"expiryDate\":null,\"defaultVariantId\":\"43\",\"defaultSku\":\"dog-brush\",\"defaultPrice\":\"50.0000\",\"defaultHeight\":\"0.0000\",\"defaultLength\":\"0.0000\",\"defaultWidth\":\"0.0000\",\"defaultWeight\":\"0.0000\",\"title\":\"Dog Brush\"},\"description\":\"Dog Brush\",\"purchasableId\":\"43\",\"options\":{\"imgUrl\":\"http:\\/\\/craft.test\\/assets\\/img\\/dog-1.jpg\"}}', '1', '1', '2018-02-13 23:51:11', '2018-02-14 00:01:55', '7b914e81-30ff-4cf5-89c9-05bf71aabcb0'),
 ('45', '75', '32', '{\"imgUrl\":\"http:\\/\\/craft.test\\/assets\\/img\\/dog-3.jpg \"}', '7c17a80ee3b4892d8145afb1ff65f6ee', '30.0000', '0.0000', '30.0000', '0.0000', '0.0000', '0.0000', '0.0000', '0.0000', '0.0000', '0.0000', '0.0000', '30.0000', '1', NULL, '{\"id\":\"32\",\"enabled\":\"1\",\"archived\":\"0\",\"locale\":\"en_au\",\"localeEnabled\":\"1\",\"slug\":\"dog-premium-food\",\"uri\":null,\"dateCreated\":\"2018-01-11 05:14:27\",\"dateUpdated\":\"2018-02-13 00:26:30\",\"root\":null,\"lft\":null,\"rgt\":null,\"level\":null,\"searchScore\":null,\"productId\":\"31\",\"isDefault\":\"1\",\"sku\":\"DogFood001\",\"price\":\"30.0000\",\"sortOrder\":\"1\",\"width\":\"0.0000\",\"height\":\"0.0000\",\"length\":\"0.0000\",\"weight\":\"0.0000\",\"stock\":\"20\",\"unlimitedStock\":\"0\",\"minQty\":\"1\",\"maxQty\":\"2\",\"onSale\":0,\"cpEditUrl\":\"#\",\"product\":{\"id\":\"31\",\"enabled\":\"1\",\"archived\":\"0\",\"locale\":\"en_au\",\"localeEnabled\":\"1\",\"slug\":\"dog-premium-food\",\"uri\":\"product-list\\/dog-premium-food\",\"dateCreated\":\"2018-01-11 05:14:27\",\"dateUpdated\":\"2018-02-13 00:26:29\",\"root\":null,\"lft\":null,\"rgt\":null,\"level\":null,\"searchScore\":null,\"typeId\":\"3\",\"taxCategoryId\":\"1\",\"shippingCategoryId\":\"1\",\"promotable\":\"1\",\"freeShipping\":\"1\",\"postDate\":\"2017-12-31 14:00:00\",\"expiryDate\":\"2018-07-19 16:30:00\",\"defaultVariantId\":\"32\",\"defaultSku\":\"DogFood001\",\"defaultPrice\":\"30.0000\",\"defaultHeight\":\"0.0000\",\"defaultLength\":\"0.0000\",\"defaultWidth\":\"0.0000\",\"defaultWeight\":\"0.0000\",\"title\":\"Dog premium food\"},\"description\":\"Dog premium food\",\"purchasableId\":\"32\",\"options\":{\"imgUrl\":\"http:\\/\\/craft.test\\/assets\\/img\\/dog-3.jpg \"}}', '1', '1', '2018-02-14 02:17:18', '2018-02-14 02:17:29', '0471a6ed-df4b-424a-8fd3-5037d597b4fc'),
 ('46', '75', '43', '{\"imgUrl\":\"http:\\/\\/craft.test\\/assets\\/img\\/dog-1.jpg \"}', '1ba0d42e1446258e421a53b6d0768b96', '50.0000', '0.0000', '50.0000', '0.0000', '0.0000', '0.0000', '0.0000', '0.0000', '0.0000', '0.0000', '0.0000', '50.0000', '1', NULL, '{\"id\":\"43\",\"enabled\":\"1\",\"archived\":\"0\",\"locale\":\"en_au\",\"localeEnabled\":\"1\",\"slug\":\"dog-brush\",\"uri\":null,\"dateCreated\":\"2018-01-22 22:51:42\",\"dateUpdated\":\"2018-01-23 03:19:57\",\"root\":null,\"lft\":null,\"rgt\":null,\"level\":null,\"searchScore\":null,\"productId\":\"42\",\"isDefault\":\"1\",\"sku\":\"dog-brush\",\"price\":\"50.0000\",\"sortOrder\":\"1\",\"width\":\"0.0000\",\"height\":\"0.0000\",\"length\":\"0.0000\",\"weight\":\"0.0000\",\"stock\":\"0\",\"unlimitedStock\":\"1\",\"minQty\":null,\"maxQty\":null,\"onSale\":0,\"cpEditUrl\":\"#\",\"product\":{\"id\":\"42\",\"enabled\":\"1\",\"archived\":\"0\",\"locale\":\"en_au\",\"localeEnabled\":\"1\",\"slug\":\"dog-brush\",\"uri\":\"product-list\\/dog-brush\",\"dateCreated\":\"2018-01-22 22:51:42\",\"dateUpdated\":\"2018-01-23 03:19:56\",\"root\":null,\"lft\":null,\"rgt\":null,\"level\":null,\"searchScore\":null,\"typeId\":\"3\",\"taxCategoryId\":\"1\",\"shippingCategoryId\":\"1\",\"promotable\":\"1\",\"freeShipping\":\"0\",\"postDate\":\"2018-01-22 22:51:00\",\"expiryDate\":null,\"defaultVariantId\":\"43\",\"defaultSku\":\"dog-brush\",\"defaultPrice\":\"50.0000\",\"defaultHeight\":\"0.0000\",\"defaultLength\":\"0.0000\",\"defaultWidth\":\"0.0000\",\"defaultWeight\":\"0.0000\",\"title\":\"Dog Brush\"},\"description\":\"Dog Brush\",\"purchasableId\":\"43\",\"options\":{\"imgUrl\":\"http:\\/\\/craft.test\\/assets\\/img\\/dog-1.jpg \"}}', '1', '1', '2018-02-14 02:17:23', '2018-02-14 02:17:29', '96cb4881-0e88-4c5d-8376-6418d93e0eab'),
 ('47', '75', '45', '{\"imgUrl\":\"http:\\/\\/craft.test\\/assets\\/img\\/dog-4.jpg \"}', '2e1f58b7c5f858894e53038b961d8513', '30.0000', '0.0000', '30.0000', '0.0000', '0.0000', '0.0000', '0.0000', '0.0000', '0.0000', '0.0000', '0.0000', '30.0000', '1', NULL, '{\"id\":\"45\",\"enabled\":\"1\",\"archived\":\"0\",\"locale\":\"en_au\",\"localeEnabled\":\"1\",\"slug\":\"dog-leash\",\"uri\":null,\"dateCreated\":\"2018-01-22 22:53:09\",\"dateUpdated\":\"2018-01-23 21:47:17\",\"root\":null,\"lft\":null,\"rgt\":null,\"level\":null,\"searchScore\":null,\"productId\":\"44\",\"isDefault\":\"1\",\"sku\":\"dog-leash\",\"price\":\"30.0000\",\"sortOrder\":\"1\",\"width\":\"0.0000\",\"height\":\"0.0000\",\"length\":\"0.0000\",\"weight\":\"0.0000\",\"stock\":\"0\",\"unlimitedStock\":\"1\",\"minQty\":null,\"maxQty\":null,\"onSale\":0,\"cpEditUrl\":\"#\",\"product\":{\"id\":\"44\",\"enabled\":\"1\",\"archived\":\"0\",\"locale\":\"en_au\",\"localeEnabled\":\"1\",\"slug\":\"dog-leash\",\"uri\":\"product-list\\/dog-leash\",\"dateCreated\":\"2018-01-22 22:53:09\",\"dateUpdated\":\"2018-01-23 21:47:16\",\"root\":null,\"lft\":null,\"rgt\":null,\"level\":null,\"searchScore\":null,\"typeId\":\"3\",\"taxCategoryId\":\"1\",\"shippingCategoryId\":\"1\",\"promotable\":\"1\",\"freeShipping\":\"0\",\"postDate\":\"2018-01-22 22:53:00\",\"expiryDate\":null,\"defaultVariantId\":\"45\",\"defaultSku\":\"dog-leash\",\"defaultPrice\":\"30.0000\",\"defaultHeight\":\"0.0000\",\"defaultLength\":\"0.0000\",\"defaultWidth\":\"0.0000\",\"defaultWeight\":\"0.0000\",\"title\":\"Dog leash\"},\"description\":\"Dog leash\",\"purchasableId\":\"45\",\"options\":{\"imgUrl\":\"http:\\/\\/craft.test\\/assets\\/img\\/dog-4.jpg \"}}', '1', '1', '2018-02-14 02:17:28', '2018-02-14 02:17:29', '438b9e57-71ec-46cc-80b3-e52a9124de9b');



DROP TABLE IF EXISTS `cft_commerce_orderadjustments`;


--
-- Schema for table `cft_commerce_orderadjustments`
--
CREATE TABLE `cft_commerce_orderadjustments` (
  `id` int(11) NOT NULL AUTO_INCREMENT,
  `type` varchar(255) COLLATE utf8_unicode_ci NOT NULL,
  `name` varchar(255) COLLATE utf8_unicode_ci DEFAULT NULL,
  `description` varchar(255) COLLATE utf8_unicode_ci DEFAULT NULL,
  `amount` decimal(15,4) NOT NULL,
  `included` tinyint(1) unsigned NOT NULL DEFAULT '0',
  `optionsJson` text COLLATE utf8_unicode_ci NOT NULL,
  `orderId` int(11) NOT NULL,
  `dateCreated` datetime NOT NULL,
  `dateUpdated` datetime NOT NULL,
  `uid` char(36) COLLATE utf8_unicode_ci NOT NULL DEFAULT '0',
  PRIMARY KEY (`id`),
  KEY `cft_commerce_orderadjustments_orderId_idx` (`orderId`)
) ENGINE=InnoDB AUTO_INCREMENT=6 DEFAULT CHARSET=utf8 COLLATE=utf8_unicode_ci;

--
-- Data for table `cft_commerce_orderadjustments`
--

INSERT INTO `cft_commerce_orderadjustments` (`id`, `type`, `name`, `description`, `amount`, `included`, `optionsJson`, `orderId`, `dateCreated`, `dateUpdated`, `uid`) VALUES
 ('4', 'Shipping', 'Free Shipping', 'All Countries, free shipping.', '0.0000', '0', '{\"lineItemsAffected\":[],\"id\":\"1\",\"name\":\"Free Everywhere \",\"description\":\"All Countries, free shipping.\",\"shippingZoneId\":null,\"methodId\":\"1\",\"priority\":\"0\",\"enabled\":\"1\",\"minQty\":\"0\",\"maxQty\":\"0\",\"minTotal\":0,\"maxTotal\":0,\"minWeight\":0,\"maxWeight\":0,\"baseRate\":\"0.0000\",\"perItemRate\":\"0.0000\",\"weightRate\":\"0.0000\",\"percentageRate\":\"0.0000\",\"minRate\":\"0.0000\",\"maxRate\":\"0.0000\"}', '20', '2018-01-11 01:13:38', '2018-01-11 01:13:38', '125b9b10-8f60-495b-a70c-24c4c849545a'),
 ('5', 'Shipping', 'Free Shipping', 'All Countries, free shipping.', '0.0000', '0', '{\"lineItemsAffected\":[],\"id\":\"1\",\"name\":\"Free Everywhere \",\"description\":\"All Countries, free shipping.\",\"shippingZoneId\":null,\"methodId\":\"1\",\"priority\":\"0\",\"enabled\":\"1\",\"minQty\":\"0\",\"maxQty\":\"0\",\"minTotal\":0,\"maxTotal\":0,\"minWeight\":0,\"maxWeight\":0,\"baseRate\":\"0.0000\",\"perItemRate\":\"0.0000\",\"weightRate\":\"0.0000\",\"percentageRate\":\"0.0000\",\"minRate\":\"0.0000\",\"maxRate\":\"0.0000\"}', '68', '2018-02-13 02:08:42', '2018-02-13 02:08:42', '1d6c32e9-2d9c-4692-94dc-0948b54bbed8');



DROP TABLE IF EXISTS `cft_commerce_orderhistories`;


--
-- Schema for table `cft_commerce_orderhistories`
--
CREATE TABLE `cft_commerce_orderhistories` (
  `id` int(11) NOT NULL AUTO_INCREMENT,
  `prevStatusId` int(11) DEFAULT NULL,
  `newStatusId` int(11) DEFAULT NULL,
  `orderId` int(11) NOT NULL,
  `customerId` int(11) NOT NULL,
  `message` text COLLATE utf8_unicode_ci,
  `dateCreated` datetime NOT NULL,
  `dateUpdated` datetime NOT NULL,
  `uid` char(36) COLLATE utf8_unicode_ci NOT NULL DEFAULT '0',
  PRIMARY KEY (`id`),
  KEY `cft_commerce_orderhistories_orderId_fk` (`orderId`),
  KEY `cft_commerce_orderhistories_prevStatusId_fk` (`prevStatusId`),
  KEY `cft_commerce_orderhistories_newStatusId_fk` (`newStatusId`),
  KEY `cft_commerce_orderhistories_customerId_fk` (`customerId`)
) ENGINE=InnoDB AUTO_INCREMENT=3 DEFAULT CHARSET=utf8 COLLATE=utf8_unicode_ci;

--
-- Data for table `cft_commerce_orderhistories`
--

INSERT INTO `cft_commerce_orderhistories` (`id`, `prevStatusId`, `newStatusId`, `orderId`, `customerId`, `message`, `dateCreated`, `dateUpdated`, `uid`) VALUES
 ('1', NULL, '1', '20', '1', NULL, '2018-01-11 01:13:38', '2018-01-11 01:13:38', '28b0e8fc-f278-4c82-bf40-afdcd812d45d'),
 ('2', '1', '2', '20', '1', '', '2018-01-11 01:20:01', '2018-01-11 01:20:01', '327f722d-8a3f-48e7-9427-bbe87ba504e3');



DROP TABLE IF EXISTS `cft_commerce_orders`;


--
-- Schema for table `cft_commerce_orders`
--
CREATE TABLE `cft_commerce_orders` (
  `billingAddressId` int(11) DEFAULT NULL,
  `shippingAddressId` int(11) DEFAULT NULL,
  `paymentMethodId` int(11) DEFAULT NULL,
  `customerId` int(11) DEFAULT NULL,
  `id` int(11) NOT NULL,
  `orderStatusId` int(11) DEFAULT NULL,
  `number` varchar(32) COLLATE utf8_unicode_ci DEFAULT NULL,
  `couponCode` varchar(255) COLLATE utf8_unicode_ci DEFAULT NULL,
  `itemTotal` decimal(15,4) DEFAULT '0.0000',
  `baseDiscount` decimal(15,4) DEFAULT '0.0000',
  `baseShippingCost` decimal(15,4) DEFAULT '0.0000',
  `baseTax` decimal(15,4) DEFAULT '0.0000',
  `baseTaxIncluded` decimal(15,4) DEFAULT '0.0000',
  `totalPrice` decimal(15,4) DEFAULT '0.0000',
  `totalPaid` decimal(15,4) DEFAULT '0.0000',
  `email` varchar(255) COLLATE utf8_unicode_ci DEFAULT NULL,
  `isCompleted` tinyint(1) unsigned NOT NULL DEFAULT '0',
  `dateOrdered` datetime DEFAULT NULL,
  `datePaid` datetime DEFAULT NULL,
  `currency` varchar(255) COLLATE utf8_unicode_ci DEFAULT NULL,
  `paymentCurrency` varchar(255) COLLATE utf8_unicode_ci DEFAULT NULL,
  `lastIp` varchar(255) COLLATE utf8_unicode_ci DEFAULT NULL,
  `orderLocale` char(12) COLLATE utf8_unicode_ci DEFAULT NULL,
  `message` varchar(255) COLLATE utf8_unicode_ci DEFAULT NULL,
  `returnUrl` varchar(255) COLLATE utf8_unicode_ci DEFAULT NULL,
  `cancelUrl` varchar(255) COLLATE utf8_unicode_ci DEFAULT NULL,
  `shippingMethod` varchar(255) COLLATE utf8_unicode_ci DEFAULT NULL,
  `dateCreated` datetime NOT NULL,
  `dateUpdated` datetime NOT NULL,
  `uid` char(36) COLLATE utf8_unicode_ci NOT NULL DEFAULT '0',
  PRIMARY KEY (`id`),
  KEY `cft_commerce_orders_number_idx` (`number`),
  KEY `cft_commerce_orders_billingAddressId_fk` (`billingAddressId`),
  KEY `cft_commerce_orders_shippingAddressId_fk` (`shippingAddressId`),
  KEY `cft_commerce_orders_paymentMethodId_fk` (`paymentMethodId`),
  KEY `cft_commerce_orders_customerId_fk` (`customerId`),
  KEY `cft_commerce_orders_orderStatusId_fk` (`orderStatusId`)
) ENGINE=InnoDB DEFAULT CHARSET=utf8 COLLATE=utf8_unicode_ci;

--
-- Data for table `cft_commerce_orders`
--

INSERT INTO `cft_commerce_orders` (`billingAddressId`, `shippingAddressId`, `paymentMethodId`, `customerId`, `id`, `orderStatusId`, `number`, `couponCode`, `itemTotal`, `baseDiscount`, `baseShippingCost`, `baseTax`, `baseTaxIncluded`, `totalPrice`, `totalPaid`, `email`, `isCompleted`, `dateOrdered`, `datePaid`, `currency`, `paymentCurrency`, `lastIp`, `orderLocale`, `message`, `returnUrl`, `cancelUrl`, `shippingMethod`, `dateCreated`, `dateUpdated`, `uid`) VALUES
 ('2', '3', '1', '1', '20', '2', 'b8938a7369d9a5ef21c996406a958db1', NULL, '20.0000', '0.0000', '0.0000', '0.0000', '0.0000', '20.0000', '20.0000', 'developer@marketinggroup.com.au', '1', '2018-01-11 01:13:38', '2018-01-11 01:13:38', 'AUD', 'AUD', '127.0.0.1', 'en_au', '', '/shop/customer/order?number=b8938a7369d9a5ef21c996406a958db1', '/shop/checkout/payment', 'freeShipping', '2018-01-11 01:11:57', '2018-02-13 02:32:02', '86bdc2ba-d78c-4c92-a4e5-9e23568d21e8'),
 (NULL, NULL, '1', '1', '26', NULL, '75849e78075c58c3e8abaf3eb8407c2e', NULL, '5.0000', '0.0000', '0.0000', '0.0000', '0.0000', '5.0000', '0.0000', 'developer@marketinggroup.com.au', '0', NULL, NULL, 'AUD', 'AUD', '127.0.0.1', 'en_au', NULL, '/shop/customer/order?number=75849e78075c58c3e8abaf3eb8407c2e', '/shop/checkout/payment', NULL, '2018-01-11 04:22:32', '2018-01-21 23:20:35', '17bd6648-94f2-4d5d-9f90-8ce2d6d3107e'),
 (NULL, NULL, '1', '1', '64', NULL, '26b46aed0ace19fbecefd0e4a14eb1fa', NULL, '200.0000', '0.0000', '0.0000', '0.0000', '0.0000', '200.0000', '0.0000', 'developer@marketinggroup.com.au', '0', NULL, NULL, 'AUD', 'AUD', '127.0.0.1', 'en_au', NULL, NULL, NULL, NULL, '2018-01-23 05:21:16', '2018-01-24 00:50:38', '52e8ef13-07d0-4b95-bbe3-91e0380c41ca'),
 (NULL, NULL, '1', '1', '67', NULL, 'e240b863c5a0e165859e52e5b3e5ce48', NULL, '400.0000', '0.0000', '0.0000', '0.0000', '0.0000', '400.0000', '0.0000', 'developer@marketinggroup.com.au', '0', NULL, NULL, 'AUD', 'AUD', '127.0.0.1', 'en_au', NULL, NULL, NULL, NULL, '2018-01-24 01:24:23', '2018-01-24 05:43:21', 'f41c4dc0-4f4d-4996-8491-3a5439571a30'),
 ('4', '4', '1', '1', '68', NULL, 'f1cdd9b027e3f5a603360fdd4b2d0147', NULL, '280.0000', '0.0000', '0.0000', '0.0000', '0.0000', '280.0000', '0.0000', 'developer@marketinggroup.com.au', '0', NULL, NULL, 'AUD', 'AUD', '127.0.0.1', 'en_au', NULL, NULL, NULL, 'freeShipping', '2018-01-25 05:00:42', '2018-02-13 02:08:42', '7d4f5366-7b76-4feb-98ff-763a3c6946b6'),
 (NULL, NULL, '1', '22', '71', NULL, '1f088c3f5029a05180520e9280428737', NULL, '50.0000', '0.0000', '0.0000', '0.0000', '0.0000', '50.0000', '0.0000', '', '0', NULL, NULL, 'AUD', 'AUD', '127.0.0.1', 'en_au', NULL, NULL, NULL, NULL, '2018-02-13 23:51:10', '2018-02-14 00:01:55', 'cbd1d5d7-4206-42f5-8546-a99a73e5caac'),
 (NULL, NULL, '1', '23', '75', NULL, 'c8f390b19c78a14efe9cb0c627f132ca', NULL, '110.0000', '0.0000', '0.0000', '0.0000', '0.0000', '110.0000', '0.0000', 'fengjingshu100@gmail.com', '0', NULL, NULL, 'AUD', 'AUD', '127.0.0.1', 'en_au', NULL, NULL, NULL, NULL, '2018-02-14 00:58:08', '2018-02-14 02:17:29', 'c619d003-b623-4d35-9215-4e8351e05dcc'),
 (NULL, NULL, '1', '1', '76', NULL, '8187fa3410502bf55fe266a167357a82', NULL, '0.0000', '0.0000', '0.0000', '0.0000', '0.0000', '0.0000', '0.0000', 'developer@marketinggroup.com.au', '0', NULL, NULL, 'AUD', 'AUD', '127.0.0.1', 'en_au', NULL, NULL, NULL, NULL, '2018-02-14 03:27:05', '2018-02-14 03:35:01', '0766d2b7-d0f5-4f89-86b0-31ae8f10b443');



DROP TABLE IF EXISTS `cft_commerce_ordersettings`;


--
-- Schema for table `cft_commerce_ordersettings`
--
CREATE TABLE `cft_commerce_ordersettings` (
  `id` int(11) NOT NULL AUTO_INCREMENT,
  `fieldLayoutId` int(11) DEFAULT NULL,
  `name` varchar(255) COLLATE utf8_unicode_ci NOT NULL,
  `handle` varchar(255) COLLATE utf8_unicode_ci NOT NULL,
  `dateCreated` datetime NOT NULL,
  `dateUpdated` datetime NOT NULL,
  `uid` char(36) COLLATE utf8_unicode_ci NOT NULL DEFAULT '0',
  PRIMARY KEY (`id`),
  UNIQUE KEY `cft_commerce_ordersettings_handle_unq_idx` (`handle`),
  KEY `cft_commerce_ordersettings_fieldLayoutId_fk` (`fieldLayoutId`)
) ENGINE=InnoDB AUTO_INCREMENT=2 DEFAULT CHARSET=utf8 COLLATE=utf8_unicode_ci;

--
-- Data for table `cft_commerce_ordersettings`
--

INSERT INTO `cft_commerce_ordersettings` (`id`, `fieldLayoutId`, `name`, `handle`, `dateCreated`, `dateUpdated`, `uid`) VALUES
 ('1', '45', 'Order', 'order', '2018-01-10 04:58:06', '2018-01-10 04:58:06', '3a89089c-e9c6-4520-b047-a62642e175df');



DROP TABLE IF EXISTS `cft_commerce_orderstatus_emails`;


--
-- Schema for table `cft_commerce_orderstatus_emails`
--
CREATE TABLE `cft_commerce_orderstatus_emails` (
  `id` int(11) NOT NULL AUTO_INCREMENT,
  `orderStatusId` int(11) NOT NULL,
  `emailId` int(11) NOT NULL,
  `dateCreated` datetime NOT NULL,
  `dateUpdated` datetime NOT NULL,
  `uid` char(36) COLLATE utf8_unicode_ci NOT NULL DEFAULT '0',
  PRIMARY KEY (`id`),
  KEY `cft_commerce_orderstatus_emails_orderStatusId_fk` (`orderStatusId`),
  KEY `cft_commerce_orderstatus_emails_emailId_fk` (`emailId`)
) ENGINE=InnoDB DEFAULT CHARSET=utf8 COLLATE=utf8_unicode_ci;

DROP TABLE IF EXISTS `cft_commerce_orderstatuses`;


--
-- Schema for table `cft_commerce_orderstatuses`
--
CREATE TABLE `cft_commerce_orderstatuses` (
  `id` int(11) NOT NULL AUTO_INCREMENT,
  `name` varchar(255) COLLATE utf8_unicode_ci NOT NULL,
  `handle` varchar(255) COLLATE utf8_unicode_ci NOT NULL,
  `color` enum('green','orange','red','blue','yellow','pink','purple','turquoise','light','grey','black') COLLATE utf8_unicode_ci NOT NULL DEFAULT 'green',
  `sortOrder` int(11) DEFAULT NULL,
  `default` tinyint(1) unsigned NOT NULL DEFAULT '0',
  `dateCreated` datetime NOT NULL,
  `dateUpdated` datetime NOT NULL,
  `uid` char(36) COLLATE utf8_unicode_ci NOT NULL DEFAULT '0',
  PRIMARY KEY (`id`)
) ENGINE=InnoDB AUTO_INCREMENT=3 DEFAULT CHARSET=utf8 COLLATE=utf8_unicode_ci;

--
-- Data for table `cft_commerce_orderstatuses`
--

INSERT INTO `cft_commerce_orderstatuses` (`id`, `name`, `handle`, `color`, `sortOrder`, `default`, `dateCreated`, `dateUpdated`, `uid`) VALUES
 ('1', 'Processing', 'processing', 'green', '999', '1', '2018-01-10 04:58:06', '2018-01-10 04:58:06', 'bc4f6d87-35c0-40c5-9960-7a135b19f3cc'),
 ('2', 'Shipped', 'shipped', 'blue', '999', '0', '2018-01-10 04:58:06', '2018-01-10 04:58:06', '124f8bb0-5ff3-46ee-8119-d4b20589ac26');



DROP TABLE IF EXISTS `cft_commerce_paymentcurrencies`;


--
-- Schema for table `cft_commerce_paymentcurrencies`
--
CREATE TABLE `cft_commerce_paymentcurrencies` (
  `id` int(11) NOT NULL AUTO_INCREMENT,
  `iso` varchar(3) COLLATE utf8_unicode_ci NOT NULL,
  `primary` tinyint(1) unsigned NOT NULL DEFAULT '0',
  `rate` decimal(15,4) NOT NULL DEFAULT '0.0000',
  `dateCreated` datetime NOT NULL,
  `dateUpdated` datetime NOT NULL,
  `uid` char(36) COLLATE utf8_unicode_ci NOT NULL DEFAULT '0',
  PRIMARY KEY (`id`),
  UNIQUE KEY `cft_commerce_paymentcurrencies_iso_unq_idx` (`iso`)
) ENGINE=InnoDB AUTO_INCREMENT=2 DEFAULT CHARSET=utf8 COLLATE=utf8_unicode_ci;

--
-- Data for table `cft_commerce_paymentcurrencies`
--

INSERT INTO `cft_commerce_paymentcurrencies` (`id`, `iso`, `primary`, `rate`, `dateCreated`, `dateUpdated`, `uid`) VALUES
 ('1', 'AUD', '1', '1.0000', '2018-01-10 04:58:06', '2018-01-10 23:10:28', 'e6772ab4-6be7-4b84-83e2-3edfbeca4199');



DROP TABLE IF EXISTS `cft_commerce_paymentmethods`;


--
-- Schema for table `cft_commerce_paymentmethods`
--
CREATE TABLE `cft_commerce_paymentmethods` (
  `id` int(11) NOT NULL AUTO_INCREMENT,
  `class` varchar(255) COLLATE utf8_unicode_ci NOT NULL,
  `name` varchar(255) COLLATE utf8_unicode_ci NOT NULL,
  `settings` text COLLATE utf8_unicode_ci,
  `paymentType` enum('authorize','purchase') COLLATE utf8_unicode_ci NOT NULL DEFAULT 'purchase',
  `frontendEnabled` tinyint(1) unsigned NOT NULL DEFAULT '0',
  `isArchived` tinyint(1) unsigned NOT NULL DEFAULT '0',
  `dateArchived` datetime DEFAULT NULL,
  `sortOrder` int(11) DEFAULT NULL,
  `dateCreated` datetime NOT NULL,
  `dateUpdated` datetime NOT NULL,
  `uid` char(36) COLLATE utf8_unicode_ci NOT NULL DEFAULT '0',
  PRIMARY KEY (`id`),
  UNIQUE KEY `cft_commerce_paymentmethods_name_unq_idx` (`name`)
) ENGINE=InnoDB AUTO_INCREMENT=2 DEFAULT CHARSET=utf8 COLLATE=utf8_unicode_ci;

--
-- Data for table `cft_commerce_paymentmethods`
--

INSERT INTO `cft_commerce_paymentmethods` (`id`, `class`, `name`, `settings`, `paymentType`, `frontendEnabled`, `isArchived`, `dateArchived`, `sortOrder`, `dateCreated`, `dateUpdated`, `uid`) VALUES
 ('1', 'Dummy', 'Dummy', '[]', 'purchase', '1', '0', NULL, NULL, '2018-01-10 04:58:07', '2018-01-10 04:58:07', '02379717-ec74-47f9-9922-32370cb5a260');



DROP TABLE IF EXISTS `cft_commerce_products`;


--
-- Schema for table `cft_commerce_products`
--
CREATE TABLE `cft_commerce_products` (
  `id` int(11) NOT NULL,
  `typeId` int(11) DEFAULT NULL,
  `taxCategoryId` int(11) NOT NULL,
  `shippingCategoryId` int(11) NOT NULL,
  `postDate` datetime DEFAULT NULL,
  `expiryDate` datetime DEFAULT NULL,
  `promotable` tinyint(1) unsigned NOT NULL DEFAULT '0',
  `freeShipping` tinyint(1) unsigned NOT NULL DEFAULT '0',
  `defaultVariantId` int(11) DEFAULT NULL,
  `defaultSku` varchar(255) COLLATE utf8_unicode_ci DEFAULT NULL,
  `defaultPrice` decimal(15,4) DEFAULT NULL,
  `defaultHeight` decimal(15,4) DEFAULT NULL,
  `defaultLength` decimal(15,4) DEFAULT NULL,
  `defaultWidth` decimal(15,4) DEFAULT NULL,
  `defaultWeight` decimal(15,4) DEFAULT NULL,
  `dateCreated` datetime NOT NULL,
  `dateUpdated` datetime NOT NULL,
  `uid` char(36) COLLATE utf8_unicode_ci NOT NULL DEFAULT '0',
  PRIMARY KEY (`id`),
  KEY `cft_commerce_products_typeId_idx` (`typeId`),
  KEY `cft_commerce_products_postDate_idx` (`postDate`),
  KEY `cft_commerce_products_expiryDate_idx` (`expiryDate`),
  KEY `cft_commerce_products_taxCategoryId_fk` (`taxCategoryId`),
  KEY `cft_commerce_products_shippingCategoryId_fk` (`shippingCategoryId`)
) ENGINE=InnoDB DEFAULT CHARSET=utf8 COLLATE=utf8_unicode_ci;

--
-- Data for table `cft_commerce_products`
--

INSERT INTO `cft_commerce_products` (`id`, `typeId`, `taxCategoryId`, `shippingCategoryId`, `postDate`, `expiryDate`, `promotable`, `freeShipping`, `defaultVariantId`, `defaultSku`, `defaultPrice`, `defaultHeight`, `defaultLength`, `defaultWidth`, `defaultWeight`, `dateCreated`, `dateUpdated`, `uid`) VALUES
 ('10', '1', '1', '1', '2018-01-10 04:58:00', NULL, '1', '0', '11', 'A New Toga', '10.0000', '0.0000', '0.0000', '0.0000', '0.0000', '2018-01-10 04:58:06', '2018-01-23 03:19:05', '5d78bfb2-d30e-4995-b8d9-cbcdbed60e4b'),
 ('12', '1', '1', '1', '2018-01-10 04:58:00', NULL, '1', '0', '13', 'Parka with Stripes on Back', '20.0000', '0.0000', '0.0000', '0.0000', '0.0000', '2018-01-10 04:58:07', '2018-01-23 03:19:17', '9f4ca6e9-f000-4022-9714-cd2f8283fa4f'),
 ('14', '1', '1', '1', '2018-01-10 04:58:00', NULL, '1', '0', '15', 'Romper for a Red Eye', '30.0000', '0.0000', '0.0000', '0.0000', '0.0000', '2018-01-10 04:58:07', '2018-01-23 03:19:28', '21e1857f-93a8-487d-9512-3c0b854fe88e'),
 ('16', '1', '1', '1', '2018-01-10 04:58:00', NULL, '1', '0', '17', 'The Fleece Awakens', '100.0000', '0.0000', '0.0000', '0.0000', '0.0000', '2018-01-10 04:58:07', '2018-01-23 03:19:40', '4ca0251e-e1f1-44b6-a8de-f6b3cc8035cf'),
 ('31', '3', '1', '1', '2017-12-31 14:00:00', '2018-07-19 16:30:00', '1', '1', '32', 'DogFood001', '30.0000', '0.0000', '0.0000', '0.0000', '0.0000', '2018-01-11 05:14:27', '2018-02-13 00:26:30', 'a8b46e32-5f77-4289-b44f-b3fa5fbf8eb0'),
 ('42', '3', '1', '1', '2018-01-22 22:51:00', NULL, '1', '0', '43', 'dog-brush', '50.0000', '0.0000', '0.0000', '0.0000', '0.0000', '2018-01-22 22:51:42', '2018-01-23 03:19:57', '543ed43c-f6e7-490d-84e9-0b53fbc4415d'),
 ('44', '3', '1', '1', '2018-01-22 22:53:00', NULL, '1', '0', '45', 'dog-leash', '30.0000', '0.0000', '0.0000', '0.0000', '0.0000', '2018-01-22 22:53:09', '2018-01-23 21:47:17', '7392d747-9275-456b-9dab-316b7da53cb5'),
 ('58', '4', '1', '1', '2018-01-23 03:21:20', NULL, '1', '0', '59', 'cat-food', '200.0000', '0.0000', '0.0000', '0.0000', '0.0000', '2018-01-23 03:21:21', '2018-01-23 03:21:21', 'c3f0801d-0aba-40af-8977-70054a073ff9'),
 ('60', '4', '1', '1', '2018-01-23 03:40:05', NULL, '1', '0', '61', 'cat-litter-box', '40.0000', '0.0000', '0.0000', '0.0000', '0.0000', '2018-01-23 03:40:05', '2018-01-23 03:40:05', 'e237ea82-0eca-4777-b0d0-2ef68c8cb261'),
 ('62', '3', '1', '1', '2018-01-23 04:57:06', NULL, '1', '0', '63', 'dog-toy', '200.0000', '0.0000', '0.0000', '0.0000', '0.0000', '2018-01-23 04:57:06', '2018-01-23 04:57:07', 'c2109630-adef-4dc8-8b94-0a9e94f4e1d6');



DROP TABLE IF EXISTS `cft_commerce_producttypes`;


--
-- Schema for table `cft_commerce_producttypes`
--
CREATE TABLE `cft_commerce_producttypes` (
  `id` int(11) NOT NULL AUTO_INCREMENT,
  `fieldLayoutId` int(11) DEFAULT NULL,
  `variantFieldLayoutId` int(11) DEFAULT NULL,
  `name` varchar(255) COLLATE utf8_unicode_ci NOT NULL,
  `handle` varchar(255) COLLATE utf8_unicode_ci NOT NULL,
  `hasUrls` tinyint(1) unsigned NOT NULL DEFAULT '0',
  `hasDimensions` tinyint(1) unsigned NOT NULL DEFAULT '0',
  `hasVariants` tinyint(1) unsigned NOT NULL DEFAULT '0',
  `hasVariantTitleField` tinyint(1) unsigned NOT NULL DEFAULT '1',
  `titleFormat` varchar(255) COLLATE utf8_unicode_ci NOT NULL,
  `skuFormat` varchar(255) COLLATE utf8_unicode_ci DEFAULT NULL,
  `descriptionFormat` varchar(255) COLLATE utf8_unicode_ci DEFAULT NULL,
  `template` varchar(500) COLLATE utf8_unicode_ci DEFAULT NULL,
  `dateCreated` datetime NOT NULL,
  `dateUpdated` datetime NOT NULL,
  `uid` char(36) COLLATE utf8_unicode_ci NOT NULL DEFAULT '0',
  PRIMARY KEY (`id`),
  UNIQUE KEY `cft_commerce_producttypes_handle_unq_idx` (`handle`),
  KEY `cft_commerce_producttypes_fieldLayoutId_fk` (`fieldLayoutId`),
  KEY `cft_commerce_producttypes_variantFieldLayoutId_fk` (`variantFieldLayoutId`)
) ENGINE=InnoDB AUTO_INCREMENT=5 DEFAULT CHARSET=utf8 COLLATE=utf8_unicode_ci;

--
-- Data for table `cft_commerce_producttypes`
--

INSERT INTO `cft_commerce_producttypes` (`id`, `fieldLayoutId`, `variantFieldLayoutId`, `name`, `handle`, `hasUrls`, `hasDimensions`, `hasVariants`, `hasVariantTitleField`, `titleFormat`, `skuFormat`, `descriptionFormat`, `template`, `dateCreated`, `dateUpdated`, `uid`) VALUES
 ('1', '131', '132', 'Brids', 'birds', '1', '1', '1', '0', '{product.title}', '', '', 'products/_product', '2018-01-10 04:58:06', '2018-01-23 03:13:20', '507c0568-f6ea-4f75-95a9-1a171819a5c1'),
 ('3', '125', '126', 'Dogs', 'dogs', '1', '0', '1', '0', '{product.title}', '{product.slug}', '{product.title}', 'products/_product', '2018-01-11 05:11:52', '2018-01-23 02:41:08', '89cbffca-3625-4844-a26a-c03dfac90287'),
 ('4', '129', '130', 'Cats', 'cats', '1', '0', '1', '0', '{product.title}', '{product.slug}', '{product.title}', 'products/_product', '2018-01-22 22:50:32', '2018-01-23 02:41:25', '8ab56092-8752-4ec2-9d3a-36ba310cd2c7');



DROP TABLE IF EXISTS `cft_commerce_producttypes_i18n`;


--
-- Schema for table `cft_commerce_producttypes_i18n`
--
CREATE TABLE `cft_commerce_producttypes_i18n` (
  `id` int(11) NOT NULL AUTO_INCREMENT,
  `productTypeId` int(11) NOT NULL,
  `locale` char(12) COLLATE utf8_unicode_ci NOT NULL,
  `urlFormat` text COLLATE utf8_unicode_ci,
  `dateCreated` datetime NOT NULL,
  `dateUpdated` datetime NOT NULL,
  `uid` char(36) COLLATE utf8_unicode_ci NOT NULL DEFAULT '0',
  PRIMARY KEY (`id`),
  UNIQUE KEY `cft_commerce_producttypes_i18n_productTypeId_locale_unq_idx` (`productTypeId`,`locale`),
  KEY `cft_commerce_producttypes_i18n_locale_fk` (`locale`)
) ENGINE=InnoDB AUTO_INCREMENT=5 DEFAULT CHARSET=utf8 COLLATE=utf8_unicode_ci;

--
-- Data for table `cft_commerce_producttypes_i18n`
--

INSERT INTO `cft_commerce_producttypes_i18n` (`id`, `productTypeId`, `locale`, `urlFormat`, `dateCreated`, `dateUpdated`, `uid`) VALUES
 ('1', '1', 'en_au', 'product-list/{slug}', '2018-01-10 04:58:06', '2018-01-23 02:41:17', '25890f1d-b8e0-4325-a299-4e153df7aef1'),
 ('3', '3', 'en_au', 'product-list/{slug}', '2018-01-11 05:11:52', '2018-01-23 02:41:09', 'fdf4d82d-a632-4663-bab3-eac1ee1f1435'),
 ('4', '4', 'en_au', 'product-list/{slug}', '2018-01-22 22:50:32', '2018-01-23 02:41:25', '3967c5b9-947d-4292-8b29-4881ed4d0dd1');



DROP TABLE IF EXISTS `cft_commerce_producttypes_shippingcategories`;


--
-- Schema for table `cft_commerce_producttypes_shippingcategories`
--
CREATE TABLE `cft_commerce_producttypes_shippingcategories` (
  `id` int(11) NOT NULL AUTO_INCREMENT,
  `productTypeId` int(11) NOT NULL,
  `shippingCategoryId` int(11) NOT NULL,
  `dateCreated` datetime NOT NULL,
  `dateUpdated` datetime NOT NULL,
  `uid` char(36) COLLATE utf8_unicode_ci NOT NULL DEFAULT '0',
  PRIMARY KEY (`id`),
  UNIQUE KEY `cf_commer_productty_shippingcateg_productTyp_shippingCateg_un_id` (`productTypeId`,`shippingCategoryId`),
  KEY `cft_commerce_producttypes_shippingcategorie_shippingCategoryI_fk` (`shippingCategoryId`)
) ENGINE=InnoDB AUTO_INCREMENT=35 DEFAULT CHARSET=utf8 COLLATE=utf8_unicode_ci;

--
-- Data for table `cft_commerce_producttypes_shippingcategories`
--

INSERT INTO `cft_commerce_producttypes_shippingcategories` (`id`, `productTypeId`, `shippingCategoryId`, `dateCreated`, `dateUpdated`, `uid`) VALUES
 ('31', '3', '1', '2018-01-23 02:41:09', '2018-01-23 02:41:09', '3eab6fa2-8ba0-4ee5-a6a8-60fcc1ec68df'),
 ('33', '4', '1', '2018-01-23 02:41:25', '2018-01-23 02:41:25', '2a1063df-b067-411e-b3d5-dc4a3724dfca'),
 ('34', '1', '1', '2018-01-23 03:13:20', '2018-01-23 03:13:20', 'd0e1b98e-c73b-42ec-974e-3ba6f343b4f8');



DROP TABLE IF EXISTS `cft_commerce_producttypes_taxcategories`;


--
-- Schema for table `cft_commerce_producttypes_taxcategories`
--
CREATE TABLE `cft_commerce_producttypes_taxcategories` (
  `id` int(11) NOT NULL AUTO_INCREMENT,
  `productTypeId` int(11) NOT NULL,
  `taxCategoryId` int(11) NOT NULL,
  `dateCreated` datetime NOT NULL,
  `dateUpdated` datetime NOT NULL,
  `uid` char(36) COLLATE utf8_unicode_ci NOT NULL DEFAULT '0',
  PRIMARY KEY (`id`),
  UNIQUE KEY `cft_commerc_producttyp_taxcategori_productType_taxCategory_unq_i` (`productTypeId`,`taxCategoryId`),
  KEY `cft_commerce_producttypes_taxcategories_taxCategoryId_fk` (`taxCategoryId`)
) ENGINE=InnoDB AUTO_INCREMENT=35 DEFAULT CHARSET=utf8 COLLATE=utf8_unicode_ci;

--
-- Data for table `cft_commerce_producttypes_taxcategories`
--

INSERT INTO `cft_commerce_producttypes_taxcategories` (`id`, `productTypeId`, `taxCategoryId`, `dateCreated`, `dateUpdated`, `uid`) VALUES
 ('31', '3', '1', '2018-01-23 02:41:09', '2018-01-23 02:41:09', '4cee2c1c-2535-4ebc-9613-604bd3c63139'),
 ('33', '4', '1', '2018-01-23 02:41:25', '2018-01-23 02:41:25', 'f49e64e5-43ea-4841-80e0-80678093620c'),
 ('34', '1', '1', '2018-01-23 03:13:20', '2018-01-23 03:13:20', '895d87b7-3abd-46c5-94a1-4d52ae252848');



DROP TABLE IF EXISTS `cft_commerce_purchasables`;


--
-- Schema for table `cft_commerce_purchasables`
--
CREATE TABLE `cft_commerce_purchasables` (
  `id` int(11) NOT NULL,
  `sku` varchar(255) COLLATE utf8_unicode_ci NOT NULL,
  `price` decimal(15,4) NOT NULL,
  `dateCreated` datetime NOT NULL,
  `dateUpdated` datetime NOT NULL,
  `uid` char(36) COLLATE utf8_unicode_ci NOT NULL DEFAULT '0',
  PRIMARY KEY (`id`),
  UNIQUE KEY `cft_commerce_purchasables_sku_unq_idx` (`sku`)
) ENGINE=InnoDB DEFAULT CHARSET=utf8 COLLATE=utf8_unicode_ci;

--
-- Data for table `cft_commerce_purchasables`
--

INSERT INTO `cft_commerce_purchasables` (`id`, `sku`, `price`, `dateCreated`, `dateUpdated`, `uid`) VALUES
 ('11', 'A New Toga', '10.0000', '2018-01-10 04:58:06', '2018-01-23 03:19:06', 'b32c588b-fd59-456c-9dd0-d193097c92c2'),
 ('13', 'Parka with Stripes on Back', '20.0000', '2018-01-10 04:58:07', '2018-01-23 03:19:17', '03029d16-bd0e-408a-9c55-e92faa93883e'),
 ('15', 'Romper for a Red Eye', '30.0000', '2018-01-10 04:58:07', '2018-01-23 03:19:28', 'e4a4aed5-b6c7-4861-81a6-f4a8e1b1456e'),
 ('17', 'The Fleece Awakens', '100.0000', '2018-01-10 04:58:07', '2018-01-23 03:19:40', '5844a147-757f-4d04-ab8e-6b59c6ace098'),
 ('32', 'DogFood001', '30.0000', '2018-01-11 05:14:27', '2018-02-13 00:26:30', '20b0bbee-eb3d-45a7-b115-1c86ba55a897'),
 ('43', 'dog-brush', '50.0000', '2018-01-22 22:51:42', '2018-01-23 03:19:57', '70ba362a-8b1d-481e-a08c-4cb2f90515b6'),
 ('45', 'dog-leash', '30.0000', '2018-01-22 22:53:09', '2018-01-23 21:47:17', '2bec8e34-a572-44fb-9c39-25a35a014e22'),
 ('59', 'cat-food', '200.0000', '2018-01-23 03:21:21', '2018-01-23 03:21:21', '75ed5859-d5cb-4c67-a6f4-4d2897cc39d9'),
 ('61', 'cat-litter-box', '40.0000', '2018-01-23 03:40:05', '2018-01-23 03:40:05', 'de6b692e-8c3f-4bd9-a6be-b82c1e81ee1e'),
 ('63', 'dog-toy', '200.0000', '2018-01-23 04:57:07', '2018-01-23 04:57:07', 'e3ea4ad2-09ac-44be-b4c5-49c0db3d8728');



DROP TABLE IF EXISTS `cft_commerce_sale_products`;


--
-- Schema for table `cft_commerce_sale_products`
--
CREATE TABLE `cft_commerce_sale_products` (
  `id` int(11) NOT NULL AUTO_INCREMENT,
  `saleId` int(11) NOT NULL,
  `productId` int(11) NOT NULL,
  `dateCreated` datetime NOT NULL,
  `dateUpdated` datetime NOT NULL,
  `uid` char(36) COLLATE utf8_unicode_ci NOT NULL DEFAULT '0',
  PRIMARY KEY (`id`),
  UNIQUE KEY `cft_commerce_sale_products_saleId_productId_unq_idx` (`saleId`,`productId`),
  KEY `cft_commerce_sale_products_productId_fk` (`productId`)
) ENGINE=InnoDB AUTO_INCREMENT=17 DEFAULT CHARSET=utf8 COLLATE=utf8_unicode_ci;

--
-- Data for table `cft_commerce_sale_products`
--

INSERT INTO `cft_commerce_sale_products` (`id`, `saleId`, `productId`, `dateCreated`, `dateUpdated`, `uid`) VALUES
 ('13', '1', '10', '2018-01-21 23:58:59', '2018-01-21 23:58:59', '1c2f8bfd-e659-49b7-b9d8-800e658b77d8'),
 ('14', '1', '12', '2018-01-21 23:58:59', '2018-01-21 23:58:59', 'a0ede848-b85b-48ca-a2b2-6818c8a1f20c'),
 ('15', '1', '14', '2018-01-21 23:58:59', '2018-01-21 23:58:59', 'b2e9f7c2-9142-45ce-819f-73bbd4757d52'),
 ('16', '1', '16', '2018-01-21 23:58:59', '2018-01-21 23:58:59', '46337478-79c4-4d66-809c-a80587b45b82');



DROP TABLE IF EXISTS `cft_commerce_sale_producttypes`;


--
-- Schema for table `cft_commerce_sale_producttypes`
--
CREATE TABLE `cft_commerce_sale_producttypes` (
  `id` int(11) NOT NULL AUTO_INCREMENT,
  `saleId` int(11) NOT NULL,
  `productTypeId` int(11) NOT NULL,
  `dateCreated` datetime NOT NULL,
  `dateUpdated` datetime NOT NULL,
  `uid` char(36) COLLATE utf8_unicode_ci NOT NULL DEFAULT '0',
  PRIMARY KEY (`id`),
  UNIQUE KEY `cft_commerce_sale_producttypes_saleId_productTypeId_unq_idx` (`saleId`,`productTypeId`),
  KEY `cft_commerce_sale_producttypes_productTypeId_fk` (`productTypeId`)
) ENGINE=InnoDB AUTO_INCREMENT=5 DEFAULT CHARSET=utf8 COLLATE=utf8_unicode_ci;

--
-- Data for table `cft_commerce_sale_producttypes`
--

INSERT INTO `cft_commerce_sale_producttypes` (`id`, `saleId`, `productTypeId`, `dateCreated`, `dateUpdated`, `uid`) VALUES
 ('4', '1', '1', '2018-01-21 23:58:59', '2018-01-21 23:58:59', '2b79c781-629d-4425-bd14-cefab1c99630');



DROP TABLE IF EXISTS `cft_commerce_sale_usergroups`;


--
-- Schema for table `cft_commerce_sale_usergroups`
--
CREATE TABLE `cft_commerce_sale_usergroups` (
  `id` int(11) NOT NULL AUTO_INCREMENT,
  `saleId` int(11) NOT NULL,
  `userGroupId` int(11) NOT NULL,
  `dateCreated` datetime NOT NULL,
  `dateUpdated` datetime NOT NULL,
  `uid` char(36) COLLATE utf8_unicode_ci NOT NULL DEFAULT '0',
  PRIMARY KEY (`id`),
  UNIQUE KEY `cft_commerce_sale_usergroups_saleId_userGroupId_unq_idx` (`saleId`,`userGroupId`),
  KEY `cft_commerce_sale_usergroups_userGroupId_fk` (`userGroupId`)
) ENGINE=InnoDB DEFAULT CHARSET=utf8 COLLATE=utf8_unicode_ci;

DROP TABLE IF EXISTS `cft_commerce_sales`;


--
-- Schema for table `cft_commerce_sales`
--
CREATE TABLE `cft_commerce_sales` (
  `id` int(11) NOT NULL AUTO_INCREMENT,
  `name` varchar(255) COLLATE utf8_unicode_ci NOT NULL,
  `description` text COLLATE utf8_unicode_ci,
  `dateFrom` datetime DEFAULT NULL,
  `dateTo` datetime DEFAULT NULL,
  `discountType` enum('percent','flat') COLLATE utf8_unicode_ci NOT NULL,
  `discountAmount` decimal(15,4) NOT NULL,
  `allGroups` tinyint(1) unsigned NOT NULL DEFAULT '0',
  `allProducts` tinyint(1) unsigned NOT NULL DEFAULT '0',
  `allProductTypes` tinyint(1) unsigned NOT NULL DEFAULT '0',
  `enabled` tinyint(1) unsigned NOT NULL DEFAULT '1',
  `dateCreated` datetime NOT NULL,
  `dateUpdated` datetime NOT NULL,
  `uid` char(36) COLLATE utf8_unicode_ci NOT NULL DEFAULT '0',
  PRIMARY KEY (`id`)
) ENGINE=InnoDB AUTO_INCREMENT=3 DEFAULT CHARSET=utf8 COLLATE=utf8_unicode_ci;

--
-- Data for table `cft_commerce_sales`
--

INSERT INTO `cft_commerce_sales` (`id`, `name`, `description`, `dateFrom`, `dateTo`, `discountType`, `discountAmount`, `allGroups`, `allProducts`, `allProductTypes`, `enabled`, `dateCreated`, `dateUpdated`, `uid`) VALUES
 ('1', 'Boxing Day Sale', 'Everything 50% off', '2018-01-10 22:00:00', '2018-01-31 06:00:00', 'percent', '-0.5000', '1', '0', '0', '0', '2018-01-11 04:48:32', '2018-01-21 23:58:59', 'b392384e-e0cc-40fc-a5b3-e7ae2a248450'),
 ('2', 'test sale', 'everything 20% off', '2018-01-21 20:30:00', '2018-01-23 06:30:00', 'flat', '-20.0000', '1', '1', '1', '1', '2018-01-22 00:00:34', '2018-01-22 00:00:46', '9b163fa1-6fe9-4f3d-bf54-d2fd9b8614d6');



DROP TABLE IF EXISTS `cft_commerce_shippingcategories`;


--
-- Schema for table `cft_commerce_shippingcategories`
--
CREATE TABLE `cft_commerce_shippingcategories` (
  `id` int(11) NOT NULL AUTO_INCREMENT,
  `name` varchar(255) COLLATE utf8_unicode_ci NOT NULL,
  `handle` varchar(255) COLLATE utf8_unicode_ci NOT NULL,
  `description` varchar(255) COLLATE utf8_unicode_ci DEFAULT NULL,
  `default` tinyint(1) unsigned NOT NULL DEFAULT '0',
  `dateCreated` datetime NOT NULL,
  `dateUpdated` datetime NOT NULL,
  `uid` char(36) COLLATE utf8_unicode_ci NOT NULL DEFAULT '0',
  PRIMARY KEY (`id`),
  UNIQUE KEY `cft_commerce_shippingcategories_handle_unq_idx` (`handle`)
) ENGINE=InnoDB AUTO_INCREMENT=2 DEFAULT CHARSET=utf8 COLLATE=utf8_unicode_ci;

--
-- Data for table `cft_commerce_shippingcategories`
--

INSERT INTO `cft_commerce_shippingcategories` (`id`, `name`, `handle`, `description`, `default`, `dateCreated`, `dateUpdated`, `uid`) VALUES
 ('1', 'General', 'general', NULL, '1', '2018-01-10 04:58:06', '2018-01-10 04:58:06', 'e035fad9-fd19-4593-abe1-4765cb5a13c3');



DROP TABLE IF EXISTS `cft_commerce_shippingmethods`;


--
-- Schema for table `cft_commerce_shippingmethods`
--
CREATE TABLE `cft_commerce_shippingmethods` (
  `id` int(11) NOT NULL AUTO_INCREMENT,
  `name` varchar(255) COLLATE utf8_unicode_ci NOT NULL,
  `handle` varchar(255) COLLATE utf8_unicode_ci NOT NULL,
  `enabled` tinyint(1) unsigned NOT NULL DEFAULT '1',
  `dateCreated` datetime NOT NULL,
  `dateUpdated` datetime NOT NULL,
  `uid` char(36) COLLATE utf8_unicode_ci NOT NULL DEFAULT '0',
  PRIMARY KEY (`id`),
  UNIQUE KEY `cft_commerce_shippingmethods_name_unq_idx` (`name`)
) ENGINE=InnoDB AUTO_INCREMENT=2 DEFAULT CHARSET=utf8 COLLATE=utf8_unicode_ci;

--
-- Data for table `cft_commerce_shippingmethods`
--

INSERT INTO `cft_commerce_shippingmethods` (`id`, `name`, `handle`, `enabled`, `dateCreated`, `dateUpdated`, `uid`) VALUES
 ('1', 'Free Shipping', 'freeShipping', '1', '2018-01-10 04:58:06', '2018-01-10 04:58:06', '69fa6ead-1537-4256-bb66-8bb27d081058');



DROP TABLE IF EXISTS `cft_commerce_shippingrule_categories`;


--
-- Schema for table `cft_commerce_shippingrule_categories`
--
CREATE TABLE `cft_commerce_shippingrule_categories` (
  `id` int(11) NOT NULL AUTO_INCREMENT,
  `shippingRuleId` int(11) DEFAULT NULL,
  `shippingCategoryId` int(11) DEFAULT NULL,
  `condition` enum('allow','disallow','require') COLLATE utf8_unicode_ci NOT NULL,
  `perItemRate` decimal(15,4) DEFAULT NULL,
  `weightRate` decimal(15,4) DEFAULT NULL,
  `percentageRate` decimal(15,4) DEFAULT NULL,
  `dateCreated` datetime NOT NULL,
  `dateUpdated` datetime NOT NULL,
  `uid` char(36) COLLATE utf8_unicode_ci NOT NULL DEFAULT '0',
  PRIMARY KEY (`id`),
  KEY `cft_commerce_shippingrule_categories_shippingRuleId_idx` (`shippingRuleId`),
  KEY `cft_commerce_shippingrule_categories_shippingCategoryId_idx` (`shippingCategoryId`)
) ENGINE=InnoDB DEFAULT CHARSET=utf8 COLLATE=utf8_unicode_ci;

DROP TABLE IF EXISTS `cft_commerce_shippingrules`;


--
-- Schema for table `cft_commerce_shippingrules`
--
CREATE TABLE `cft_commerce_shippingrules` (
  `id` int(11) NOT NULL AUTO_INCREMENT,
  `shippingZoneId` int(11) DEFAULT NULL,
  `name` varchar(255) COLLATE utf8_unicode_ci NOT NULL,
  `description` varchar(255) COLLATE utf8_unicode_ci DEFAULT NULL,
  `methodId` int(11) NOT NULL,
  `priority` int(11) NOT NULL DEFAULT '0',
  `enabled` tinyint(1) unsigned NOT NULL DEFAULT '1',
  `minQty` int(11) NOT NULL DEFAULT '0',
  `maxQty` int(11) NOT NULL DEFAULT '0',
  `minTotal` decimal(15,4) NOT NULL DEFAULT '0.0000',
  `maxTotal` decimal(15,4) NOT NULL DEFAULT '0.0000',
  `minWeight` decimal(15,4) NOT NULL DEFAULT '0.0000',
  `maxWeight` decimal(15,4) NOT NULL DEFAULT '0.0000',
  `baseRate` decimal(15,4) NOT NULL DEFAULT '0.0000',
  `perItemRate` decimal(15,4) NOT NULL DEFAULT '0.0000',
  `weightRate` decimal(15,4) NOT NULL DEFAULT '0.0000',
  `percentageRate` decimal(15,4) NOT NULL DEFAULT '0.0000',
  `minRate` decimal(15,4) NOT NULL DEFAULT '0.0000',
  `maxRate` decimal(15,4) NOT NULL DEFAULT '0.0000',
  `dateCreated` datetime NOT NULL,
  `dateUpdated` datetime NOT NULL,
  `uid` char(36) COLLATE utf8_unicode_ci NOT NULL DEFAULT '0',
  PRIMARY KEY (`id`),
  KEY `cft_commerce_shippingrules_name_idx` (`name`),
  KEY `cft_commerce_shippingrules_methodId_idx` (`methodId`),
  KEY `cft_commerce_shippingrules_shippingZoneId_fk` (`shippingZoneId`)
) ENGINE=InnoDB AUTO_INCREMENT=2 DEFAULT CHARSET=utf8 COLLATE=utf8_unicode_ci;

--
-- Data for table `cft_commerce_shippingrules`
--

INSERT INTO `cft_commerce_shippingrules` (`id`, `shippingZoneId`, `name`, `description`, `methodId`, `priority`, `enabled`, `minQty`, `maxQty`, `minTotal`, `maxTotal`, `minWeight`, `maxWeight`, `baseRate`, `perItemRate`, `weightRate`, `percentageRate`, `minRate`, `maxRate`, `dateCreated`, `dateUpdated`, `uid`) VALUES
 ('1', NULL, 'Free Everywhere ', 'All Countries, free shipping.', '1', '0', '1', '0', '0', '0.0000', '0.0000', '0.0000', '0.0000', '0.0000', '0.0000', '0.0000', '0.0000', '0.0000', '0.0000', '2018-01-10 04:58:06', '2018-01-10 04:58:06', '9e4048c0-eb94-4bb8-a519-fee9bb18b9d4');



DROP TABLE IF EXISTS `cft_commerce_shippingzone_countries`;


--
-- Schema for table `cft_commerce_shippingzone_countries`
--
CREATE TABLE `cft_commerce_shippingzone_countries` (
  `id` int(11) NOT NULL AUTO_INCREMENT,
  `shippingZoneId` int(11) NOT NULL,
  `countryId` int(11) NOT NULL,
  `dateCreated` datetime NOT NULL,
  `dateUpdated` datetime NOT NULL,
  `uid` char(36) COLLATE utf8_unicode_ci NOT NULL DEFAULT '0',
  PRIMARY KEY (`id`),
  UNIQUE KEY `cft_commerc_shippingzon_countrie_shippingZoneI_countryI_unq_idx` (`shippingZoneId`,`countryId`),
  KEY `cft_commerce_shippingzone_countries_shippingZoneId_idx` (`shippingZoneId`),
  KEY `cft_commerce_shippingzone_countries_countryId_idx` (`countryId`)
) ENGINE=InnoDB DEFAULT CHARSET=utf8 COLLATE=utf8_unicode_ci;

DROP TABLE IF EXISTS `cft_commerce_shippingzone_states`;


--
-- Schema for table `cft_commerce_shippingzone_states`
--
CREATE TABLE `cft_commerce_shippingzone_states` (
  `id` int(11) NOT NULL AUTO_INCREMENT,
  `shippingZoneId` int(11) NOT NULL,
  `stateId` int(11) NOT NULL,
  `dateCreated` datetime NOT NULL,
  `dateUpdated` datetime NOT NULL,
  `uid` char(36) COLLATE utf8_unicode_ci NOT NULL DEFAULT '0',
  PRIMARY KEY (`id`),
  UNIQUE KEY `cft_commerce_shippingzone_states_shippingZoneId_stateId_unq_idx` (`shippingZoneId`,`stateId`),
  KEY `cft_commerce_shippingzone_states_shippingZoneId_idx` (`shippingZoneId`),
  KEY `cft_commerce_shippingzone_states_stateId_idx` (`stateId`)
) ENGINE=InnoDB DEFAULT CHARSET=utf8 COLLATE=utf8_unicode_ci;

DROP TABLE IF EXISTS `cft_commerce_shippingzones`;


--
-- Schema for table `cft_commerce_shippingzones`
--
CREATE TABLE `cft_commerce_shippingzones` (
  `id` int(11) NOT NULL AUTO_INCREMENT,
  `name` varchar(255) COLLATE utf8_unicode_ci NOT NULL,
  `description` varchar(255) COLLATE utf8_unicode_ci DEFAULT NULL,
  `countryBased` tinyint(1) unsigned NOT NULL DEFAULT '1',
  `dateCreated` datetime NOT NULL,
  `dateUpdated` datetime NOT NULL,
  `uid` char(36) COLLATE utf8_unicode_ci NOT NULL DEFAULT '0',
  PRIMARY KEY (`id`),
  UNIQUE KEY `cft_commerce_shippingzones_name_unq_idx` (`name`)
) ENGINE=InnoDB DEFAULT CHARSET=utf8 COLLATE=utf8_unicode_ci;

DROP TABLE IF EXISTS `cft_commerce_states`;


--
-- Schema for table `cft_commerce_states`
--
CREATE TABLE `cft_commerce_states` (
  `id` int(11) NOT NULL AUTO_INCREMENT,
  `name` varchar(255) COLLATE utf8_unicode_ci NOT NULL,
  `abbreviation` varchar(255) COLLATE utf8_unicode_ci DEFAULT NULL,
  `countryId` int(11) NOT NULL,
  `dateCreated` datetime NOT NULL,
  `dateUpdated` datetime NOT NULL,
  `uid` char(36) COLLATE utf8_unicode_ci NOT NULL DEFAULT '0',
  PRIMARY KEY (`id`),
  UNIQUE KEY `cft_commerce_states_name_countryId_unq_idx` (`name`,`countryId`),
  KEY `cft_commerce_states_countryId_fk` (`countryId`)
) ENGINE=InnoDB AUTO_INCREMENT=73 DEFAULT CHARSET=utf8 COLLATE=utf8_unicode_ci;

--
-- Data for table `cft_commerce_states`
--

INSERT INTO `cft_commerce_states` (`id`, `name`, `abbreviation`, `countryId`, `dateCreated`, `dateUpdated`, `uid`) VALUES
 ('1', 'Australian Capital Territory', 'ACT', '13', '2018-01-10 04:58:08', '2018-01-10 04:58:08', 'bf4dac2f-0f04-43f0-b91d-5ac68ab0edc6'),
 ('2', 'New South Wales', 'NSW', '13', '2018-01-10 04:58:08', '2018-01-10 04:58:08', '2420829c-5c0f-46ec-96e3-fd4f27c1e787'),
 ('3', 'Northern Territory', 'NT', '13', '2018-01-10 04:58:08', '2018-01-10 04:58:08', '5d1ce934-b9d4-4755-a935-9213767bb94c'),
 ('4', 'Queensland', 'QLD', '13', '2018-01-10 04:58:08', '2018-01-10 04:58:08', 'c646224c-4c2d-452a-8780-3f885afbd283'),
 ('5', 'South Australia', 'SA', '13', '2018-01-10 04:58:08', '2018-01-10 04:58:08', '22cf10e2-5ad9-46b6-9133-d28ec69b9939'),
 ('6', 'Tasmania', 'TAS', '13', '2018-01-10 04:58:08', '2018-01-10 23:09:00', '0a4d3014-a7a9-4a52-a9c7-06fa5df9254a'),
 ('7', 'Victoria', 'VIC', '13', '2018-01-10 04:58:08', '2018-01-10 04:58:08', 'b3e9af80-b02f-4565-b39b-8ca9dee5f86a'),
 ('8', 'Western Australia', 'WA', '13', '2018-01-10 04:58:08', '2018-01-10 04:58:08', 'ea178694-442c-4d48-89bd-c3934cfd0a82'),
 ('9', 'Alberta', 'AB', '38', '2018-01-10 04:58:08', '2018-01-10 04:58:08', '5e6d714c-d642-46bd-863b-0909ebf802e6'),
 ('10', 'British Columbia', 'BC', '38', '2018-01-10 04:58:08', '2018-01-10 04:58:08', 'ecf1f3f2-1a82-4895-88c9-4d955d282fcd'),
 ('11', 'Manitoba', 'MB', '38', '2018-01-10 04:58:08', '2018-01-10 04:58:08', '73b9a996-2646-4ee1-8067-7c75e74b9bbe'),
 ('12', 'New Brunswick', 'NB', '38', '2018-01-10 04:58:08', '2018-01-10 04:58:08', '067efdec-d5de-4df1-bebe-fde08c30214a'),
 ('13', 'Newfoundland and Labrador', 'NL', '38', '2018-01-10 04:58:08', '2018-01-10 04:58:08', '6a4ada1e-0c01-4025-b395-529c2164e929'),
 ('14', 'Northwest Territories', 'NT', '38', '2018-01-10 04:58:08', '2018-01-10 04:58:08', '1d5f87d7-b5cb-4ffe-9272-745e6c70c01a'),
 ('15', 'Nova Scotia', 'NS', '38', '2018-01-10 04:58:08', '2018-01-10 04:58:08', '2e728a15-d962-4a0a-a55e-fba4131689df'),
 ('16', 'Nunavut', 'NU', '38', '2018-01-10 04:58:08', '2018-01-10 04:58:08', 'a71761da-3a82-4d4a-a1c7-92d7d0e24c62'),
 ('17', 'Ontario', 'ON', '38', '2018-01-10 04:58:08', '2018-01-10 04:58:08', 'b234df11-c725-413f-bc44-eeff7b046761'),
 ('18', 'Prince Edward Island', 'PE', '38', '2018-01-10 04:58:08', '2018-01-10 04:58:08', '3ab5df77-a8f7-497a-83a3-39bf41d486ac'),
 ('19', 'Quebec', 'QC', '38', '2018-01-10 04:58:08', '2018-01-10 04:58:08', '31446923-c6ef-4618-948b-fd626656c2f9'),
 ('20', 'Saskatchewan', 'SK', '38', '2018-01-10 04:58:08', '2018-01-10 04:58:08', '727c6e77-0a55-47d3-b3f0-e39fa759a2c7'),
 ('21', 'Yukon', 'YT', '38', '2018-01-10 04:58:08', '2018-01-10 04:58:08', '9672586e-9a80-4cb2-b07f-deac660c6499'),
 ('22', 'Alabama', 'AL', '233', '2018-01-10 04:58:08', '2018-01-10 04:58:08', 'f6ffde41-688c-4be8-8dc6-c204a455b13a'),
 ('23', 'Alaska', 'AK', '233', '2018-01-10 04:58:08', '2018-01-10 04:58:08', 'e3a96515-0ebf-46bb-9270-ccf03030d6ef'),
 ('24', 'Arizona', 'AZ', '233', '2018-01-10 04:58:08', '2018-01-10 04:58:08', 'cdccfff3-dec1-401d-8f06-3fc5c7f092c2'),
 ('25', 'Arkansas', 'AR', '233', '2018-01-10 04:58:08', '2018-01-10 04:58:08', '0477f686-771f-4676-ab65-21cb9b346bcd'),
 ('26', 'California', 'CA', '233', '2018-01-10 04:58:08', '2018-01-10 04:58:08', '5a2b5a2f-d855-41dc-85e6-5c98540f48fc'),
 ('27', 'Colorado', 'CO', '233', '2018-01-10 04:58:08', '2018-01-10 04:58:08', 'fac66329-cfe7-472b-bc4f-184bfcf90bf3'),
 ('28', 'Connecticut', 'CT', '233', '2018-01-10 04:58:08', '2018-01-10 04:58:08', 'e0a3292e-740a-4723-a3d0-41f831d3a763'),
 ('29', 'Delaware', 'DE', '233', '2018-01-10 04:58:08', '2018-01-10 04:58:08', '806fcb98-5966-4cd2-a625-60851ee100fb'),
 ('30', 'District of Columbia', 'DC', '233', '2018-01-10 04:58:08', '2018-01-10 04:58:08', 'c14127b4-895f-4ce3-b675-05e8725509e0'),
 ('31', 'Florida', 'FL', '233', '2018-01-10 04:58:08', '2018-01-10 04:58:08', '9d8b73a5-a4cc-478b-85de-7c5645c9d295'),
 ('32', 'Georgia', 'GA', '233', '2018-01-10 04:58:08', '2018-01-10 04:58:08', '3e98b662-3a05-43e0-9b4a-759538a14b03'),
 ('33', 'Hawaii', 'HI', '233', '2018-01-10 04:58:08', '2018-01-10 04:58:08', '89f3a68b-ec0f-4fe8-b181-191fcf80e00c'),
 ('34', 'Idaho', 'ID', '233', '2018-01-10 04:58:08', '2018-01-10 04:58:08', '9d379b01-7cdb-4987-a3b9-4c2b585baeb4'),
 ('35', 'Illinois', 'IL', '233', '2018-01-10 04:58:08', '2018-01-10 04:58:08', '77bb68aa-1c73-4fa5-b5b8-f1e9f41bec01'),
 ('36', 'Indiana', 'IN', '233', '2018-01-10 04:58:08', '2018-01-10 04:58:08', '728b1376-ea90-499a-8e21-c08b59279c3f'),
 ('37', 'Iowa', 'IA', '233', '2018-01-10 04:58:08', '2018-01-10 04:58:08', '06309000-edce-4d4b-954c-c649115e1966'),
 ('38', 'Kansas', 'KS', '233', '2018-01-10 04:58:08', '2018-01-10 04:58:08', '2b920e37-e79c-48dd-8ce6-63b222e66ebc'),
 ('39', 'Kentucky', 'KY', '233', '2018-01-10 04:58:08', '2018-01-10 04:58:08', 'f62b4cd8-6cfb-45ef-8c91-ed53df97b9c4'),
 ('40', 'Louisiana', 'LA', '233', '2018-01-10 04:58:08', '2018-01-10 04:58:08', 'd0207e62-69ca-4999-bf49-56cbfecf8723'),
 ('41', 'Maine', 'ME', '233', '2018-01-10 04:58:08', '2018-01-10 04:58:08', '0fc7e7cf-69eb-406b-b85b-c5e39d7792da'),
 ('42', 'Maryland', 'MD', '233', '2018-01-10 04:58:08', '2018-01-10 04:58:08', '272c5295-fa14-431f-a474-f2f838576505'),
 ('43', 'Massachusetts', 'MA', '233', '2018-01-10 04:58:08', '2018-01-10 04:58:08', '220d4ca1-e261-46fb-ac98-bc7585629e81'),
 ('44', 'Michigan', 'MI', '233', '2018-01-10 04:58:08', '2018-01-10 04:58:08', '7c901cb1-962f-493a-acbd-5336316647e0'),
 ('45', 'Minnesota', 'MN', '233', '2018-01-10 04:58:08', '2018-01-10 04:58:08', 'b07b89fe-3d8c-4651-9965-9c12609adf93'),
 ('46', 'Mississippi', 'MS', '233', '2018-01-10 04:58:08', '2018-01-10 04:58:08', 'ff0f3f07-74d6-4cd9-af29-4f9dad413398'),
 ('47', 'Missouri', 'MO', '233', '2018-01-10 04:58:08', '2018-01-10 04:58:08', '7bb5d67d-ec17-41e4-8af8-de15deb202b3'),
 ('48', 'Montana', 'MT', '233', '2018-01-10 04:58:08', '2018-01-10 04:58:08', '979d0f08-de1b-4921-bcb5-fdbb4b69e8bf'),
 ('49', 'Nebraska', 'NE', '233', '2018-01-10 04:58:08', '2018-01-10 04:58:08', '00da7922-ebde-485c-ada2-1c2c717a7276'),
 ('50', 'Nevada', 'NV', '233', '2018-01-10 04:58:08', '2018-01-10 04:58:08', '37c2dea0-576c-4b95-bb12-a3d434ad4b03'),
 ('51', 'New Hampshire', 'NH', '233', '2018-01-10 04:58:08', '2018-01-10 04:58:08', '0b0c4a92-b04e-4884-9df6-b1bdb3ee9abb'),
 ('52', 'New Jersey', 'NJ', '233', '2018-01-10 04:58:08', '2018-01-10 04:58:08', 'f6f3c9c4-3e7f-4765-b79b-28774a9bae92'),
 ('53', 'New Mexico', 'NM', '233', '2018-01-10 04:58:08', '2018-01-10 04:58:08', '3ebe64fc-d133-413a-bd20-901bc87f6513'),
 ('54', 'New York', 'NY', '233', '2018-01-10 04:58:08', '2018-01-10 04:58:08', '8a4660c3-b5ea-4c86-b42c-da3828918c4d'),
 ('55', 'North Carolina', 'NC', '233', '2018-01-10 04:58:08', '2018-01-10 04:58:08', 'c9c295ac-4140-472b-963d-f977a07fa630'),
 ('56', 'North Dakota', 'ND', '233', '2018-01-10 04:58:08', '2018-01-10 04:58:08', '58b5b685-1ff4-4c37-8ce9-e21affb18efb'),
 ('57', 'Ohio', 'OH', '233', '2018-01-10 04:58:08', '2018-01-10 04:58:08', '0637bf35-c58b-4e2a-8175-db903546fca3'),
 ('58', 'Oklahoma', 'OK', '233', '2018-01-10 04:58:08', '2018-01-10 04:58:08', 'd581e4b1-d90f-43fa-9c20-98a2efee267e'),
 ('59', 'Oregon', 'OR', '233', '2018-01-10 04:58:08', '2018-01-10 04:58:08', 'a56f0750-2221-4a46-a9fc-03b58658ed08'),
 ('60', 'Pennsylvania', 'PA', '233', '2018-01-10 04:58:08', '2018-01-10 04:58:08', 'e4956999-8404-4371-927a-4ec5e0c5893e'),
 ('61', 'Rhode Island', 'RI', '233', '2018-01-10 04:58:08', '2018-01-10 04:58:08', 'dd2f2777-ccf9-45c1-9419-d9ea95d1c238'),
 ('62', 'South Carolina', 'SC', '233', '2018-01-10 04:58:08', '2018-01-10 04:58:08', 'a24d419a-dde1-4dad-836a-9468b2f79feb'),
 ('63', 'South Dakota', 'SD', '233', '2018-01-10 04:58:08', '2018-01-10 04:58:08', 'b94d364a-63fe-41c0-a1b8-219c9af51a50'),
 ('64', 'Tennessee', 'TN', '233', '2018-01-10 04:58:08', '2018-01-10 04:58:08', '064583b0-47c6-4e34-8067-12083306a0c9'),
 ('65', 'Texas', 'TX', '233', '2018-01-10 04:58:08', '2018-01-10 04:58:08', '09ca12a7-e232-44fe-8da1-a4e1980bfbe9'),
 ('66', 'Utah', 'UT', '233', '2018-01-10 04:58:08', '2018-01-10 04:58:08', '62c579f1-b8f9-4adf-b1b8-95df317ce7f3'),
 ('67', 'Vermont', 'VT', '233', '2018-01-10 04:58:08', '2018-01-10 04:58:08', '2c8d6cf4-4750-49a9-8ed6-75046882be61'),
 ('68', 'Virginia', 'VA', '233', '2018-01-10 04:58:08', '2018-01-10 04:58:08', '289f935a-40a1-4456-9440-300eb6d02c31'),
 ('69', 'Washington', 'WA', '233', '2018-01-10 04:58:08', '2018-01-10 04:58:08', 'd25573a6-32d4-4cf9-8fd2-6a3fbfd23949'),
 ('70', 'West Virginia', 'WV', '233', '2018-01-10 04:58:08', '2018-01-10 04:58:08', '3dda2d6f-0993-4e5e-9c41-94b04c18d710'),
 ('71', 'Wisconsin', 'WI', '233', '2018-01-10 04:58:08', '2018-01-10 04:58:08', 'cf99ab72-02a0-4700-ac10-80a951f212ac'),
 ('72', 'Wyoming', 'WY', '233', '2018-01-10 04:58:08', '2018-01-10 04:58:08', 'fb9022bb-772d-4358-88d2-bd10e98385cc');



DROP TABLE IF EXISTS `cft_commerce_taxcategories`;


--
-- Schema for table `cft_commerce_taxcategories`
--
CREATE TABLE `cft_commerce_taxcategories` (
  `id` int(11) NOT NULL AUTO_INCREMENT,
  `name` varchar(255) COLLATE utf8_unicode_ci NOT NULL,
  `handle` varchar(255) COLLATE utf8_unicode_ci NOT NULL,
  `description` varchar(255) COLLATE utf8_unicode_ci DEFAULT NULL,
  `default` tinyint(1) unsigned NOT NULL DEFAULT '0',
  `dateCreated` datetime NOT NULL,
  `dateUpdated` datetime NOT NULL,
  `uid` char(36) COLLATE utf8_unicode_ci NOT NULL DEFAULT '0',
  PRIMARY KEY (`id`),
  UNIQUE KEY `cft_commerce_taxcategories_handle_unq_idx` (`handle`)
) ENGINE=InnoDB AUTO_INCREMENT=2 DEFAULT CHARSET=utf8 COLLATE=utf8_unicode_ci;

--
-- Data for table `cft_commerce_taxcategories`
--

INSERT INTO `cft_commerce_taxcategories` (`id`, `name`, `handle`, `description`, `default`, `dateCreated`, `dateUpdated`, `uid`) VALUES
 ('1', 'General', 'general', NULL, '1', '2018-01-10 04:58:06', '2018-01-10 04:58:06', '99dc0f58-a3b1-4c25-9c8e-7dd22165c7e1');



DROP TABLE IF EXISTS `cft_commerce_taxrates`;


--
-- Schema for table `cft_commerce_taxrates`
--
CREATE TABLE `cft_commerce_taxrates` (
  `id` int(11) NOT NULL AUTO_INCREMENT,
  `taxZoneId` int(11) NOT NULL,
  `taxCategoryId` int(11) NOT NULL,
  `name` varchar(255) COLLATE utf8_unicode_ci NOT NULL,
  `rate` decimal(15,4) NOT NULL,
  `include` tinyint(1) unsigned NOT NULL DEFAULT '0',
  `isVat` tinyint(1) unsigned NOT NULL DEFAULT '0',
  `taxable` enum('price','shipping','price_shipping','order_total_shipping','order_total_price') COLLATE utf8_unicode_ci NOT NULL,
  `dateCreated` datetime NOT NULL,
  `dateUpdated` datetime NOT NULL,
  `uid` char(36) COLLATE utf8_unicode_ci NOT NULL DEFAULT '0',
  PRIMARY KEY (`id`),
  KEY `cft_commerce_taxrates_taxZoneId_idx` (`taxZoneId`),
  KEY `cft_commerce_taxrates_taxCategoryId_idx` (`taxCategoryId`)
) ENGINE=InnoDB DEFAULT CHARSET=utf8 COLLATE=utf8_unicode_ci;

DROP TABLE IF EXISTS `cft_commerce_taxzone_countries`;


--
-- Schema for table `cft_commerce_taxzone_countries`
--
CREATE TABLE `cft_commerce_taxzone_countries` (
  `id` int(11) NOT NULL AUTO_INCREMENT,
  `taxZoneId` int(11) NOT NULL,
  `countryId` int(11) NOT NULL,
  `dateCreated` datetime NOT NULL,
  `dateUpdated` datetime NOT NULL,
  `uid` char(36) COLLATE utf8_unicode_ci NOT NULL DEFAULT '0',
  PRIMARY KEY (`id`),
  UNIQUE KEY `cft_commerce_taxzone_countries_taxZoneId_countryId_unq_idx` (`taxZoneId`,`countryId`),
  KEY `cft_commerce_taxzone_countries_taxZoneId_idx` (`taxZoneId`),
  KEY `cft_commerce_taxzone_countries_countryId_idx` (`countryId`)
) ENGINE=InnoDB DEFAULT CHARSET=utf8 COLLATE=utf8_unicode_ci;

DROP TABLE IF EXISTS `cft_commerce_taxzone_states`;


--
-- Schema for table `cft_commerce_taxzone_states`
--
CREATE TABLE `cft_commerce_taxzone_states` (
  `id` int(11) NOT NULL AUTO_INCREMENT,
  `taxZoneId` int(11) NOT NULL,
  `stateId` int(11) NOT NULL,
  `dateCreated` datetime NOT NULL,
  `dateUpdated` datetime NOT NULL,
  `uid` char(36) COLLATE utf8_unicode_ci NOT NULL DEFAULT '0',
  PRIMARY KEY (`id`),
  UNIQUE KEY `cft_commerce_taxzone_states_taxZoneId_stateId_unq_idx` (`taxZoneId`,`stateId`),
  KEY `cft_commerce_taxzone_states_taxZoneId_idx` (`taxZoneId`),
  KEY `cft_commerce_taxzone_states_stateId_idx` (`stateId`)
) ENGINE=InnoDB DEFAULT CHARSET=utf8 COLLATE=utf8_unicode_ci;

DROP TABLE IF EXISTS `cft_commerce_taxzones`;


--
-- Schema for table `cft_commerce_taxzones`
--
CREATE TABLE `cft_commerce_taxzones` (
  `id` int(11) NOT NULL AUTO_INCREMENT,
  `name` varchar(255) COLLATE utf8_unicode_ci NOT NULL,
  `description` varchar(255) COLLATE utf8_unicode_ci DEFAULT NULL,
  `countryBased` tinyint(1) unsigned NOT NULL DEFAULT '1',
  `default` tinyint(1) unsigned NOT NULL DEFAULT '0',
  `dateCreated` datetime NOT NULL,
  `dateUpdated` datetime NOT NULL,
  `uid` char(36) COLLATE utf8_unicode_ci NOT NULL DEFAULT '0',
  PRIMARY KEY (`id`),
  UNIQUE KEY `cft_commerce_taxzones_name_unq_idx` (`name`)
) ENGINE=InnoDB DEFAULT CHARSET=utf8 COLLATE=utf8_unicode_ci;

DROP TABLE IF EXISTS `cft_commerce_transactions`;


--
-- Schema for table `cft_commerce_transactions`
--
CREATE TABLE `cft_commerce_transactions` (
  `id` int(11) NOT NULL AUTO_INCREMENT,
  `parentId` int(11) DEFAULT NULL,
  `paymentMethodId` int(11) DEFAULT NULL,
  `userId` int(11) DEFAULT NULL,
  `hash` varchar(32) COLLATE utf8_unicode_ci DEFAULT NULL,
  `type` enum('authorize','capture','purchase','refund') COLLATE utf8_unicode_ci NOT NULL,
  `amount` decimal(15,4) DEFAULT NULL,
  `paymentAmount` decimal(15,4) DEFAULT NULL,
  `currency` varchar(255) COLLATE utf8_unicode_ci DEFAULT NULL,
  `paymentCurrency` varchar(255) COLLATE utf8_unicode_ci DEFAULT NULL,
  `paymentRate` decimal(15,4) DEFAULT NULL,
  `status` enum('pending','redirect','success','failed') COLLATE utf8_unicode_ci NOT NULL,
  `reference` varchar(255) COLLATE utf8_unicode_ci DEFAULT NULL,
  `code` varchar(255) COLLATE utf8_unicode_ci DEFAULT NULL,
  `message` text COLLATE utf8_unicode_ci,
  `response` text COLLATE utf8_unicode_ci,
  `orderId` int(11) NOT NULL,
  `dateCreated` datetime NOT NULL,
  `dateUpdated` datetime NOT NULL,
  `uid` char(36) COLLATE utf8_unicode_ci NOT NULL DEFAULT '0',
  PRIMARY KEY (`id`),
  KEY `cft_commerce_transactions_parentId_fk` (`parentId`),
  KEY `cft_commerce_transactions_paymentMethodId_fk` (`paymentMethodId`),
  KEY `cft_commerce_transactions_orderId_fk` (`orderId`),
  KEY `cft_commerce_transactions_userId_fk` (`userId`)
) ENGINE=InnoDB AUTO_INCREMENT=2 DEFAULT CHARSET=utf8 COLLATE=utf8_unicode_ci;

--
-- Data for table `cft_commerce_transactions`
--

INSERT INTO `cft_commerce_transactions` (`id`, `parentId`, `paymentMethodId`, `userId`, `hash`, `type`, `amount`, `paymentAmount`, `currency`, `paymentCurrency`, `paymentRate`, `status`, `reference`, `code`, `message`, `response`, `orderId`, `dateCreated`, `dateUpdated`, `uid`) VALUES
 ('1', NULL, '1', '1', '213840f70a71ff31ec8acd167ed61585', 'purchase', '20.0000', '20.0000', 'AUD', 'AUD', '1.0000', 'success', '5a56ba42957f0', NULL, 'Success', '{\"amount\":\"20.00\",\"reference\":\"5a56ba42957f0\",\"success\":1,\"message\":\"Success\"}', '20', '2018-01-11 01:13:38', '2018-01-11 01:13:38', 'd834f7f2-85aa-4548-a7f5-663d5fe066f5');



DROP TABLE IF EXISTS `cft_commerce_variants`;


--
-- Schema for table `cft_commerce_variants`
--
CREATE TABLE `cft_commerce_variants` (
  `productId` int(11) DEFAULT NULL,
  `id` int(11) NOT NULL,
  `sku` varchar(255) COLLATE utf8_unicode_ci NOT NULL,
  `isDefault` tinyint(1) unsigned NOT NULL DEFAULT '0',
  `price` decimal(15,4) NOT NULL,
  `sortOrder` int(11) DEFAULT NULL,
  `width` decimal(15,4) DEFAULT NULL,
  `height` decimal(15,4) DEFAULT NULL,
  `length` decimal(15,4) DEFAULT NULL,
  `weight` decimal(15,4) DEFAULT NULL,
  `stock` int(11) NOT NULL DEFAULT '0',
  `unlimitedStock` tinyint(1) unsigned NOT NULL DEFAULT '0',
  `minQty` int(11) DEFAULT NULL,
  `maxQty` int(11) DEFAULT NULL,
  `dateCreated` datetime NOT NULL,
  `dateUpdated` datetime NOT NULL,
  `uid` char(36) COLLATE utf8_unicode_ci NOT NULL DEFAULT '0',
  PRIMARY KEY (`id`),
  UNIQUE KEY `cft_commerce_variants_sku_unq_idx` (`sku`),
  KEY `cft_commerce_variants_productId_fk` (`productId`)
) ENGINE=InnoDB DEFAULT CHARSET=utf8 COLLATE=utf8_unicode_ci;

--
-- Data for table `cft_commerce_variants`
--

INSERT INTO `cft_commerce_variants` (`productId`, `id`, `sku`, `isDefault`, `price`, `sortOrder`, `width`, `height`, `length`, `weight`, `stock`, `unlimitedStock`, `minQty`, `maxQty`, `dateCreated`, `dateUpdated`, `uid`) VALUES
 ('10', '11', 'A New Toga', '1', '10.0000', '1', '0.0000', '0.0000', '0.0000', '0.0000', '0', '1', NULL, NULL, '2018-01-10 04:58:06', '2018-01-23 03:19:06', 'cecdc731-69a5-4072-b243-39991248ded2'),
 ('12', '13', 'Parka with Stripes on Back', '1', '20.0000', '1', '0.0000', '0.0000', '0.0000', '0.0000', '0', '1', NULL, NULL, '2018-01-10 04:58:07', '2018-01-23 03:19:17', '3e8458f9-c425-42ee-813b-7d526ec628d1'),
 ('14', '15', 'Romper for a Red Eye', '1', '30.0000', '1', '0.0000', '0.0000', '0.0000', '0.0000', '0', '1', NULL, NULL, '2018-01-10 04:58:07', '2018-01-23 03:19:28', 'cfd7a2e1-dcf9-4bd5-b177-656c5609c180'),
 ('16', '17', 'The Fleece Awakens', '1', '100.0000', '1', '0.0000', '0.0000', '0.0000', '0.0000', '0', '0', NULL, NULL, '2018-01-10 04:58:07', '2018-01-23 03:19:40', '409ebd79-8cca-4b03-818a-4c2ed6f75734'),
 ('31', '32', 'DogFood001', '1', '30.0000', '1', '0.0000', '0.0000', '0.0000', '0.0000', '20', '0', '1', '2', '2018-01-11 05:14:27', '2018-02-13 00:26:30', '3bb0aaec-f5ad-4075-9f16-79fa82c400c1'),
 ('42', '43', 'dog-brush', '1', '50.0000', '1', '0.0000', '0.0000', '0.0000', '0.0000', '0', '1', NULL, NULL, '2018-01-22 22:51:42', '2018-01-23 03:19:57', '8255dfc5-a5ca-4633-a630-4b65a9ad9844'),
 ('44', '45', 'dog-leash', '1', '30.0000', '1', '0.0000', '0.0000', '0.0000', '0.0000', '0', '1', NULL, NULL, '2018-01-22 22:53:09', '2018-01-23 21:47:17', 'e810bfbc-cddf-45c9-b56c-9eea7b7ee7a1'),
 ('58', '59', 'cat-food', '1', '200.0000', '1', '0.0000', '0.0000', '0.0000', '0.0000', '0', '1', NULL, NULL, '2018-01-23 03:21:21', '2018-01-23 03:21:21', 'd0efe4a5-e787-4a4b-92df-ad084acc4300'),
 ('60', '61', 'cat-litter-box', '1', '40.0000', '1', '0.0000', '0.0000', '0.0000', '0.0000', '0', '1', NULL, NULL, '2018-01-23 03:40:05', '2018-01-23 03:40:05', 'a9dc9b0a-348f-4d0b-bc4a-84f940dc3125'),
 ('62', '63', 'dog-toy', '1', '200.0000', '1', '0.0000', '0.0000', '0.0000', '0.0000', '0', '1', NULL, NULL, '2018-01-23 04:57:07', '2018-01-23 04:57:07', '561cc9c6-e673-4c2d-b29d-bed765c8a93d');



DROP TABLE IF EXISTS `cft_content`;


--
-- Schema for table `cft_content`
--
CREATE TABLE `cft_content` (
  `id` int(11) NOT NULL AUTO_INCREMENT,
  `elementId` int(11) NOT NULL,
  `locale` char(12) COLLATE utf8_unicode_ci NOT NULL,
  `title` varchar(255) COLLATE utf8_unicode_ci DEFAULT NULL,
  `field_productDescription` text COLLATE utf8_unicode_ci,
  `field_int` tinyint(3) unsigned DEFAULT '0',
  `field_delivery` varchar(255) COLLATE utf8_unicode_ci DEFAULT NULL,
  `field_body` text COLLATE utf8_unicode_ci,
  `dateCreated` datetime NOT NULL,
  `dateUpdated` datetime NOT NULL,
  `uid` char(36) COLLATE utf8_unicode_ci NOT NULL DEFAULT '0',
  PRIMARY KEY (`id`),
  UNIQUE KEY `cft_content_elementId_locale_unq_idx` (`elementId`,`locale`),
  KEY `cft_content_title_idx` (`title`),
  KEY `cft_content_locale_fk` (`locale`)
) ENGINE=InnoDB AUTO_INCREMENT=77 DEFAULT CHARSET=utf8 COLLATE=utf8_unicode_ci;

--
-- Data for table `cft_content`
--

INSERT INTO `cft_content` (`id`, `elementId`, `locale`, `title`, `field_productDescription`, `field_int`, `field_delivery`, `field_body`, `dateCreated`, `dateUpdated`, `uid`) VALUES
 ('1', '1', 'en_au', NULL, NULL, '0', NULL, NULL, '2017-12-11 21:39:24', '2018-02-13 02:32:02', '0f5d8afa-bc43-4a8b-94fa-50776ac6debd'),
 ('2', '2', 'en_au', 'Home', '<p>It’s true, this site doesn’t have a whole lot of content yet, but don’t worry. Our web developers have just installed the CMS, and they’re setting things up for the content editors this very moment. Soon Craft.test will be an oasis of fresh perspectives, sharp analyses, and astute opinions that will keep you coming back again and again.</p>', '0', NULL, '', '2017-12-11 21:39:25', '2018-01-23 01:59:12', '658a25f2-d3ab-426b-9fcb-82f4beaff409'),
 ('5', '5', 'en_au', 'news', NULL, '0', NULL, NULL, '2017-12-12 00:40:21', '2017-12-12 00:40:21', 'fb5dd13e-9f12-4f42-90d7-97afb6fd4cbf'),
 ('9', '9', 'en_au', 'Test', NULL, '0', NULL, NULL, '2017-12-12 02:13:01', '2017-12-12 02:54:18', '0d37106d-d2ff-4b17-96a2-18bf431462a4'),
 ('10', '10', 'en_au', 'A New Toga', '<p>This is a new Toga.</p>', '0', '[\"\"]', NULL, '2018-01-10 04:58:06', '2018-01-23 03:19:05', 'f3a6d97e-29a2-46e2-b0d9-cae6dfb239c0'),
 ('11', '11', 'en_au', 'A New Toga', NULL, '0', '[\"\"]', NULL, '2018-01-10 04:58:06', '2018-01-23 03:19:06', '4b3fc923-e92a-4106-91d3-200103bbf608'),
 ('12', '12', 'en_au', 'Parka with Stripes on Back', '<p>This is Parka with Stripes on Back</p>', '0', '[\"\"]', NULL, '2018-01-10 04:58:07', '2018-01-23 03:19:17', '1b62a0c2-8c72-4c73-9cc1-84fad24a03c7'),
 ('13', '13', 'en_au', 'Parka with Stripes on Back', NULL, '0', '', NULL, '2018-01-10 04:58:07', '2018-01-23 03:19:17', '529341f6-f4e8-456e-9ebe-8502e5c33672'),
 ('14', '14', 'en_au', 'Romper for a Red Eye', '<p>This is Romper for a Red Eye</p>', '0', '[\"\"]', NULL, '2018-01-10 04:58:07', '2018-01-23 03:19:28', '0eab063d-581a-4a1f-aa3b-f973368114e2'),
 ('15', '15', 'en_au', 'Romper for a Red Eye', NULL, '0', '', NULL, '2018-01-10 04:58:07', '2018-01-23 03:19:28', '1a8bbef8-069d-4bb2-8879-2c029c83f1a4'),
 ('16', '16', 'en_au', 'The Fleece Awakens', '<p>This is The Fleece Awakens</p>', '0', '[\"\"]', NULL, '2018-01-10 04:58:07', '2018-01-23 03:19:40', '6f153ffe-b07d-4106-9225-cf18d26317c4'),
 ('17', '17', 'en_au', 'The Fleece Awakens', NULL, '0', '', NULL, '2018-01-10 04:58:07', '2018-01-23 03:19:40', '8ca2a775-7817-43ae-986f-948ef3c3ed36'),
 ('18', '18', 'en_au', 'Admin Ajax Ps', NULL, '0', NULL, NULL, '2018-01-10 23:17:38', '2018-01-10 23:17:38', 'e75872fb-6a92-488e-99c3-c9cd64137ea4'),
 ('19', '19', 'en_au', 'Admin Ajax Labour Ps', NULL, '0', NULL, NULL, '2018-01-10 23:17:50', '2018-01-10 23:17:50', '0291f0c3-e82e-42b4-abe9-abfbe7c07980'),
 ('20', '20', 'en_au', NULL, NULL, '0', NULL, NULL, '2018-01-11 01:11:57', '2018-02-13 02:32:02', 'e52ae608-fc7c-4ccb-86d7-8955d13fada3'),
 ('21', '21', 'en_au', 'About us', NULL, '0', NULL, NULL, '2018-01-11 04:08:53', '2018-01-11 04:08:53', '9200ba65-7f57-4a42-8b7f-c01296ea38fa'),
 ('22', '22', 'en_au', 'Contact Us', NULL, '0', NULL, NULL, '2018-01-11 04:09:13', '2018-01-11 04:09:13', '1c871309-45aa-4bb7-a95d-5a53309cc988'),
 ('23', '23', 'en_au', 'Microchip Registry Search', NULL, '0', NULL, NULL, '2018-01-11 04:09:40', '2018-01-11 04:09:40', 'feb12e1a-f416-4410-abdf-6178811a87f9'),
 ('24', '24', 'en_au', 'Private Policy', NULL, '0', NULL, NULL, '2018-01-11 04:19:32', '2018-01-11 04:19:32', 'd867a1c2-f7c4-44a8-b2d8-855d9903496e'),
 ('25', '25', 'en_au', 'Product List', NULL, '0', NULL, NULL, '2018-01-11 04:20:57', '2018-01-11 04:20:57', 'b0b52e7c-8b26-4a28-a234-289dc5715590'),
 ('26', '26', 'en_au', NULL, NULL, '0', NULL, NULL, '2018-01-11 04:22:32', '2018-01-21 23:20:35', 'd1290c9b-89d1-47eb-a35c-5504541034b2'),
 ('27', '27', 'en_au', 'Food', NULL, '0', NULL, NULL, '2018-01-11 05:03:59', '2018-01-11 05:03:59', '22572e7a-7737-426c-a893-8315f7f4d889'),
 ('28', '28', 'en_au', 'Dogs', NULL, '0', NULL, NULL, '2018-01-11 05:04:28', '2018-01-11 05:04:28', '4d792e0b-726b-48d8-a9e1-49bac4c363ff'),
 ('31', '31', 'en_au', 'Dog premium food', '<p>This is a food of premium dogs</p>', '0', '', NULL, '2018-01-11 05:14:27', '2018-02-13 00:26:29', '17e27956-fc24-400d-9126-2bad6e660b21'),
 ('32', '32', 'en_au', 'Dog premium food', NULL, '0', '[\"\"]', NULL, '2018-01-11 05:14:27', '2018-02-13 00:26:30', '18be70a1-e3f6-4410-b762-377a921ca67b'),
 ('33', '33', 'en_au', 'Image Place Holder', NULL, '0', NULL, NULL, '2018-01-15 00:56:13', '2018-01-15 00:56:13', '8dddd3e9-908e-4d0a-aa26-9aaf3f94b966'),
 ('34', '34', 'en_au', 'Cat', NULL, '0', '[\"\"]', NULL, '2018-01-15 02:34:39', '2018-01-15 02:34:50', '78e8c852-10f7-422b-92f9-bc8758854b51'),
 ('35', '35', 'en_au', 'Brand', NULL, '0', '[\"\"]', NULL, '2018-01-16 23:15:20', '2018-01-16 23:15:27', '6f710000-e9fc-46d1-9a25-0163eba98da4'),
 ('36', '36', 'en_au', 'Billy & Margot', NULL, '0', '[\"\"]', NULL, '2018-01-16 23:16:08', '2018-01-16 23:16:08', 'cafd6429-5be6-4b35-974c-f2d9116dbef9'),
 ('37', '37', 'en_au', 'Black Hawk', NULL, '0', '[\"\"]', NULL, '2018-01-16 23:16:35', '2018-01-16 23:16:35', '99cd6a3a-c157-4ee0-a18a-96c18330da68'),
 ('38', '38', 'en_au', 'Bonnie', NULL, '0', '[\"\"]', NULL, '2018-01-16 23:16:48', '2018-01-16 23:16:48', '0a6819d5-7e6c-4c68-9e19-bd31aa337fb8'),
 ('39', '39', 'en_au', 'FLAVOUR', NULL, '0', '[\"\"]', NULL, '2018-01-17 00:48:30', '2018-01-17 00:48:30', '8a734c6a-dd85-42c8-85ee-c0faab349fa1'),
 ('40', '40', 'en_au', 'Chicken', NULL, '0', '[\"\"]', NULL, '2018-01-17 00:48:40', '2018-01-17 00:48:40', 'c31bf673-b89e-4dbc-8ff2-c98c3c31f413'),
 ('41', '41', 'en_au', 'Fish', NULL, '0', '[\"\"]', NULL, '2018-01-17 00:48:51', '2018-01-17 00:48:51', '66cb8c16-8b1b-48d5-a030-b749dd6aedac'),
 ('42', '42', 'en_au', 'Dog Brush', '<p>This is a brush for dogs</p>', '0', '[\"\"]', NULL, '2018-01-22 22:51:42', '2018-01-23 03:19:56', '7461724c-b700-405d-84b0-f6c3f23f401c'),
 ('43', '43', 'en_au', 'Dog Brush', NULL, '0', '[\"\"]', NULL, '2018-01-22 22:51:42', '2018-01-23 03:19:57', '4bf75dee-704d-4a31-8c0b-6dbb599d41f3'),
 ('44', '44', 'en_au', 'Dog leash', '<p>Silver, metallic-blue and metallic-lavender silk-blend jacquard, graphic pattern, pleated ruffle along collar, long sleeves with button-fastening cuffs, buckle-fastening silver skinny belt, large pleated rosettes at hips. Dry clean. Zip and hook fastening at back. 100% silk. Specialist clean</p>\r\n<ul><li><a href=\"http://craft.test/product-list/dog-brush#\">Lightweight soft-touch woven</a></li><li><a href=\"http://craft.test/product-list/dog-brush#\">High-rise waist</a></li><li><a href=\"http://craft.test/product-list/dog-brush#\">Zip fly with hook and button fastening</a></li><li><a href=\"http://craft.test/product-list/dog-brush#\">Slip pockets</a></li><li><a href=\"http://craft.test/product-list/dog-brush#\">Waist belt</a></li><li><a href=\"http://craft.test/product-list/dog-brush#\">Relaxed fit</a></li><li><a href=\"http://craft.test/product-list/dog-brush#\">Machine wash</a></li><li><a href=\"http://craft.test/product-list/dog-brush#\">76% Polyester, 18% Viscose, 6% Elastane</a></li><li><a href=\"http://craft.test/product-list/dog-brush#\">Our model wears a UK 8/ EU 36/ US 4 and is 174 cm/5\'8.5” tall</a></li></ul>', '0', '[\"\"]', NULL, '2018-01-22 22:53:09', '2018-01-23 21:47:16', '373ef816-8074-4fd1-bd35-37a2147b82d0'),
 ('45', '45', 'en_au', 'Dog leash', NULL, '0', '[\"\"]', NULL, '2018-01-22 22:53:09', '2018-01-23 21:47:17', '3bdff959-4db0-47ec-83bb-0405dc93fc1c'),
 ('46', '46', 'en_au', 'Cats 1', NULL, '0', '[\"\"]', NULL, '2018-01-23 03:16:13', '2018-01-23 03:16:13', '0208c809-db7b-4510-9499-1b03ea6557fb'),
 ('47', '47', 'en_au', 'Cats 2', NULL, '0', '[\"\"]', NULL, '2018-01-23 03:16:13', '2018-01-23 03:16:13', '718cbf85-fd95-41ac-be43-1bfb3c9763ec'),
 ('48', '48', 'en_au', 'Cats 3', NULL, '0', '[\"\"]', NULL, '2018-01-23 03:16:14', '2018-01-23 03:16:14', '1203a5af-c5a4-46e3-b3aa-a3e823183853'),
 ('49', '49', 'en_au', 'Cats 4', NULL, '0', '[\"\"]', NULL, '2018-01-23 03:16:15', '2018-01-23 03:16:15', '22439cf2-ad12-4cca-b2d2-242dd75136e5'),
 ('50', '50', 'en_au', 'Dog 1', NULL, '0', '[\"\"]', NULL, '2018-01-23 03:16:23', '2018-01-23 03:16:23', '922cf625-a617-4c68-9bfd-b1e84f8c3c75'),
 ('51', '51', 'en_au', 'Dog 2', NULL, '0', '[\"\"]', NULL, '2018-01-23 03:16:24', '2018-01-23 03:16:24', 'ff30f498-5f81-47da-bac3-413312bec69c'),
 ('52', '52', 'en_au', 'Dog 3', NULL, '0', '[\"\"]', NULL, '2018-01-23 03:16:25', '2018-01-23 03:16:25', '4ab06fda-02ad-46b7-9169-6ad1841c351c'),
 ('53', '53', 'en_au', 'Dog 4', NULL, '0', '[\"\"]', NULL, '2018-01-23 03:16:26', '2018-01-23 03:16:26', '1af1d989-652f-4c94-9322-61edfb65e0d5'),
 ('54', '54', 'en_au', 'Bird 1', NULL, '0', '[\"\"]', NULL, '2018-01-23 03:18:01', '2018-01-23 03:18:01', 'be939dc8-4b17-4c2f-bf29-1d244d2ae0a6'),
 ('55', '55', 'en_au', 'Bird 2', NULL, '0', '[\"\"]', NULL, '2018-01-23 03:18:02', '2018-01-23 03:18:02', '6a2e2e6f-ef86-485b-be8b-d8a5298e3d13'),
 ('56', '56', 'en_au', 'Bird 3', NULL, '0', '[\"\"]', NULL, '2018-01-23 03:18:02', '2018-01-23 03:18:02', '240705ff-14d4-4fc4-a8dc-07520e1e4448'),
 ('57', '57', 'en_au', 'Bird 4', NULL, '0', '[\"\"]', NULL, '2018-01-23 03:18:03', '2018-01-23 03:18:03', 'f29b0729-8477-46b8-bc01-04e89f51cc7b'),
 ('58', '58', 'en_au', 'cat food', '<p>This is a cat food</p>', '0', '[\"\"]', NULL, '2018-01-23 03:21:21', '2018-01-23 03:21:21', '9d74aaf1-5540-4241-bcf1-0b58b56b2419'),
 ('59', '59', 'en_au', 'cat food', NULL, '0', '[\"\"]', NULL, '2018-01-23 03:21:21', '2018-01-23 03:21:21', '0d039e72-f6c9-4e6b-94a6-1ecb3193c33e'),
 ('60', '60', 'en_au', 'cat litter box', '<p>This is a cat litter box</p>', '0', '[\"\"]', NULL, '2018-01-23 03:40:05', '2018-01-23 03:40:05', '7065fb35-9ddf-4ef2-9465-d1d5be4a3d2f'),
 ('61', '61', 'en_au', 'cat litter box', NULL, '0', '[\"\"]', NULL, '2018-01-23 03:40:05', '2018-01-23 03:40:05', '5bd81c7a-8a37-4004-8a62-b386af0cbfd3'),
 ('62', '62', 'en_au', 'Dog Toy', '<p>This is a dog chewing toy</p>', '0', '[\"\"]', NULL, '2018-01-23 04:57:06', '2018-01-23 04:57:06', '7122f585-52d5-483a-a2f2-f960d27db245'),
 ('63', '63', 'en_au', 'Dog Toy', NULL, '0', '[\"\"]', NULL, '2018-01-23 04:57:06', '2018-01-23 04:57:06', '008fcee3-6c53-4f1d-ae8d-1e09f6c77fc7'),
 ('64', '64', 'en_au', NULL, NULL, '0', '[\"\"]', NULL, '2018-01-23 05:21:16', '2018-01-24 00:50:38', '87cd352e-30d6-49ea-9b39-49f2c15f835a'),
 ('66', '66', 'en_au', 'Registration', NULL, '0', '[\"\"]', NULL, '2018-01-24 01:16:15', '2018-01-24 01:16:15', 'f00eeb65-c84a-416b-8822-3971e681c904'),
 ('67', '67', 'en_au', NULL, NULL, '0', '[\"\"]', NULL, '2018-01-24 01:24:23', '2018-01-24 05:43:21', '5c3fc292-a4b9-4761-abb6-9af0d2fae3f8'),
 ('68', '68', 'en_au', NULL, NULL, '0', '[\"\"]', NULL, '2018-01-25 05:00:42', '2018-02-13 02:08:42', 'e7c48032-3bc2-4433-81a8-b2a11b6d74a5'),
 ('69', '69', 'en_au', NULL, NULL, '0', '[\"\"]', NULL, '2018-02-13 03:38:47', '2018-02-13 03:49:14', '438b482d-74c5-41bb-946e-2a48ef80bbf5'),
 ('71', '71', 'en_au', NULL, NULL, '0', '[\"\"]', NULL, '2018-02-13 23:51:10', '2018-02-14 00:01:55', 'f88ab3e3-0897-4608-8dda-af4e8c6ef917'),
 ('74', '74', 'en_au', NULL, NULL, '0', '[\"\"]', NULL, '2018-02-14 00:29:42', '2018-02-14 00:29:42', '1dd0acc2-0db8-4eef-be56-893b11cebda0'),
 ('75', '75', 'en_au', NULL, NULL, '0', '[\"\"]', NULL, '2018-02-14 00:58:08', '2018-02-14 02:17:29', '6f738f60-4450-4ca6-9c8d-fb1317b1e3bd'),
 ('76', '76', 'en_au', NULL, NULL, '0', '[\"\"]', NULL, '2018-02-14 03:27:05', '2018-02-14 03:35:01', '82700368-57d2-4708-abc0-2809c2096b76');



DROP TABLE IF EXISTS `cft_deprecationerrors`;


--
-- Schema for table `cft_deprecationerrors`
--
CREATE TABLE `cft_deprecationerrors` (
  `id` int(11) NOT NULL AUTO_INCREMENT,
  `key` varchar(255) COLLATE utf8_unicode_ci NOT NULL,
  `fingerprint` varchar(255) COLLATE utf8_unicode_ci NOT NULL,
  `lastOccurrence` datetime NOT NULL,
  `file` varchar(255) COLLATE utf8_unicode_ci NOT NULL,
  `line` smallint(6) unsigned NOT NULL,
  `class` varchar(255) COLLATE utf8_unicode_ci DEFAULT NULL,
  `method` varchar(255) COLLATE utf8_unicode_ci DEFAULT NULL,
  `template` varchar(255) COLLATE utf8_unicode_ci DEFAULT NULL,
  `templateLine` smallint(6) unsigned DEFAULT NULL,
  `message` varchar(255) COLLATE utf8_unicode_ci DEFAULT NULL,
  `traces` text COLLATE utf8_unicode_ci,
  `dateCreated` datetime NOT NULL,
  `dateUpdated` datetime NOT NULL,
  `uid` char(36) COLLATE utf8_unicode_ci NOT NULL DEFAULT '0',
  PRIMARY KEY (`id`),
  UNIQUE KEY `cft_deprecationerrors_key_fingerprint_unq_idx` (`key`,`fingerprint`)
) ENGINE=InnoDB DEFAULT CHARSET=utf8 COLLATE=utf8_unicode_ci;

DROP TABLE IF EXISTS `cft_elementindexsettings`;


--
-- Schema for table `cft_elementindexsettings`
--
CREATE TABLE `cft_elementindexsettings` (
  `id` int(11) NOT NULL AUTO_INCREMENT,
  `type` varchar(150) COLLATE utf8_unicode_ci NOT NULL,
  `settings` text COLLATE utf8_unicode_ci,
  `dateCreated` datetime NOT NULL,
  `dateUpdated` datetime NOT NULL,
  `uid` char(36) COLLATE utf8_unicode_ci NOT NULL DEFAULT '0',
  PRIMARY KEY (`id`),
  UNIQUE KEY `cft_elementindexsettings_type_unq_idx` (`type`)
) ENGINE=InnoDB AUTO_INCREMENT=2 DEFAULT CHARSET=utf8 COLLATE=utf8_unicode_ci;

--
-- Data for table `cft_elementindexsettings`
--

INSERT INTO `cft_elementindexsettings` (`id`, `type`, `settings`, `dateCreated`, `dateUpdated`, `uid`) VALUES
 ('1', 'Entry', '{\"sources\":{\"section:2\":{\"tableAttributes\":{\"1\":\"postDate\",\"2\":\"expiryDate\",\"3\":\"link\"}},\"section:6\":{\"tableAttributes\":{\"1\":\"postDate\",\"2\":\"expiryDate\",\"3\":\"link\"}}},\"sourceOrder\":[[\"key\",\"*\"],[\"key\",\"singles\"],[\"heading\",\"Channels\"],[\"key\",\"section:3\"],[\"key\",\"section:5\"],[\"key\",\"section:2\"],[\"key\",\"section:4\"],[\"heading\",\"Audio Chanels\"],[\"key\",\"section:6\"]]}', '2017-12-12 00:33:39', '2017-12-12 01:28:23', '3c90f046-8d1d-4928-94d0-83b1ddccc691');



DROP TABLE IF EXISTS `cft_elements`;


--
-- Schema for table `cft_elements`
--
CREATE TABLE `cft_elements` (
  `id` int(11) NOT NULL AUTO_INCREMENT,
  `type` varchar(150) COLLATE utf8_unicode_ci NOT NULL,
  `enabled` tinyint(1) unsigned NOT NULL DEFAULT '1',
  `archived` tinyint(1) unsigned NOT NULL DEFAULT '0',
  `dateCreated` datetime NOT NULL,
  `dateUpdated` datetime NOT NULL,
  `uid` char(36) COLLATE utf8_unicode_ci NOT NULL DEFAULT '0',
  PRIMARY KEY (`id`),
  KEY `cft_elements_type_idx` (`type`),
  KEY `cft_elements_enabled_idx` (`enabled`),
  KEY `cft_elements_archived_dateCreated_idx` (`archived`,`dateCreated`)
) ENGINE=InnoDB AUTO_INCREMENT=77 DEFAULT CHARSET=utf8 COLLATE=utf8_unicode_ci;

--
-- Data for table `cft_elements`
--

INSERT INTO `cft_elements` (`id`, `type`, `enabled`, `archived`, `dateCreated`, `dateUpdated`, `uid`) VALUES
 ('1', 'User', '1', '0', '2017-12-11 21:39:24', '2018-02-13 02:32:02', '86d82bab-a307-4474-b1be-0b28d71f3f5d'),
 ('2', 'Entry', '1', '0', '2017-12-11 21:39:25', '2018-01-23 01:59:12', '3c53d40a-d711-41b8-838b-fe88c3071eb7'),
 ('5', 'Tag', '1', '0', '2017-12-12 00:40:21', '2017-12-12 00:40:21', '7632e9f0-7b0c-4982-9a43-aa2de8fcb8c7'),
 ('9', 'Asset', '1', '0', '2017-12-12 02:13:01', '2017-12-12 02:54:18', 'cce20f3e-4fff-41a6-8e06-2c55a71d3d08'),
 ('10', 'Commerce_Product', '1', '0', '2018-01-10 04:58:06', '2018-01-23 03:19:05', 'e8e96ce0-70b1-4aef-b6b9-b1875e793959'),
 ('11', 'Commerce_Variant', '1', '0', '2018-01-10 04:58:06', '2018-01-23 03:19:06', '97dedc88-ebd9-479a-8437-50fa9408ccfc'),
 ('12', 'Commerce_Product', '1', '0', '2018-01-10 04:58:07', '2018-01-23 03:19:17', '17ded901-8d70-414a-918f-2d87b02fe9fc'),
 ('13', 'Commerce_Variant', '1', '0', '2018-01-10 04:58:07', '2018-01-23 03:19:17', '711b6a71-14a7-416c-8063-c7f4f90e8407'),
 ('14', 'Commerce_Product', '1', '0', '2018-01-10 04:58:07', '2018-01-23 03:19:28', '7d3634fc-6c20-4564-b2ae-a62f515ede1c'),
 ('15', 'Commerce_Variant', '1', '0', '2018-01-10 04:58:07', '2018-01-23 03:19:28', 'f32d8718-c4ce-44cd-bb40-0e619933a880'),
 ('16', 'Commerce_Product', '1', '0', '2018-01-10 04:58:07', '2018-01-23 03:19:40', '2816c27e-2bb9-4b94-a7cb-e9b47b3efcb3'),
 ('17', 'Commerce_Variant', '1', '0', '2018-01-10 04:58:07', '2018-01-23 03:19:40', '64ff951a-68b5-434d-869f-138ae6cf9d5b'),
 ('18', 'Asset', '1', '0', '2018-01-10 23:17:38', '2018-01-10 23:17:38', 'f9847614-33c0-425e-8ddf-6372e11213eb'),
 ('19', 'Asset', '1', '0', '2018-01-10 23:17:50', '2018-01-10 23:17:50', 'b7b94b97-e5b6-47c5-88db-d6b611c88d47'),
 ('20', 'Commerce_Order', '1', '0', '2018-01-11 01:11:57', '2018-02-13 02:32:02', '1b4afb59-e8fe-4e5e-9128-b499589c5a6c'),
 ('21', 'Entry', '1', '0', '2018-01-11 04:08:53', '2018-01-23 02:03:22', 'cef502d9-dbf1-4723-bcaf-f4ea2d9dde14'),
 ('22', 'Entry', '1', '0', '2018-01-11 04:09:13', '2018-01-23 02:03:31', 'be570f6a-74c6-4e0f-a90a-1f3224083937'),
 ('23', 'Entry', '1', '0', '2018-01-11 04:09:40', '2018-01-23 02:03:42', '9efab728-be55-4b84-b052-9382c2256893'),
 ('24', 'Entry', '1', '0', '2018-01-11 04:19:32', '2018-01-23 02:03:51', 'd1f7fd44-a80a-4d06-bee7-b23d9917e036'),
 ('25', 'Entry', '1', '0', '2018-01-11 04:20:57', '2018-01-23 01:57:51', '213188cc-fe98-4c8e-9087-e990afdbb737'),
 ('26', 'Commerce_Order', '1', '0', '2018-01-11 04:22:32', '2018-01-21 23:20:35', '2b756bd8-7680-4ad1-b974-8cd5185a9061'),
 ('27', 'Tag', '1', '0', '2018-01-11 05:03:59', '2018-01-11 05:03:59', '48dc9b41-f831-4eb4-ac9d-1bb83ef339ad'),
 ('28', 'Tag', '1', '0', '2018-01-11 05:04:28', '2018-01-11 05:04:28', 'e89daa53-f66d-44ec-9e84-dfb5e92aaccc'),
 ('31', 'Commerce_Product', '1', '0', '2018-01-11 05:14:27', '2018-02-13 00:26:29', '06284e4c-f4c0-4250-80f2-08baf2e815b6'),
 ('32', 'Commerce_Variant', '1', '0', '2018-01-11 05:14:27', '2018-02-13 00:26:30', '3e6d7078-12ca-4d0b-82fe-671ba7514b7e'),
 ('33', 'Asset', '1', '0', '2018-01-15 00:56:13', '2018-01-15 00:56:13', 'da89b962-5ba6-4a34-b0c9-ac8ede43b322'),
 ('34', 'Tag', '1', '0', '2018-01-15 02:34:39', '2018-01-15 02:34:50', '1abc7a09-2a20-464a-8f69-abda8084bb7a'),
 ('35', 'Category', '1', '0', '2018-01-16 23:15:20', '2018-01-17 00:50:34', 'd6d873ed-074f-43c1-84d3-4b3102cf5524'),
 ('36', 'Category', '1', '0', '2018-01-16 23:16:08', '2018-01-17 00:50:34', '50c4db69-458f-4042-a20d-fc0804185e3b'),
 ('37', 'Category', '1', '0', '2018-01-16 23:16:35', '2018-01-17 00:50:34', '73422a30-462a-4053-8831-e4c889510fd5'),
 ('38', 'Category', '1', '0', '2018-01-16 23:16:48', '2018-01-17 00:50:34', '09e28694-07e9-44f2-945b-4b8356266ab4'),
 ('39', 'Category', '1', '0', '2018-01-17 00:48:30', '2018-01-17 00:50:34', '78832cf3-f065-4168-9353-a87cf29547f9'),
 ('40', 'Category', '1', '0', '2018-01-17 00:48:40', '2018-01-17 00:50:34', '8bf03ff8-fc95-4efa-a27b-edd1465b3adb'),
 ('41', 'Category', '1', '0', '2018-01-17 00:48:51', '2018-01-17 00:50:34', '0672e82d-f1ab-457a-812d-cb1616dd4ed2'),
 ('42', 'Commerce_Product', '1', '0', '2018-01-22 22:51:42', '2018-01-23 03:19:56', '264e9d9d-334e-4994-b4af-0f0a530d5489'),
 ('43', 'Commerce_Variant', '1', '0', '2018-01-22 22:51:42', '2018-01-23 03:19:57', '451c9505-facf-4c65-92a9-83cf583b78c6'),
 ('44', 'Commerce_Product', '1', '0', '2018-01-22 22:53:09', '2018-01-23 21:47:16', '4375c398-763b-4af7-87cd-c10d029b8d9f'),
 ('45', 'Commerce_Variant', '1', '0', '2018-01-22 22:53:09', '2018-01-23 21:47:17', 'b5693047-a27a-42d8-acbe-d3957aa9166e'),
 ('46', 'Asset', '1', '0', '2018-01-23 03:16:13', '2018-01-23 03:16:13', '5eb94942-9a9f-474e-a1b1-386e8dee1201'),
 ('47', 'Asset', '1', '0', '2018-01-23 03:16:13', '2018-01-23 03:16:13', 'e5a4a65d-8386-456b-b2db-e9714d9085b3'),
 ('48', 'Asset', '1', '0', '2018-01-23 03:16:14', '2018-01-23 03:16:14', '8415ad9c-2144-421b-b771-352dd8073563'),
 ('49', 'Asset', '1', '0', '2018-01-23 03:16:15', '2018-01-23 03:16:15', 'bc3f022a-6672-4a27-b860-00dfc4d3bf38'),
 ('50', 'Asset', '1', '0', '2018-01-23 03:16:23', '2018-01-23 03:16:23', '563e2b89-98ec-41e2-b143-2f1fa8d4b3b0'),
 ('51', 'Asset', '1', '0', '2018-01-23 03:16:24', '2018-01-23 03:16:24', 'd50fa790-a343-4331-9b60-958c466e87fe'),
 ('52', 'Asset', '1', '0', '2018-01-23 03:16:25', '2018-01-23 03:16:25', 'fb954750-3597-497c-9c37-7bb235aa0c4f'),
 ('53', 'Asset', '1', '0', '2018-01-23 03:16:26', '2018-01-23 03:16:26', 'd186b7b5-cf13-43af-a70a-de9865b69503'),
 ('54', 'Asset', '1', '0', '2018-01-23 03:18:01', '2018-01-23 03:18:01', '15fa2dc2-0d41-460f-9356-73fe74d615c6'),
 ('55', 'Asset', '1', '0', '2018-01-23 03:18:02', '2018-01-23 03:18:02', '2bb20624-7d54-4c7e-93ae-41757ed8f35b'),
 ('56', 'Asset', '1', '0', '2018-01-23 03:18:02', '2018-01-23 03:18:02', 'b53f2171-2ebf-4cee-82f8-cfe118653549'),
 ('57', 'Asset', '1', '0', '2018-01-23 03:18:03', '2018-01-23 03:18:03', 'eb555adc-9ed6-4c6a-aa1f-4c42f178a17f'),
 ('58', 'Commerce_Product', '1', '0', '2018-01-23 03:21:21', '2018-01-23 03:21:21', '4919b4e3-7627-4d94-bc82-0a17b5592598'),
 ('59', 'Commerce_Variant', '1', '0', '2018-01-23 03:21:21', '2018-01-23 03:21:21', 'a8a1a9d1-4324-4f7e-af9e-3e2154ce6a98'),
 ('60', 'Commerce_Product', '1', '0', '2018-01-23 03:40:05', '2018-01-23 03:40:05', '7b8f43f2-9834-4dd5-a2d8-e5548e4a29eb'),
 ('61', 'Commerce_Variant', '1', '0', '2018-01-23 03:40:05', '2018-01-23 03:40:05', '21127aa1-e45c-4705-b6e3-9ea72cd1834b'),
 ('62', 'Commerce_Product', '1', '0', '2018-01-23 04:57:06', '2018-01-23 04:57:06', 'dfbdf1c2-d4ec-4bba-840c-029da3dd501f'),
 ('63', 'Commerce_Variant', '1', '0', '2018-01-23 04:57:06', '2018-01-23 04:57:06', 'ba482bcb-c184-4770-b186-cf8c60bf37b8'),
 ('64', 'Commerce_Order', '1', '0', '2018-01-23 05:21:16', '2018-01-24 00:50:38', '0dc4fb31-e772-4d91-83c8-dfa06faca33a'),
 ('66', 'Entry', '1', '0', '2018-01-24 01:16:15', '2018-01-24 01:16:45', '344e2336-3d64-4d07-abfc-a0cc7043d595'),
 ('67', 'Commerce_Order', '1', '0', '2018-01-24 01:24:23', '2018-01-24 05:43:21', '0c774656-107d-4005-a1e2-351f18b8fbd0'),
 ('68', 'Commerce_Order', '1', '0', '2018-01-25 05:00:42', '2018-02-13 02:08:42', '3ed0930a-4a29-4e23-a4c7-379120c992e3'),
 ('69', 'User', '1', '0', '2018-02-13 03:38:47', '2018-02-13 03:49:14', '7eb20d2d-880c-426e-a916-72b0dffdd107'),
 ('71', 'Commerce_Order', '1', '0', '2018-02-13 23:51:10', '2018-02-14 00:01:55', '8adf0c43-f874-486f-9bd0-9ecf20d9ab38'),
 ('74', 'User', '1', '0', '2018-02-14 00:29:42', '2018-02-14 00:29:42', '62af9e60-fabc-456b-90a4-81286a11ca0f'),
 ('75', 'Commerce_Order', '1', '0', '2018-02-14 00:58:08', '2018-02-14 02:17:29', '47944541-303b-4cea-8f3c-338cbdfa5cc5'),
 ('76', 'Commerce_Order', '1', '0', '2018-02-14 03:27:05', '2018-02-14 03:35:01', '41f94103-a4b4-43a7-9e4e-a2897b4496a5');



DROP TABLE IF EXISTS `cft_elements_i18n`;


--
-- Schema for table `cft_elements_i18n`
--
CREATE TABLE `cft_elements_i18n` (
  `id` int(11) NOT NULL AUTO_INCREMENT,
  `elementId` int(11) NOT NULL,
  `locale` char(12) COLLATE utf8_unicode_ci NOT NULL,
  `slug` varchar(255) COLLATE utf8_unicode_ci DEFAULT NULL,
  `uri` varchar(255) COLLATE utf8_unicode_ci DEFAULT NULL,
  `enabled` tinyint(1) unsigned NOT NULL DEFAULT '1',
  `dateCreated` datetime NOT NULL,
  `dateUpdated` datetime NOT NULL,
  `uid` char(36) COLLATE utf8_unicode_ci NOT NULL DEFAULT '0',
  PRIMARY KEY (`id`),
  UNIQUE KEY `cft_elements_i18n_elementId_locale_unq_idx` (`elementId`,`locale`),
  UNIQUE KEY `cft_elements_i18n_uri_locale_unq_idx` (`uri`,`locale`),
  KEY `cft_elements_i18n_slug_locale_idx` (`slug`,`locale`),
  KEY `cft_elements_i18n_enabled_idx` (`enabled`),
  KEY `cft_elements_i18n_locale_fk` (`locale`)
) ENGINE=InnoDB AUTO_INCREMENT=76 DEFAULT CHARSET=utf8 COLLATE=utf8_unicode_ci;

--
-- Data for table `cft_elements_i18n`
--

INSERT INTO `cft_elements_i18n` (`id`, `elementId`, `locale`, `slug`, `uri`, `enabled`, `dateCreated`, `dateUpdated`, `uid`) VALUES
 ('1', '1', 'en_au', '', NULL, '1', '2017-12-11 21:39:24', '2018-02-13 02:32:02', 'a7e9ee98-f389-44c0-b04a-f1a5577bd03b'),
 ('2', '2', 'en_au', 'home', '__home__', '1', '2017-12-11 21:39:25', '2018-01-23 01:59:12', '962b50d9-0a2b-4f2e-84bf-d72c699a1f44'),
 ('5', '5', 'en_au', 'news', NULL, '1', '2017-12-12 00:40:21', '2017-12-12 00:40:21', '11dfeddf-bff0-46e0-9715-cf6e74102247'),
 ('9', '9', 'en_au', 'test', NULL, '1', '2017-12-12 02:13:01', '2017-12-12 02:54:18', '3aa6b8f3-bbd4-4517-8cba-bf7cd93fa1d7'),
 ('10', '10', 'en_au', 'a-new-toga', 'product-list/a-new-toga', '1', '2018-01-10 04:58:06', '2018-01-23 03:19:05', '19dee1d0-64bc-4602-9801-e2b0f0dac446'),
 ('11', '11', 'en_au', 'a-new-toga', NULL, '1', '2018-01-10 04:58:06', '2018-01-23 03:19:06', '1cb97693-ca73-42df-9c21-7bd16747f002'),
 ('12', '12', 'en_au', 'parka-with-stripes-on-back', 'product-list/parka-with-stripes-on-back', '1', '2018-01-10 04:58:07', '2018-01-23 03:19:17', '53764bc5-959d-4664-91a2-194a74e86521'),
 ('13', '13', 'en_au', 'parka-with-stripes-on-back', NULL, '1', '2018-01-10 04:58:07', '2018-01-23 03:19:17', '772aa109-c351-4beb-a2aa-b50e8fa3a9be'),
 ('14', '14', 'en_au', 'romper-for-a-red-eye', 'product-list/romper-for-a-red-eye', '1', '2018-01-10 04:58:07', '2018-01-23 03:19:28', '7a3895e4-0b07-4268-94d4-61784f4b0a8e'),
 ('15', '15', 'en_au', 'romper-for-a-red-eye', NULL, '1', '2018-01-10 04:58:07', '2018-01-23 03:19:28', 'c6668b5b-9dce-4c31-8e4c-ddf7a347b91b'),
 ('16', '16', 'en_au', 'the-fleece-awakens', 'product-list/the-fleece-awakens', '1', '2018-01-10 04:58:07', '2018-01-23 03:19:40', '3798a6d6-c85f-4fe5-9c00-b03167d03e21'),
 ('17', '17', 'en_au', 'the-fleece-awakens', NULL, '1', '2018-01-10 04:58:07', '2018-01-23 03:19:40', '9e5f0835-0ac9-42df-a5e9-a01464512b7e'),
 ('18', '18', 'en_au', 'admin-ajax-ps', NULL, '1', '2018-01-10 23:17:38', '2018-01-10 23:17:38', '684c2932-d518-4e59-9d4c-091c5b82825f'),
 ('19', '19', 'en_au', 'admin-ajax-labour-ps', NULL, '1', '2018-01-10 23:17:50', '2018-01-10 23:17:50', 'e9d3b185-1b5d-4d0f-b991-78a8031a8250'),
 ('20', '20', 'en_au', '', NULL, '1', '2018-01-11 01:11:57', '2018-02-13 02:32:02', 'aced96e3-adef-40df-85ab-195ebfea57ce'),
 ('21', '21', 'en_au', 'about-us', 'about-us', '1', '2018-01-11 04:08:53', '2018-01-11 04:08:53', 'd7b16a14-965a-4ec6-b349-4f811dd84f73'),
 ('22', '22', 'en_au', 'contact-us', 'contact-us', '1', '2018-01-11 04:09:13', '2018-01-11 04:09:13', '7ad358cf-a7df-41af-8d10-a7a4e78e5d96'),
 ('23', '23', 'en_au', 'microchip-registry-search', 'microchip-registry-search', '1', '2018-01-11 04:09:40', '2018-01-11 04:09:40', '623ee139-1647-4f88-a199-45f53f9a78bc'),
 ('24', '24', 'en_au', 'private-policy', 'private-policy', '1', '2018-01-11 04:19:32', '2018-01-11 04:19:32', 'cf7464e1-457f-485d-b548-cb4e12a9142b'),
 ('25', '25', 'en_au', 'product-list', 'product-list', '1', '2018-01-11 04:20:57', '2018-01-11 04:20:57', '0f5580f0-501a-48a1-be52-8e0d9e948b9e'),
 ('26', '26', 'en_au', '', NULL, '1', '2018-01-11 04:22:32', '2018-01-21 23:20:35', 'a2ea74cb-da0f-43d9-9ec0-844035d21221'),
 ('27', '27', 'en_au', 'food', NULL, '1', '2018-01-11 05:03:59', '2018-01-11 05:03:59', '76e3f371-0b53-400d-bceb-7ce57430da51'),
 ('28', '28', 'en_au', 'dogs', NULL, '1', '2018-01-11 05:04:28', '2018-01-11 05:04:28', '9ca5aae7-39e3-4167-937e-f6829abf9af2'),
 ('31', '31', 'en_au', 'dog-premium-food', 'product-list/dog-premium-food', '1', '2018-01-11 05:14:27', '2018-02-13 00:26:29', 'e54df173-63ac-4a24-979d-dcb5d96607a4'),
 ('32', '32', 'en_au', 'dog-premium-food', NULL, '1', '2018-01-11 05:14:27', '2018-02-13 00:26:30', 'c07b4990-267d-4f8c-82aa-62057490ab03'),
 ('33', '33', 'en_au', 'image-place-holder', NULL, '1', '2018-01-15 00:56:13', '2018-01-15 00:56:13', 'd694bd82-8ea6-438a-b92f-62ba371cd173'),
 ('34', '34', 'en_au', 'cat', NULL, '1', '2018-01-15 02:34:39', '2018-01-15 02:34:50', 'a34e3233-fd3b-4539-a404-60acfab11d6c'),
 ('35', '35', 'en_au', 'brand', 'products-category/brand', '1', '2018-01-16 23:15:20', '2018-01-17 00:50:34', 'f974d36b-fa64-47b7-bf79-1b071627048e'),
 ('36', '36', 'en_au', 'billy-margot', 'products-category/brand/billy-margot', '1', '2018-01-16 23:16:08', '2018-01-17 00:50:34', 'fb5c3584-5e45-42d2-8469-6af08bc31763'),
 ('37', '37', 'en_au', 'black-hawk', 'products-category/brand/black-hawk', '1', '2018-01-16 23:16:35', '2018-01-17 00:50:34', 'b294e29f-51c4-47e4-b33b-1c7a43c759d5'),
 ('38', '38', 'en_au', 'bonnie', 'products-category/brand/bonnie', '1', '2018-01-16 23:16:48', '2018-01-17 00:50:34', '0def85bb-30d4-4898-abbe-a21398a7d30b'),
 ('39', '39', 'en_au', 'flavour', 'products-category/flavour', '1', '2018-01-17 00:48:30', '2018-01-17 00:50:34', '0f078ab3-05f4-438c-9a23-7d8e7351523e'),
 ('40', '40', 'en_au', 'chicken', 'products-category/flavour/chicken', '1', '2018-01-17 00:48:40', '2018-01-17 00:50:34', '9715f276-1b51-4fb4-935f-862a2389e6d5'),
 ('41', '41', 'en_au', 'fish', 'products-category/flavour/fish', '1', '2018-01-17 00:48:51', '2018-01-17 00:50:34', 'efc93339-094d-445c-b2e7-5ee5500e727b'),
 ('42', '42', 'en_au', 'dog-brush', 'product-list/dog-brush', '1', '2018-01-22 22:51:42', '2018-01-23 03:19:56', 'dfbe1e49-efef-4d20-921f-b1c057761695'),
 ('43', '43', 'en_au', 'dog-brush', NULL, '1', '2018-01-22 22:51:42', '2018-01-23 03:19:57', 'b03ecb90-cde1-445e-acc0-ba2ecbc136ae'),
 ('44', '44', 'en_au', 'dog-leash', 'product-list/dog-leash', '1', '2018-01-22 22:53:09', '2018-01-23 21:47:16', '1cb47b88-cafc-4bfd-b1f5-40b5ad7e4c27'),
 ('45', '45', 'en_au', 'dog-leash', NULL, '1', '2018-01-22 22:53:09', '2018-01-23 21:47:17', 'be4ba260-ae85-4d4d-ae57-5679ae5ed5a6'),
 ('46', '46', 'en_au', 'cats-1', NULL, '1', '2018-01-23 03:16:13', '2018-01-23 03:16:13', '675f2c03-aea8-4092-9500-29a0fb59b159'),
 ('47', '47', 'en_au', 'cats-2', NULL, '1', '2018-01-23 03:16:13', '2018-01-23 03:16:13', '0c9ea745-389d-4f19-afa9-6d5882157dda'),
 ('48', '48', 'en_au', 'cats-3', NULL, '1', '2018-01-23 03:16:14', '2018-01-23 03:16:14', '94d51248-a2ca-47b0-b3c0-70db5ef4b465'),
 ('49', '49', 'en_au', 'cats-4', NULL, '1', '2018-01-23 03:16:15', '2018-01-23 03:16:15', '91d67a11-352f-4cc4-855f-12908977cab9'),
 ('50', '50', 'en_au', 'dog-1', NULL, '1', '2018-01-23 03:16:23', '2018-01-23 03:16:23', '712c8699-579f-4ffd-af8d-4cadd69e9ea2'),
 ('51', '51', 'en_au', 'dog-2', NULL, '1', '2018-01-23 03:16:24', '2018-01-23 03:16:24', 'ea87c771-b0d2-45e3-8613-cdf761cab2f1'),
 ('52', '52', 'en_au', 'dog-3', NULL, '1', '2018-01-23 03:16:25', '2018-01-23 03:16:25', 'f81c2497-4c64-43eb-b713-2e5b0d2ef47a'),
 ('53', '53', 'en_au', 'dog-4', NULL, '1', '2018-01-23 03:16:26', '2018-01-23 03:16:26', 'a022d6ba-ecd0-4318-8211-d773fe0ef962'),
 ('54', '54', 'en_au', 'bird-1', NULL, '1', '2018-01-23 03:18:01', '2018-01-23 03:18:01', '50b1eb67-6879-4581-bbe0-2416be16052a'),
 ('55', '55', 'en_au', 'bird-2', NULL, '1', '2018-01-23 03:18:02', '2018-01-23 03:18:02', '97ab9eaf-7048-438a-8716-5c77adda9e98'),
 ('56', '56', 'en_au', 'bird-3', NULL, '1', '2018-01-23 03:18:02', '2018-01-23 03:18:02', 'bae2b430-8583-490e-8c1c-b1ad9eb355b8'),
 ('57', '57', 'en_au', 'bird-4', NULL, '1', '2018-01-23 03:18:03', '2018-01-23 03:18:03', 'e1455a20-aaf7-450d-904a-5b3ca7544b8a'),
 ('58', '58', 'en_au', 'cat-food', 'product-list/cat-food', '1', '2018-01-23 03:21:21', '2018-01-23 03:21:21', '83b28054-4bcb-437f-bd89-3b5a4c843189'),
 ('59', '59', 'en_au', 'cat-food', NULL, '1', '2018-01-23 03:21:21', '2018-01-23 03:21:21', '95ff32f7-5bd4-44f7-9154-eed5738249dc'),
 ('60', '60', 'en_au', 'cat-litter-box', 'product-list/cat-litter-box', '1', '2018-01-23 03:40:05', '2018-01-23 03:40:05', 'b0b72fac-fa6c-4f55-8d93-e5ccc8c5948c'),
 ('61', '61', 'en_au', 'cat-litter-box', NULL, '1', '2018-01-23 03:40:05', '2018-01-23 03:40:05', 'deef03e5-0b9f-44c3-bae9-30cd0be415d3'),
 ('62', '62', 'en_au', 'dog-toy', 'product-list/dog-toy', '1', '2018-01-23 04:57:06', '2018-01-23 04:57:06', 'b8ad4e57-1c21-4926-96c3-00e939d95d83'),
 ('63', '63', 'en_au', 'dog-toy', NULL, '1', '2018-01-23 04:57:07', '2018-01-23 04:57:07', 'dd3eb391-008c-4921-b671-94426c390358'),
 ('64', '64', 'en_au', '', NULL, '1', '2018-01-23 05:21:16', '2018-01-24 00:50:38', '774d9cf8-a5d2-41d7-9d4c-abd14a89cf88'),
 ('65', '66', 'en_au', 'registration', 'registration', '1', '2018-01-24 01:16:15', '2018-01-24 01:16:15', '33268dd2-cc35-4dc8-a2d3-1228879eb2eb'),
 ('66', '67', 'en_au', '', NULL, '1', '2018-01-24 01:24:23', '2018-01-24 05:43:21', '0132414b-f655-484d-aa7c-746e1664637b'),
 ('67', '68', 'en_au', '', NULL, '1', '2018-01-25 05:00:42', '2018-02-13 02:08:42', '7f96fc6f-02ab-4fc4-9e5b-dbdaaff9d80b'),
 ('68', '69', 'en_au', '', NULL, '1', '2018-02-13 03:38:47', '2018-02-13 03:49:14', 'e0156cf9-6a12-49b0-b393-705a7844da79'),
 ('70', '71', 'en_au', '', NULL, '1', '2018-02-13 23:51:10', '2018-02-14 00:01:55', 'dce6a7a1-9f6f-40d1-8d58-eef76da3f37e'),
 ('73', '74', 'en_au', '', NULL, '1', '2018-02-14 00:29:42', '2018-02-14 00:29:42', '327959f2-a3be-4cdb-9c04-115e6fa3f698'),
 ('74', '75', 'en_au', '', NULL, '1', '2018-02-14 00:58:08', '2018-02-14 02:17:29', '0bc32911-a353-4905-a126-04f68d17d652'),
 ('75', '76', 'en_au', '', NULL, '1', '2018-02-14 03:27:05', '2018-02-14 03:35:01', '50efcda2-1994-4072-b49a-a27df6b888e0');



DROP TABLE IF EXISTS `cft_emailmessages`;


--
-- Schema for table `cft_emailmessages`
--
CREATE TABLE `cft_emailmessages` (
  `id` int(11) NOT NULL AUTO_INCREMENT,
  `key` char(150) COLLATE utf8_unicode_ci NOT NULL,
  `locale` char(12) COLLATE utf8_unicode_ci NOT NULL,
  `subject` varchar(1000) COLLATE utf8_unicode_ci NOT NULL,
  `body` text COLLATE utf8_unicode_ci NOT NULL,
  `dateCreated` datetime NOT NULL,
  `dateUpdated` datetime NOT NULL,
  `uid` char(36) COLLATE utf8_unicode_ci NOT NULL DEFAULT '0',
  PRIMARY KEY (`id`),
  UNIQUE KEY `cft_emailmessages_key_locale_unq_idx` (`key`,`locale`),
  KEY `cft_emailmessages_locale_fk` (`locale`)
) ENGINE=InnoDB DEFAULT CHARSET=utf8 COLLATE=utf8_unicode_ci;

DROP TABLE IF EXISTS `cft_entries`;


--
-- Schema for table `cft_entries`
--
CREATE TABLE `cft_entries` (
  `id` int(11) NOT NULL,
  `sectionId` int(11) NOT NULL,
  `typeId` int(11) DEFAULT NULL,
  `authorId` int(11) DEFAULT NULL,
  `postDate` datetime DEFAULT NULL,
  `expiryDate` datetime DEFAULT NULL,
  `dateCreated` datetime NOT NULL,
  `dateUpdated` datetime NOT NULL,
  `uid` char(36) COLLATE utf8_unicode_ci NOT NULL DEFAULT '0',
  PRIMARY KEY (`id`),
  KEY `cft_entries_sectionId_idx` (`sectionId`),
  KEY `cft_entries_typeId_idx` (`typeId`),
  KEY `cft_entries_postDate_idx` (`postDate`),
  KEY `cft_entries_expiryDate_idx` (`expiryDate`),
  KEY `cft_entries_authorId_fk` (`authorId`)
) ENGINE=InnoDB DEFAULT CHARSET=utf8 COLLATE=utf8_unicode_ci;

--
-- Data for table `cft_entries`
--

INSERT INTO `cft_entries` (`id`, `sectionId`, `typeId`, `authorId`, `postDate`, `expiryDate`, `dateCreated`, `dateUpdated`, `uid`) VALUES
 ('2', '1', '1', NULL, '2018-01-23 01:59:11', NULL, '2017-12-11 21:39:25', '2018-01-23 01:59:11', 'b66df693-bf8e-4115-a674-03561240eb95'),
 ('21', '6', '6', NULL, '2018-01-23 02:03:22', NULL, '2018-01-11 04:08:53', '2018-01-23 02:03:22', '5d037a82-15da-4b35-811d-bdb169808395'),
 ('22', '7', '7', NULL, '2018-01-23 02:03:31', NULL, '2018-01-11 04:09:13', '2018-01-23 02:03:31', 'fddf7336-c959-4c03-8348-d25d7391fed4'),
 ('23', '8', '8', NULL, '2018-01-23 02:03:42', NULL, '2018-01-11 04:09:40', '2018-01-23 02:03:42', '602135e7-849e-4dbc-b516-a88b56ad1cdc'),
 ('24', '11', '11', NULL, '2018-01-23 02:03:51', NULL, '2018-01-11 04:19:32', '2018-01-23 02:03:51', 'da061709-ab88-483e-8015-c93a70ed12e8'),
 ('25', '12', '12', NULL, '2018-01-23 01:57:51', NULL, '2018-01-11 04:20:57', '2018-01-23 01:57:51', 'b8274ed2-a1d0-4805-98fc-1f48184ae012'),
 ('66', '15', '15', NULL, '2018-01-24 01:16:45', NULL, '2018-01-24 01:16:15', '2018-01-24 01:16:45', '9a1624d3-bcc1-4a4c-af7e-7606369fd27b');



DROP TABLE IF EXISTS `cft_entrydrafts`;


--
-- Schema for table `cft_entrydrafts`
--
CREATE TABLE `cft_entrydrafts` (
  `id` int(11) NOT NULL AUTO_INCREMENT,
  `entryId` int(11) NOT NULL,
  `sectionId` int(11) NOT NULL,
  `creatorId` int(11) NOT NULL,
  `locale` char(12) COLLATE utf8_unicode_ci NOT NULL,
  `name` varchar(255) COLLATE utf8_unicode_ci NOT NULL,
  `notes` tinytext COLLATE utf8_unicode_ci,
  `data` mediumtext COLLATE utf8_unicode_ci NOT NULL,
  `dateCreated` datetime NOT NULL,
  `dateUpdated` datetime NOT NULL,
  `uid` char(36) COLLATE utf8_unicode_ci NOT NULL DEFAULT '0',
  PRIMARY KEY (`id`),
  KEY `cft_entrydrafts_entryId_locale_idx` (`entryId`,`locale`),
  KEY `cft_entrydrafts_sectionId_fk` (`sectionId`),
  KEY `cft_entrydrafts_creatorId_fk` (`creatorId`),
  KEY `cft_entrydrafts_locale_fk` (`locale`)
) ENGINE=InnoDB DEFAULT CHARSET=utf8 COLLATE=utf8_unicode_ci;

DROP TABLE IF EXISTS `cft_entrytypes`;


--
-- Schema for table `cft_entrytypes`
--
CREATE TABLE `cft_entrytypes` (
  `id` int(11) NOT NULL AUTO_INCREMENT,
  `sectionId` int(11) NOT NULL,
  `fieldLayoutId` int(11) DEFAULT NULL,
  `name` varchar(255) COLLATE utf8_unicode_ci NOT NULL,
  `handle` varchar(255) COLLATE utf8_unicode_ci NOT NULL,
  `hasTitleField` tinyint(1) unsigned NOT NULL DEFAULT '1',
  `titleLabel` varchar(255) COLLATE utf8_unicode_ci DEFAULT 'Title',
  `titleFormat` varchar(255) COLLATE utf8_unicode_ci DEFAULT NULL,
  `sortOrder` smallint(6) unsigned DEFAULT NULL,
  `dateCreated` datetime NOT NULL,
  `dateUpdated` datetime NOT NULL,
  `uid` char(36) COLLATE utf8_unicode_ci NOT NULL DEFAULT '0',
  PRIMARY KEY (`id`),
  UNIQUE KEY `cft_entrytypes_name_sectionId_unq_idx` (`name`,`sectionId`),
  UNIQUE KEY `cft_entrytypes_handle_sectionId_unq_idx` (`handle`,`sectionId`),
  KEY `cft_entrytypes_sectionId_fk` (`sectionId`),
  KEY `cft_entrytypes_fieldLayoutId_fk` (`fieldLayoutId`)
) ENGINE=InnoDB AUTO_INCREMENT=16 DEFAULT CHARSET=utf8 COLLATE=utf8_unicode_ci;

--
-- Data for table `cft_entrytypes`
--

INSERT INTO `cft_entrytypes` (`id`, `sectionId`, `fieldLayoutId`, `name`, `handle`, `hasTitleField`, `titleLabel`, `titleFormat`, `sortOrder`, `dateCreated`, `dateUpdated`, `uid`) VALUES
 ('1', '1', '118', 'Home', 'homepage', '1', 'Title', NULL, '1', '2017-12-11 21:39:25', '2018-01-17 00:14:12', '5005c2e2-81da-4753-87d6-db55398ba1fc'),
 ('6', '6', '54', 'About us', 'aboutUs', '0', NULL, '{section.name|raw}', '1', '2018-01-11 04:08:53', '2018-01-11 04:08:53', '59f9e8c2-ecba-491c-9f35-22e9182327ec'),
 ('7', '7', '55', 'Contact Us', 'contactUs', '0', NULL, '{section.name|raw}', '1', '2018-01-11 04:09:13', '2018-01-11 04:09:13', '1861ccb6-7dbb-45d2-a01e-7d478a6bceea'),
 ('8', '8', '56', 'Microchip Registry Search', 'microchipRegistrySearch', '0', NULL, '{section.name|raw}', '1', '2018-01-11 04:09:40', '2018-01-11 04:09:40', 'c0f83cd2-f727-4a9f-b222-1a5d31fe8ae4'),
 ('11', '11', '59', 'Private Policy', 'privatePolicy', '0', NULL, '{section.name|raw}', '1', '2018-01-11 04:19:32', '2018-01-11 04:19:32', '92ca2af0-68d8-47c8-8950-afeb6a9fdea0'),
 ('12', '12', '60', 'Product List', 'productList', '0', NULL, '{section.name|raw}', '1', '2018-01-11 04:20:57', '2018-01-11 04:20:57', 'fdade41f-8640-4824-b8c5-3d3ccb164d28'),
 ('13', '13', '61', 'Check Out', 'checkOut', '1', 'Title', NULL, '1', '2018-01-11 04:27:18', '2018-01-11 04:27:18', 'b275e79d-5579-4399-8c6a-16611ee47671'),
 ('15', '15', '135', 'Registration', 'registration', '0', NULL, '{section.name|raw}', '1', '2018-01-24 01:16:15', '2018-01-24 01:16:15', 'a4ad072d-217f-4a4b-8a86-9f6301700f9e');



DROP TABLE IF EXISTS `cft_entryversions`;


--
-- Schema for table `cft_entryversions`
--
CREATE TABLE `cft_entryversions` (
  `id` int(11) NOT NULL AUTO_INCREMENT,
  `entryId` int(11) NOT NULL,
  `sectionId` int(11) NOT NULL,
  `creatorId` int(11) DEFAULT NULL,
  `locale` char(12) COLLATE utf8_unicode_ci NOT NULL,
  `num` smallint(6) unsigned NOT NULL,
  `notes` tinytext COLLATE utf8_unicode_ci,
  `data` mediumtext COLLATE utf8_unicode_ci NOT NULL,
  `dateCreated` datetime NOT NULL,
  `dateUpdated` datetime NOT NULL,
  `uid` char(36) COLLATE utf8_unicode_ci NOT NULL DEFAULT '0',
  PRIMARY KEY (`id`),
  KEY `cft_entryversions_entryId_locale_idx` (`entryId`,`locale`),
  KEY `cft_entryversions_sectionId_fk` (`sectionId`),
  KEY `cft_entryversions_creatorId_fk` (`creatorId`),
  KEY `cft_entryversions_locale_fk` (`locale`)
) ENGINE=InnoDB AUTO_INCREMENT=31 DEFAULT CHARSET=utf8 COLLATE=utf8_unicode_ci;

--
-- Data for table `cft_entryversions`
--

INSERT INTO `cft_entryversions` (`id`, `entryId`, `sectionId`, `creatorId`, `locale`, `num`, `notes`, `data`, `dateCreated`, `dateUpdated`, `uid`) VALUES
 ('1', '2', '1', '1', 'en_au', '1', NULL, '{\"typeId\":\"1\",\"authorId\":null,\"title\":\"Homepage\",\"slug\":\"homepage\",\"postDate\":1513028365,\"expiryDate\":null,\"enabled\":1,\"parentId\":null,\"fields\":[]}', '2017-12-11 21:39:25', '2017-12-11 21:39:25', '59d4cc40-adae-4705-a595-19bf789587bf'),
 ('2', '2', '1', '1', 'en_au', '2', NULL, '{\"typeId\":null,\"authorId\":null,\"title\":\"Welcome to Craft.test!\",\"slug\":\"homepage\",\"postDate\":1513028365,\"expiryDate\":null,\"enabled\":\"1\",\"parentId\":null,\"fields\":{\"1\":\"<p>It\\u2019s true, this site doesn\\u2019t have a whole lot of content yet, but don\\u2019t worry. Our web developers have just installed the CMS, and they\\u2019re setting things up for the content editors this very moment. Soon Craft.test will be an oasis of fresh perspectives, sharp analyses, and astute opinions that will keep you coming back again and again.<\\/p>\"}}', '2017-12-11 21:39:25', '2017-12-11 21:39:25', '9436ec8e-caeb-4b96-8c18-1868d46bd562'),
 ('19', '21', '6', '1', 'en_au', '1', NULL, '{\"typeId\":\"6\",\"authorId\":null,\"title\":\"About us\",\"slug\":\"about-us\",\"postDate\":1515643733,\"expiryDate\":null,\"enabled\":1,\"parentId\":null,\"fields\":[]}', '2018-01-11 04:08:53', '2018-01-11 04:08:53', '8c368f27-c8ac-4996-bf0c-d45cb5591a03'),
 ('20', '22', '7', '1', 'en_au', '1', NULL, '{\"typeId\":\"7\",\"authorId\":null,\"title\":\"Contact Us\",\"slug\":\"contact-us\",\"postDate\":1515643753,\"expiryDate\":null,\"enabled\":1,\"parentId\":null,\"fields\":[]}', '2018-01-11 04:09:13', '2018-01-11 04:09:13', '9b547c3e-e556-495a-a6db-076a085790e6'),
 ('21', '23', '8', '1', 'en_au', '1', NULL, '{\"typeId\":\"8\",\"authorId\":null,\"title\":\"Microchip Registry Search\",\"slug\":\"microchip-registry-search\",\"postDate\":1515643780,\"expiryDate\":null,\"enabled\":1,\"parentId\":null,\"fields\":[]}', '2018-01-11 04:09:40', '2018-01-11 04:09:40', '3fdb675d-b06b-419e-855e-0d4fbc5a29c4'),
 ('22', '24', '11', '1', 'en_au', '1', NULL, '{\"typeId\":\"11\",\"authorId\":null,\"title\":\"Private Policy\",\"slug\":\"private-policy\",\"postDate\":1515644372,\"expiryDate\":null,\"enabled\":1,\"parentId\":null,\"fields\":[]}', '2018-01-11 04:19:32', '2018-01-11 04:19:32', 'c36e930e-44c0-49eb-8b50-ccbfe1bd686a'),
 ('23', '25', '12', '1', 'en_au', '1', NULL, '{\"typeId\":\"12\",\"authorId\":null,\"title\":\"Product List\",\"slug\":\"product-list\",\"postDate\":1515644457,\"expiryDate\":null,\"enabled\":1,\"parentId\":null,\"fields\":[]}', '2018-01-11 04:20:57', '2018-01-11 04:20:57', '257996ad-a0c0-4bdc-b026-6e9cc495a8c7'),
 ('24', '2', '1', '1', 'en_au', '3', '', '{\"typeId\":\"1\",\"authorId\":null,\"title\":\"Welcome to Craft.test!\",\"slug\":\"homepage\",\"postDate\":1515725453,\"expiryDate\":null,\"enabled\":1,\"parentId\":null,\"fields\":{\"1\":\"<p>It\\u2019s true, this site doesn\\u2019t have a whole lot of content yet, but don\\u2019t worry. Our web developers have just installed the CMS, and they\\u2019re setting things up for the content editors this very moment. Soon Craft.test will be an oasis of fresh perspectives, sharp analyses, and astute opinions that will keep you coming back again and again.<\\/p>\",\"4\":[\"9\"]}}', '2018-01-12 02:52:18', '2018-01-12 02:52:18', 'c9b3dfc3-f86d-4f78-94b2-e363c97cd55c'),
 ('25', '2', '1', '1', 'en_au', '4', '', '{\"typeId\":\"1\",\"authorId\":null,\"title\":\"Welcome to Craft.test!\",\"slug\":\"homepage\",\"postDate\":1515725453,\"expiryDate\":null,\"enabled\":1,\"parentId\":null,\"fields\":{\"1\":\"<p>It\\u2019s true, this site doesn\\u2019t have a whole lot of content yet, but don\\u2019t worry. Our web developers have just installed the CMS, and they\\u2019re setting things up for the content editors this very moment. Soon Craft.test will be an oasis of fresh perspectives, sharp analyses, and astute opinions that will keep you coming back again and again.<\\/p>\",\"4\":[\"9\"]}}', '2018-01-12 02:54:18', '2018-01-12 02:54:18', '79a5b84b-d7c2-4c84-87cc-58bcda466c19'),
 ('26', '2', '1', '1', 'en_au', '5', 'Published draft “Draft 1”.', '{\"typeId\":null,\"authorId\":null,\"title\":\"Home\",\"slug\":\"home\",\"postDate\":null,\"expiryDate\":null,\"enabled\":1,\"parentId\":null,\"fields\":{\"1\":\"<p>It\\u2019s true, this site doesn\\u2019t have a whole lot of content yet, but don\\u2019t worry. Our web developers have just installed the CMS, and they\\u2019re setting things up for the content editors this very moment. Soon Craft.test will be an oasis of fresh perspectives, sharp analyses, and astute opinions that will keep you coming back again and again.<\\/p>\",\"4\":[\"9\"]}}', '2018-01-12 02:54:53', '2018-01-12 02:54:53', '5d60b650-137a-4943-983d-bbe60b1b5303'),
 ('27', '2', '1', '1', 'en_au', '6', '', '{\"typeId\":\"1\",\"authorId\":null,\"title\":\"Home\",\"slug\":\"home\",\"postDate\":1515725453,\"expiryDate\":null,\"enabled\":1,\"parentId\":null,\"fields\":{\"1\":\"<p>It\\u2019s true, this site doesn\\u2019t have a whole lot of content yet, but don\\u2019t worry. Our web developers have just installed the CMS, and they\\u2019re setting things up for the content editors this very moment. Soon Craft.test will be an oasis of fresh perspectives, sharp analyses, and astute opinions that will keep you coming back again and again.<\\/p>\",\"4\":[\"9\"]}}', '2018-01-12 02:54:58', '2018-01-12 02:54:58', '35054fa2-f8d3-43fc-85c4-82580ae28a8b'),
 ('28', '2', '1', '1', 'en_au', '7', '', '{\"typeId\":\"1\",\"authorId\":null,\"title\":\"Home\",\"slug\":\"home\",\"postDate\":1515725453,\"expiryDate\":null,\"enabled\":1,\"parentId\":null,\"fields\":{\"1\":\"<p>It\\u2019s true, this site doesn\\u2019t have a whole lot of content yet, but don\\u2019t worry. Our web developers have just installed the CMS, and they\\u2019re setting things up for the content editors this very moment. Soon Craft.test will be an oasis of fresh perspectives, sharp analyses, and astute opinions that will keep you coming back again and again.<\\/p>\",\"4\":[\"9\"]}}', '2018-01-12 03:05:41', '2018-01-12 03:05:41', 'e0045240-bfd2-4a84-af52-ffd70bbe59cf'),
 ('29', '2', '1', '1', 'en_au', '8', '', '{\"typeId\":\"1\",\"authorId\":null,\"title\":\"Home\",\"slug\":\"home\",\"postDate\":1515973406,\"expiryDate\":null,\"enabled\":1,\"parentId\":null,\"fields\":{\"9\":\"\",\"8\":[\"9\"]}}', '2018-01-17 00:14:51', '2018-01-17 00:14:51', 'a5a40b63-b7a8-4fe1-ab56-317dd6bc7b71'),
 ('30', '66', '15', '1', 'en_au', '1', NULL, '{\"typeId\":\"15\",\"authorId\":null,\"title\":\"Registration\",\"slug\":\"registration\",\"postDate\":1516756575,\"expiryDate\":null,\"enabled\":1,\"parentId\":null,\"fields\":[]}', '2018-01-24 01:16:15', '2018-01-24 01:16:15', '76734020-d027-4350-93bc-05b89925e181');



DROP TABLE IF EXISTS `cft_fieldgroups`;


--
-- Schema for table `cft_fieldgroups`
--
CREATE TABLE `cft_fieldgroups` (
  `id` int(11) NOT NULL AUTO_INCREMENT,
  `name` varchar(255) COLLATE utf8_unicode_ci NOT NULL,
  `dateCreated` datetime NOT NULL,
  `dateUpdated` datetime NOT NULL,
  `uid` char(36) COLLATE utf8_unicode_ci NOT NULL DEFAULT '0',
  PRIMARY KEY (`id`),
  UNIQUE KEY `cft_fieldgroups_name_unq_idx` (`name`)
) ENGINE=InnoDB AUTO_INCREMENT=7 DEFAULT CHARSET=utf8 COLLATE=utf8_unicode_ci;

--
-- Data for table `cft_fieldgroups`
--

INSERT INTO `cft_fieldgroups` (`id`, `name`, `dateCreated`, `dateUpdated`, `uid`) VALUES
 ('1', 'Default', '2017-12-11 21:39:25', '2017-12-11 21:39:25', 'b5cdef0d-9267-4354-8631-6a4a3efb0fbd'),
 ('5', 'Product Detail', '2018-01-15 02:31:11', '2018-01-17 00:11:09', '789bdbe3-7de9-4d9f-a205-e12a725757fd'),
 ('6', 'Product General Information', '2018-01-17 00:07:07', '2018-01-17 00:07:07', '4d81abfa-e348-4ae5-a4a1-ad9e495ecf4a');



DROP TABLE IF EXISTS `cft_fieldlayoutfields`;


--
-- Schema for table `cft_fieldlayoutfields`
--
CREATE TABLE `cft_fieldlayoutfields` (
  `id` int(11) NOT NULL AUTO_INCREMENT,
  `layoutId` int(11) NOT NULL,
  `tabId` int(11) NOT NULL,
  `fieldId` int(11) NOT NULL,
  `required` tinyint(1) unsigned NOT NULL DEFAULT '0',
  `sortOrder` smallint(6) unsigned DEFAULT NULL,
  `dateCreated` datetime NOT NULL,
  `dateUpdated` datetime NOT NULL,
  `uid` char(36) COLLATE utf8_unicode_ci NOT NULL DEFAULT '0',
  PRIMARY KEY (`id`),
  UNIQUE KEY `cft_fieldlayoutfields_layoutId_fieldId_unq_idx` (`layoutId`,`fieldId`),
  KEY `cft_fieldlayoutfields_sortOrder_idx` (`sortOrder`),
  KEY `cft_fieldlayoutfields_tabId_fk` (`tabId`),
  KEY `cft_fieldlayoutfields_fieldId_fk` (`fieldId`)
) ENGINE=InnoDB AUTO_INCREMENT=152 DEFAULT CHARSET=utf8 COLLATE=utf8_unicode_ci;

--
-- Data for table `cft_fieldlayoutfields`
--

INSERT INTO `cft_fieldlayoutfields` (`id`, `layoutId`, `tabId`, `fieldId`, `required`, `sortOrder`, `dateCreated`, `dateUpdated`, `uid`) VALUES
 ('122', '118', '55', '8', '0', '1', '2018-01-17 00:14:12', '2018-01-17 00:14:12', '48dbd072-6cff-4f07-b975-a5cde8aa659a'),
 ('123', '118', '55', '9', '0', '2', '2018-01-17 00:14:12', '2018-01-17 00:14:12', '9c64f114-9688-430c-bde0-3f3e36c79c19'),
 ('136', '125', '62', '4', '0', '1', '2018-01-23 02:41:08', '2018-01-23 02:41:08', '363a7b8b-6c8b-49f3-876f-2647b07f858c'),
 ('137', '125', '62', '1', '0', '2', '2018-01-23 02:41:08', '2018-01-23 02:41:08', '59f8e954-3e16-4c55-b3a4-e5ff9aa45481'),
 ('138', '125', '62', '7', '0', '3', '2018-01-23 02:41:08', '2018-01-23 02:41:08', 'ed437c81-45fb-4bb4-9c7b-64274b9e1da9'),
 ('139', '126', '63', '5', '0', '1', '2018-01-23 02:41:08', '2018-01-23 02:41:08', '7396b9ef-d031-4934-a235-8f8f157fbed9'),
 ('144', '129', '66', '4', '0', '1', '2018-01-23 02:41:25', '2018-01-23 02:41:25', '602ec792-8fe8-4eb4-8696-59286d8697a6'),
 ('145', '129', '66', '7', '0', '2', '2018-01-23 02:41:25', '2018-01-23 02:41:25', 'ccbd8478-b3c1-4c17-833f-80f0e7fad148'),
 ('146', '129', '66', '1', '0', '3', '2018-01-23 02:41:25', '2018-01-23 02:41:25', '73eb5dc2-c318-4743-8eb1-f9eec5fb6b7d'),
 ('147', '130', '67', '5', '0', '1', '2018-01-23 02:41:25', '2018-01-23 02:41:25', 'acbdd62f-19b4-4ac1-9686-e429ac196d9c'),
 ('148', '131', '68', '4', '0', '1', '2018-01-23 03:13:20', '2018-01-23 03:13:20', 'eb9ad476-a01d-4574-931b-29c74d0e173c'),
 ('149', '131', '68', '1', '0', '2', '2018-01-23 03:13:20', '2018-01-23 03:13:20', '89107874-9829-49c0-b800-1b7ee830925a'),
 ('150', '131', '68', '7', '0', '3', '2018-01-23 03:13:20', '2018-01-23 03:13:20', 'a6d25c13-fedf-4f7a-a3c1-b656c01f90f9'),
 ('151', '132', '69', '5', '0', '1', '2018-01-23 03:13:20', '2018-01-23 03:13:20', '3612a44c-5170-476e-bb48-bc44406b5ec5');



DROP TABLE IF EXISTS `cft_fieldlayouts`;


--
-- Schema for table `cft_fieldlayouts`
--
CREATE TABLE `cft_fieldlayouts` (
  `id` int(11) NOT NULL AUTO_INCREMENT,
  `type` varchar(150) COLLATE utf8_unicode_ci NOT NULL,
  `dateCreated` datetime NOT NULL,
  `dateUpdated` datetime NOT NULL,
  `uid` char(36) COLLATE utf8_unicode_ci NOT NULL DEFAULT '0',
  PRIMARY KEY (`id`),
  KEY `cft_fieldlayouts_type_idx` (`type`)
) ENGINE=InnoDB AUTO_INCREMENT=136 DEFAULT CHARSET=utf8 COLLATE=utf8_unicode_ci;

--
-- Data for table `cft_fieldlayouts`
--

INSERT INTO `cft_fieldlayouts` (`id`, `type`, `dateCreated`, `dateUpdated`, `uid`) VALUES
 ('1', 'Tag', '2017-12-11 21:39:25', '2017-12-11 21:39:25', '4a3d551c-3f91-4653-9a4d-0a18a31709ab'),
 ('25', 'Asset', '2017-12-12 02:11:44', '2017-12-12 02:11:44', '87f3f3d4-ad22-4b80-a3bd-a7d00fa609c9'),
 ('45', 'Commerce_Order', '2018-01-10 04:58:06', '2018-01-10 04:58:06', '4dee5d9a-b276-4614-93d8-cb799ecc0bef'),
 ('46', 'Commerce_Product', '2018-01-10 04:58:06', '2018-01-10 04:58:06', 'eec08216-b667-4ec0-815d-4e853da338a8'),
 ('47', 'Commerce_Variant', '2018-01-10 04:58:06', '2018-01-10 04:58:06', '1cad0943-f130-4a84-a36f-e0af706a90e5'),
 ('54', 'Entry', '2018-01-11 04:08:53', '2018-01-11 04:08:53', '3719713e-7aea-4bbc-8dd9-ba90386b9226'),
 ('55', 'Entry', '2018-01-11 04:09:13', '2018-01-11 04:09:13', '472a52b0-60d7-4ed5-bc43-d0c740750995'),
 ('56', 'Entry', '2018-01-11 04:09:40', '2018-01-11 04:09:40', 'bfeb61b2-0648-415c-91f7-d0ce4c89509e'),
 ('59', 'Entry', '2018-01-11 04:19:32', '2018-01-11 04:19:32', 'fad57040-f6ef-450a-8b0f-88162cc79a12'),
 ('60', 'Entry', '2018-01-11 04:20:57', '2018-01-11 04:20:57', '383e0242-d442-4a34-aaa5-46a20cb4ee4d'),
 ('61', 'Entry', '2018-01-11 04:27:18', '2018-01-11 04:27:18', '00ae255a-313a-40e9-869b-739f7285926c'),
 ('84', 'Asset', '2018-01-14 21:58:49', '2018-01-14 21:58:49', '497f90be-c093-4399-be00-319b5402c94a'),
 ('93', 'Category', '2018-01-16 04:24:38', '2018-01-16 04:24:38', '6cd52e21-de54-46a4-ab1a-10e0f7f2f484'),
 ('118', 'Entry', '2018-01-17 00:14:12', '2018-01-17 00:14:12', 'bc79b26a-fc17-4e0a-bcc5-01e80da738ac'),
 ('125', 'Commerce_Product', '2018-01-23 02:41:08', '2018-01-23 02:41:08', '0552467b-3964-48af-be86-4fbb9e921fd9'),
 ('126', 'Commerce_Variant', '2018-01-23 02:41:08', '2018-01-23 02:41:08', '851ada87-4920-4e33-bb92-39f8474c8832'),
 ('129', 'Commerce_Product', '2018-01-23 02:41:25', '2018-01-23 02:41:25', '346772ed-d38a-4480-b7ef-3218e02b881f'),
 ('130', 'Commerce_Variant', '2018-01-23 02:41:25', '2018-01-23 02:41:25', '77b1d784-bd58-47b4-99fd-d19f4a27cd45'),
 ('131', 'Commerce_Product', '2018-01-23 03:13:20', '2018-01-23 03:13:20', '67c9702c-05c0-4676-a474-d9b4db0af894'),
 ('132', 'Commerce_Variant', '2018-01-23 03:13:20', '2018-01-23 03:13:20', '87784718-46fa-469f-b2c8-42b2e3e51bc3'),
 ('135', 'Entry', '2018-01-24 01:16:15', '2018-01-24 01:16:15', 'a5ab5ad3-fcf6-4e52-a610-37b3ffba6783');



DROP TABLE IF EXISTS `cft_fieldlayouttabs`;


--
-- Schema for table `cft_fieldlayouttabs`
--
CREATE TABLE `cft_fieldlayouttabs` (
  `id` int(11) NOT NULL AUTO_INCREMENT,
  `layoutId` int(11) NOT NULL,
  `name` varchar(255) COLLATE utf8_unicode_ci NOT NULL,
  `sortOrder` smallint(6) unsigned DEFAULT NULL,
  `dateCreated` datetime NOT NULL,
  `dateUpdated` datetime NOT NULL,
  `uid` char(36) COLLATE utf8_unicode_ci NOT NULL DEFAULT '0',
  PRIMARY KEY (`id`),
  KEY `cft_fieldlayouttabs_sortOrder_idx` (`sortOrder`),
  KEY `cft_fieldlayouttabs_layoutId_fk` (`layoutId`)
) ENGINE=InnoDB AUTO_INCREMENT=70 DEFAULT CHARSET=utf8 COLLATE=utf8_unicode_ci;

--
-- Data for table `cft_fieldlayouttabs`
--

INSERT INTO `cft_fieldlayouttabs` (`id`, `layoutId`, `name`, `sortOrder`, `dateCreated`, `dateUpdated`, `uid`) VALUES
 ('55', '118', 'Content', '1', '2018-01-17 00:14:12', '2018-01-17 00:14:12', 'd9980a4f-a850-4ecd-a94b-1528959d8bae'),
 ('62', '125', 'Product General Information', '1', '2018-01-23 02:41:08', '2018-01-23 02:41:08', 'bae4e7de-a6ee-45f5-9dbf-7f951c06f7e7'),
 ('63', '126', 'Content', '1', '2018-01-23 02:41:08', '2018-01-23 02:41:08', 'b69f2aa5-6a5e-46eb-a8cd-64fa74e9d0b9'),
 ('66', '129', 'Product General Information', '1', '2018-01-23 02:41:25', '2018-01-23 02:41:25', '6bf8a0b0-29cf-4ee0-a916-64fa19c85c83'),
 ('67', '130', 'Content', '1', '2018-01-23 02:41:25', '2018-01-23 02:41:25', '4c994933-898f-4803-a9fe-28abfcfc3e00'),
 ('68', '131', 'Product General Information', '1', '2018-01-23 03:13:20', '2018-01-23 03:13:20', 'e87f5a11-0f52-406c-b4e1-925fd2c18ec3'),
 ('69', '132', 'Content', '1', '2018-01-23 03:13:20', '2018-01-23 03:13:20', '6e3b111d-e38b-4aac-bec3-8cb2b29bc4c9');



DROP TABLE IF EXISTS `cft_fields`;


--
-- Schema for table `cft_fields`
--
CREATE TABLE `cft_fields` (
  `id` int(11) NOT NULL AUTO_INCREMENT,
  `groupId` int(11) DEFAULT NULL,
  `name` varchar(255) COLLATE utf8_unicode_ci NOT NULL,
  `handle` varchar(58) COLLATE utf8_unicode_ci NOT NULL,
  `context` varchar(255) COLLATE utf8_unicode_ci NOT NULL DEFAULT 'global',
  `instructions` text COLLATE utf8_unicode_ci,
  `translatable` tinyint(1) unsigned NOT NULL DEFAULT '0',
  `type` varchar(150) COLLATE utf8_unicode_ci NOT NULL,
  `settings` text COLLATE utf8_unicode_ci,
  `dateCreated` datetime NOT NULL,
  `dateUpdated` datetime NOT NULL,
  `uid` char(36) COLLATE utf8_unicode_ci NOT NULL DEFAULT '0',
  PRIMARY KEY (`id`),
  UNIQUE KEY `cft_fields_handle_context_unq_idx` (`handle`,`context`),
  KEY `cft_fields_context_idx` (`context`),
  KEY `cft_fields_groupId_fk` (`groupId`)
) ENGINE=InnoDB AUTO_INCREMENT=10 DEFAULT CHARSET=utf8 COLLATE=utf8_unicode_ci;

--
-- Data for table `cft_fields`
--

INSERT INTO `cft_fields` (`id`, `groupId`, `name`, `handle`, `context`, `instructions`, `translatable`, `type`, `settings`, `dateCreated`, `dateUpdated`, `uid`) VALUES
 ('1', '6', 'Product Description', 'productDescription', 'global', '', '0', 'RichText', '{\"configFile\":\"Standard.json\",\"availableAssetSources\":\"*\",\"availableTransforms\":\"*\",\"cleanupHtml\":\"1\",\"purifyHtml\":\"1\",\"purifierConfig\":\"\",\"columnType\":\"text\"}', '2017-12-11 21:39:25', '2018-01-17 00:08:46', 'a6d3a22a-11ad-457d-a86d-fcb22b9712d6'),
 ('2', '1', 'Tags', 'tags', 'global', NULL, '0', 'Tags', '{\"source\":\"taggroup:1\"}', '2017-12-11 21:39:25', '2017-12-11 21:39:25', '885e4a2b-3ba1-4210-9584-7423cb9cfcc2'),
 ('3', '1', 'int', 'int', 'global', 'please enter a number between 50 ~ 200', '0', 'Number', '{\"min\":\"50\",\"max\":\"200\",\"decimals\":\"0\"}', '2017-12-12 00:16:10', '2018-01-17 00:10:43', '6b6bdd7d-055a-429e-a314-97c3dbc271eb'),
 ('4', '6', 'Product Image', 'productImage', 'global', 'Add an image here', '0', 'Assets', '{\"useSingleFolder\":\"\",\"sources\":\"*\",\"defaultUploadLocationSource\":\"1\",\"defaultUploadLocationSubpath\":\"\",\"singleUploadLocationSource\":\"1\",\"singleUploadLocationSubpath\":\"\",\"restrictFiles\":\"\",\"limit\":\"4\",\"viewMode\":\"list\",\"selectionLabel\":\"\"}', '2017-12-12 01:02:31', '2018-01-23 03:41:15', 'd2677a5c-db6f-4993-b23a-d6aa29e6f87c'),
 ('5', '5', 'Delivery', 'delivery', 'global', 'check for has delivery', '0', 'Checkboxes', '{\"options\":[{\"label\":\"\",\"value\":\"\",\"default\":\"1\"}]}', '2018-01-15 02:32:35', '2018-01-17 00:11:20', 'c25ee1f5-174a-43df-9422-e648f6131165'),
 ('7', '6', 'Product Categories', 'productCategories', 'global', 'Add a Category to the product, so users can see this product when they search that category', '0', 'Categories', '{\"source\":\"group:1\",\"limit\":\"\",\"selectionLabel\":\"Add a category to the product\"}', '2018-01-16 23:33:00', '2018-01-17 00:07:43', 'ebd725e0-7d70-43c7-aa2f-caa511bf9ad9'),
 ('8', '1', 'Image', 'image', 'global', 'Add an image here', '0', 'Assets', '{\"useSingleFolder\":\"\",\"sources\":\"*\",\"defaultUploadLocationSource\":\"1\",\"defaultUploadLocationSubpath\":\"\",\"singleUploadLocationSource\":\"1\",\"singleUploadLocationSubpath\":\"\",\"restrictFiles\":\"\",\"limit\":\"1\",\"viewMode\":\"list\",\"selectionLabel\":\"\"}', '2018-01-17 00:09:48', '2018-01-17 00:09:48', '0c8f3a37-3328-45a5-a54c-0886e4f57993'),
 ('9', '1', 'Body', 'body', 'global', 'Add a description', '0', 'RichText', '{\"configFile\":\"Standard.json\",\"availableAssetSources\":\"*\",\"availableTransforms\":\"*\",\"cleanupHtml\":\"1\",\"purifyHtml\":\"1\",\"purifierConfig\":\"\",\"columnType\":\"text\"}', '2018-01-17 00:10:27', '2018-01-17 00:10:27', '4f5afab3-370a-46b8-8716-3b04fb7cabc4');



DROP TABLE IF EXISTS `cft_globalsets`;


--
-- Schema for table `cft_globalsets`
--
CREATE TABLE `cft_globalsets` (
  `id` int(11) NOT NULL,
  `name` varchar(255) COLLATE utf8_unicode_ci NOT NULL,
  `handle` varchar(255) COLLATE utf8_unicode_ci NOT NULL,
  `fieldLayoutId` int(11) DEFAULT NULL,
  `dateCreated` datetime NOT NULL,
  `dateUpdated` datetime NOT NULL,
  `uid` char(36) COLLATE utf8_unicode_ci NOT NULL DEFAULT '0',
  PRIMARY KEY (`id`),
  UNIQUE KEY `cft_globalsets_name_unq_idx` (`name`),
  UNIQUE KEY `cft_globalsets_handle_unq_idx` (`handle`),
  KEY `cft_globalsets_fieldLayoutId_fk` (`fieldLayoutId`)
) ENGINE=InnoDB DEFAULT CHARSET=utf8 COLLATE=utf8_unicode_ci;

DROP TABLE IF EXISTS `cft_info`;


--
-- Schema for table `cft_info`
--
CREATE TABLE `cft_info` (
  `id` int(11) NOT NULL AUTO_INCREMENT,
  `version` varchar(50) COLLATE utf8_unicode_ci NOT NULL,
  `schemaVersion` varchar(15) COLLATE utf8_unicode_ci NOT NULL,
  `edition` tinyint(1) unsigned NOT NULL DEFAULT '0',
  `siteName` varchar(100) COLLATE utf8_unicode_ci NOT NULL,
  `siteUrl` varchar(255) COLLATE utf8_unicode_ci NOT NULL,
  `timezone` varchar(30) COLLATE utf8_unicode_ci DEFAULT NULL,
  `on` tinyint(1) unsigned NOT NULL DEFAULT '0',
  `maintenance` tinyint(1) unsigned NOT NULL DEFAULT '0',
  `dateCreated` datetime NOT NULL,
  `dateUpdated` datetime NOT NULL,
  `uid` char(36) COLLATE utf8_unicode_ci NOT NULL DEFAULT '0',
  PRIMARY KEY (`id`)
) ENGINE=InnoDB AUTO_INCREMENT=2 DEFAULT CHARSET=utf8 COLLATE=utf8_unicode_ci;

--
-- Data for table `cft_info`
--

INSERT INTO `cft_info` (`id`, `version`, `schemaVersion`, `edition`, `siteName`, `siteUrl`, `timezone`, `on`, `maintenance`, `dateCreated`, `dateUpdated`, `uid`) VALUES
 ('1', '2.6.3000', '2.6.13', '2', 'Craft', 'http://craft.test', 'Australia/Hobart', '1', '0', '2017-12-11 21:39:23', '2018-02-13 02:16:48', 'fb8f676d-8d2d-4dc5-ac46-5204de1f4c84');



DROP TABLE IF EXISTS `cft_locales`;


--
-- Schema for table `cft_locales`
--
CREATE TABLE `cft_locales` (
  `locale` char(12) COLLATE utf8_unicode_ci NOT NULL,
  `sortOrder` smallint(6) unsigned DEFAULT NULL,
  `dateCreated` datetime NOT NULL,
  `dateUpdated` datetime NOT NULL,
  `uid` char(36) COLLATE utf8_unicode_ci NOT NULL DEFAULT '0',
  PRIMARY KEY (`locale`),
  KEY `cft_locales_sortOrder_idx` (`sortOrder`)
) ENGINE=InnoDB DEFAULT CHARSET=utf8 COLLATE=utf8_unicode_ci;

--
-- Data for table `cft_locales`
--

INSERT INTO `cft_locales` (`locale`, `sortOrder`, `dateCreated`, `dateUpdated`, `uid`) VALUES
 ('en_au', '1', '2017-12-11 21:39:24', '2017-12-11 21:39:24', 'f80b44f4-fcf8-4f78-bb4b-3672b2711885');



DROP TABLE IF EXISTS `cft_matrixblocks`;


--
-- Schema for table `cft_matrixblocks`
--
CREATE TABLE `cft_matrixblocks` (
  `id` int(11) NOT NULL,
  `ownerId` int(11) NOT NULL,
  `fieldId` int(11) NOT NULL,
  `typeId` int(11) DEFAULT NULL,
  `sortOrder` smallint(6) unsigned DEFAULT NULL,
  `ownerLocale` char(12) COLLATE utf8_unicode_ci DEFAULT NULL,
  `dateCreated` datetime NOT NULL,
  `dateUpdated` datetime NOT NULL,
  `uid` char(36) COLLATE utf8_unicode_ci NOT NULL DEFAULT '0',
  PRIMARY KEY (`id`),
  KEY `cft_matrixblocks_ownerId_idx` (`ownerId`),
  KEY `cft_matrixblocks_fieldId_idx` (`fieldId`),
  KEY `cft_matrixblocks_typeId_idx` (`typeId`),
  KEY `cft_matrixblocks_sortOrder_idx` (`sortOrder`),
  KEY `cft_matrixblocks_ownerLocale_fk` (`ownerLocale`)
) ENGINE=InnoDB DEFAULT CHARSET=utf8 COLLATE=utf8_unicode_ci;

DROP TABLE IF EXISTS `cft_matrixblocktypes`;


--
-- Schema for table `cft_matrixblocktypes`
--
CREATE TABLE `cft_matrixblocktypes` (
  `id` int(11) NOT NULL AUTO_INCREMENT,
  `fieldId` int(11) NOT NULL,
  `fieldLayoutId` int(11) DEFAULT NULL,
  `name` varchar(255) COLLATE utf8_unicode_ci NOT NULL,
  `handle` varchar(255) COLLATE utf8_unicode_ci NOT NULL,
  `sortOrder` smallint(6) unsigned DEFAULT NULL,
  `dateCreated` datetime NOT NULL,
  `dateUpdated` datetime NOT NULL,
  `uid` char(36) COLLATE utf8_unicode_ci NOT NULL DEFAULT '0',
  PRIMARY KEY (`id`),
  UNIQUE KEY `cft_matrixblocktypes_name_fieldId_unq_idx` (`name`,`fieldId`),
  UNIQUE KEY `cft_matrixblocktypes_handle_fieldId_unq_idx` (`handle`,`fieldId`),
  KEY `cft_matrixblocktypes_fieldId_fk` (`fieldId`),
  KEY `cft_matrixblocktypes_fieldLayoutId_fk` (`fieldLayoutId`)
) ENGINE=InnoDB DEFAULT CHARSET=utf8 COLLATE=utf8_unicode_ci;

DROP TABLE IF EXISTS `cft_migrations`;


--
-- Schema for table `cft_migrations`
--
CREATE TABLE `cft_migrations` (
  `id` int(11) NOT NULL AUTO_INCREMENT,
  `pluginId` int(11) DEFAULT NULL,
  `version` varchar(255) COLLATE utf8_unicode_ci NOT NULL,
  `applyTime` datetime NOT NULL,
  `dateCreated` datetime NOT NULL,
  `dateUpdated` datetime NOT NULL,
  `uid` char(36) COLLATE utf8_unicode_ci NOT NULL DEFAULT '0',
  PRIMARY KEY (`id`),
  UNIQUE KEY `cft_migrations_version_unq_idx` (`version`),
  KEY `cft_migrations_pluginId_fk` (`pluginId`)
) ENGINE=InnoDB AUTO_INCREMENT=135 DEFAULT CHARSET=utf8 COLLATE=utf8_unicode_ci;

--
-- Data for table `cft_migrations`
--

INSERT INTO `cft_migrations` (`id`, `pluginId`, `version`, `applyTime`, `dateCreated`, `dateUpdated`, `uid`) VALUES
 ('1', NULL, 'm000000_000000_base', '2017-12-11 21:39:23', '2017-12-11 21:39:23', '2017-12-11 21:39:23', 'ca2f322c-6677-42bd-a96a-40982cdaa7c2'),
 ('2', NULL, 'm140730_000001_add_filename_and_format_to_transformindex', '2017-12-11 21:39:23', '2017-12-11 21:39:23', '2017-12-11 21:39:23', '241e4deb-1133-44b5-8bbe-bd867ef25851'),
 ('3', NULL, 'm140815_000001_add_format_to_transforms', '2017-12-11 21:39:23', '2017-12-11 21:39:23', '2017-12-11 21:39:23', 'a490fff7-45bc-4883-bd27-9ecf4031d926'),
 ('4', NULL, 'm140822_000001_allow_more_than_128_items_per_field', '2017-12-11 21:39:23', '2017-12-11 21:39:23', '2017-12-11 21:39:23', '26c981fc-1228-4498-adb3-1a9fa98117b2'),
 ('5', NULL, 'm140829_000001_single_title_formats', '2017-12-11 21:39:23', '2017-12-11 21:39:23', '2017-12-11 21:39:23', '77878da3-7e0d-4f50-99f0-ab47a3e93afb'),
 ('6', NULL, 'm140831_000001_extended_cache_keys', '2017-12-11 21:39:23', '2017-12-11 21:39:23', '2017-12-11 21:39:23', 'd44c852a-5946-4a82-b8aa-c19bbf05ad52'),
 ('7', NULL, 'm140922_000001_delete_orphaned_matrix_blocks', '2017-12-11 21:39:23', '2017-12-11 21:39:23', '2017-12-11 21:39:23', '58c31640-d52f-4744-864c-737275be44bd'),
 ('8', NULL, 'm141008_000001_elements_index_tune', '2017-12-11 21:39:23', '2017-12-11 21:39:23', '2017-12-11 21:39:23', '229b662b-9e25-4a1d-a788-a76bc8843352'),
 ('9', NULL, 'm141009_000001_assets_source_handle', '2017-12-11 21:39:23', '2017-12-11 21:39:23', '2017-12-11 21:39:23', '81b9e911-f973-4427-900e-fd871116bddd'),
 ('10', NULL, 'm141024_000001_field_layout_tabs', '2017-12-11 21:39:23', '2017-12-11 21:39:23', '2017-12-11 21:39:23', '51b4db2e-f38a-4062-a0c4-653213ac9ca3'),
 ('11', NULL, 'm141030_000000_plugin_schema_versions', '2017-12-11 21:39:23', '2017-12-11 21:39:23', '2017-12-11 21:39:23', '280ee051-2374-4fd2-a104-26409b55f27e'),
 ('12', NULL, 'm141030_000001_drop_structure_move_permission', '2017-12-11 21:39:23', '2017-12-11 21:39:23', '2017-12-11 21:39:23', 'd1956dc2-878f-4590-bb14-3d5775656563'),
 ('13', NULL, 'm141103_000001_tag_titles', '2017-12-11 21:39:23', '2017-12-11 21:39:23', '2017-12-11 21:39:23', 'c4c60f37-7957-41b2-b34f-f581ef6c3b07'),
 ('14', NULL, 'm141109_000001_user_status_shuffle', '2017-12-11 21:39:23', '2017-12-11 21:39:23', '2017-12-11 21:39:23', '2177ac91-f739-4170-818e-1b4907973357'),
 ('15', NULL, 'm141126_000001_user_week_start_day', '2017-12-11 21:39:23', '2017-12-11 21:39:23', '2017-12-11 21:39:23', '9da72401-f263-4d64-8606-f04eba5cbbc3'),
 ('16', NULL, 'm150210_000001_adjust_user_photo_size', '2017-12-11 21:39:23', '2017-12-11 21:39:23', '2017-12-11 21:39:23', 'c78d3e56-5608-4404-9df2-e85df8054c89'),
 ('17', NULL, 'm150724_000001_adjust_quality_settings', '2017-12-11 21:39:23', '2017-12-11 21:39:23', '2017-12-11 21:39:23', '55dd6f57-260b-44a2-b42c-862cbbffd748'),
 ('18', NULL, 'm150827_000000_element_index_settings', '2017-12-11 21:39:23', '2017-12-11 21:39:23', '2017-12-11 21:39:23', 'cd285d8f-f0ed-4bab-a9a7-8221ba2241a5'),
 ('19', NULL, 'm150918_000001_add_colspan_to_widgets', '2017-12-11 21:39:23', '2017-12-11 21:39:23', '2017-12-11 21:39:23', '51e28566-c63d-42fc-b828-717a549622a4'),
 ('20', NULL, 'm151007_000000_clear_asset_caches', '2017-12-11 21:39:23', '2017-12-11 21:39:23', '2017-12-11 21:39:23', '95771612-fc59-426f-822c-58f20c7effa7'),
 ('21', NULL, 'm151109_000000_text_url_formats', '2017-12-11 21:39:23', '2017-12-11 21:39:23', '2017-12-11 21:39:23', '97a34c05-9cac-4db0-9f20-8d5a631735bf'),
 ('22', NULL, 'm151110_000000_move_logo', '2017-12-11 21:39:23', '2017-12-11 21:39:23', '2017-12-11 21:39:23', 'ed6e7276-55a8-4d0e-95a1-5148e998c44d'),
 ('23', NULL, 'm151117_000000_adjust_image_widthheight', '2017-12-11 21:39:23', '2017-12-11 21:39:23', '2017-12-11 21:39:23', '6bf897f7-f52f-49d8-968d-56297d61a8b4'),
 ('24', NULL, 'm151127_000000_clear_license_key_status', '2017-12-11 21:39:23', '2017-12-11 21:39:23', '2017-12-11 21:39:23', '7580c2fa-1ba5-45e7-be1b-15d73e24e418'),
 ('25', NULL, 'm151127_000000_plugin_license_keys', '2017-12-11 21:39:23', '2017-12-11 21:39:23', '2017-12-11 21:39:23', '60bfff89-a663-4e33-8d21-9a0dd3c86c5b'),
 ('26', NULL, 'm151130_000000_update_pt_widget_feeds', '2017-12-11 21:39:23', '2017-12-11 21:39:23', '2017-12-11 21:39:23', '89cba9e2-4421-456c-9deb-be741a8bd07f'),
 ('27', NULL, 'm160114_000000_asset_sources_public_url_default_true', '2017-12-11 21:39:23', '2017-12-11 21:39:23', '2017-12-11 21:39:23', '51f08e45-bb48-4930-94ab-a36de3e39c52'),
 ('28', NULL, 'm160223_000000_sortorder_to_smallint', '2017-12-11 21:39:23', '2017-12-11 21:39:23', '2017-12-11 21:39:23', '7454a9d2-cb3f-4473-9294-a154b06a7b8c'),
 ('29', NULL, 'm160229_000000_set_default_entry_statuses', '2017-12-11 21:39:23', '2017-12-11 21:39:23', '2017-12-11 21:39:23', '2414c71e-1cde-4a3d-a0e4-f1118ec6a997'),
 ('30', NULL, 'm160304_000000_client_permissions', '2017-12-11 21:39:23', '2017-12-11 21:39:23', '2017-12-11 21:39:23', '7ba77f01-1d51-48ed-895c-f1ee7c1d4195'),
 ('31', NULL, 'm160322_000000_asset_filesize', '2017-12-11 21:39:23', '2017-12-11 21:39:24', '2017-12-11 21:39:24', '795db060-47dd-49a5-8bba-9f86191a9e4f'),
 ('32', NULL, 'm160503_000000_orphaned_fieldlayouts', '2017-12-11 21:39:23', '2017-12-11 21:39:24', '2017-12-11 21:39:24', '5f9f056f-fccc-42b8-b075-93795782ea0d'),
 ('33', NULL, 'm160510_000000_tasksettings', '2017-12-11 21:39:23', '2017-12-11 21:39:24', '2017-12-11 21:39:24', '5edad3d2-5e2e-4247-9241-9be58fa125c7'),
 ('34', NULL, 'm160829_000000_pending_user_content_cleanup', '2017-12-11 21:39:23', '2017-12-11 21:39:24', '2017-12-11 21:39:24', '7f839d28-6d7f-45f8-b3e5-0caa63607dcb'),
 ('35', NULL, 'm160830_000000_asset_index_uri_increase', '2017-12-11 21:39:23', '2017-12-11 21:39:24', '2017-12-11 21:39:24', '54b3b66f-9b4c-4d88-9d6f-26f08476bb47'),
 ('36', NULL, 'm160919_000000_usergroup_handle_title_unique', '2017-12-11 21:39:23', '2017-12-11 21:39:24', '2017-12-11 21:39:24', '41b5aaa7-9983-4e68-b250-cda990979e4a'),
 ('37', NULL, 'm161108_000000_new_version_format', '2017-12-11 21:39:23', '2017-12-11 21:39:24', '2017-12-11 21:39:24', 'eefe7bd0-9007-46c9-b090-b9f7d9c132d2'),
 ('38', NULL, 'm161109_000000_index_shuffle', '2017-12-11 21:39:23', '2017-12-11 21:39:24', '2017-12-11 21:39:24', 'f9fe8b31-080e-4886-b91c-471653fc817b'),
 ('39', NULL, 'm170612_000000_route_index_shuffle', '2017-12-11 21:39:23', '2017-12-11 21:39:24', '2017-12-11 21:39:24', '68269bc0-beba-4abf-909a-75f8f4cde344'),
 ('40', NULL, 'm171107_000000_assign_group_permissions', '2017-12-11 21:39:23', '2017-12-11 21:39:24', '2017-12-11 21:39:24', '59848164-2c03-4917-9382-10641c82bef6'),
 ('41', NULL, 'm171117_000001_templatecache_index_tune', '2017-12-11 21:39:23', '2017-12-11 21:39:24', '2017-12-11 21:39:24', '8e7be27c-cf08-4c25-9b59-e25829f30463'),
 ('42', NULL, 'm171204_000001_templatecache_index_tune_deux', '2017-12-11 21:39:23', '2017-12-11 21:39:24', '2017-12-11 21:39:24', '41de587c-2d76-422c-bce1-a1180384ef85'),
 ('43', '3', 'm160428_202308_Neo_UpdateBlockLevels', '2017-12-13 05:12:17', '2017-12-13 05:12:17', '2017-12-13 05:12:17', '260f3071-0712-4cca-913c-dd8c85613880'),
 ('44', '3', 'm160515_005002_Neo_UpdateBlockStructure', '2017-12-13 05:12:17', '2017-12-13 05:12:17', '2017-12-13 05:12:17', '9c8abbb0-2824-444c-8ea4-697d16e438c6'),
 ('45', '3', 'm160605_191540_Neo_UpdateBlockStructureLocales', '2017-12-13 05:12:17', '2017-12-13 05:12:17', '2017-12-13 05:12:17', 'ed4c4fc0-1e12-461e-a2e7-e186c096de87'),
 ('46', '3', 'm161029_230849_Neo_AddMaxChildBlocksSetting', '2017-12-13 05:12:17', '2017-12-13 05:12:17', '2017-12-13 05:12:17', 'eddc8ff2-4d86-474f-9001-24cb3cc1b054'),
 ('47', '4', 'm160922_150924_navee_AddRegexField', '2017-12-13 05:44:46', '2017-12-13 05:44:46', '2017-12-13 05:44:46', '7cc67bc7-2ea2-4e63-a561-c0caaf7aeea3'),
 ('48', '5', 'm151225_000000_seomatic_addHumansField', '2017-12-13 05:44:47', '2017-12-13 05:44:47', '2017-12-13 05:44:47', 'e0d0eb57-a319-44c4-8f1d-c013e52bfc79'),
 ('49', '5', 'm151226_000000_seomatic_addTwitterFacebookFields', '2017-12-13 05:44:47', '2017-12-13 05:44:47', '2017-12-13 05:44:47', 'b9eafeeb-9f27-4d8a-9395-94436286a827'),
 ('50', '5', 'm160101_000000_seomatic_addRobotsFields', '2017-12-13 05:44:47', '2017-12-13 05:44:47', '2017-12-13 05:44:47', '30017cde-cef4-492c-8934-ab9c8af02839'),
 ('51', '5', 'm160111_000000_seomatic_addTitleFields', '2017-12-13 05:44:47', '2017-12-13 05:44:47', '2017-12-13 05:44:47', '3d245e4c-54ee-4486-87b2-9598b8816906'),
 ('52', '5', 'm160122_000000_seomatic_addTypeFields', '2017-12-13 05:44:47', '2017-12-13 05:44:47', '2017-12-13 05:44:47', '76a53034-b135-494d-bdf5-bfb3cfe2c49d'),
 ('53', '5', 'm160123_000000_seomatic_addOpeningHours', '2017-12-13 05:44:47', '2017-12-13 05:44:47', '2017-12-13 05:44:47', 'e30a672c-0f34-479a-801b-397be818d961'),
 ('54', '5', 'm160202_000000_seomatic_addSocialHandles', '2017-12-13 05:44:47', '2017-12-13 05:44:47', '2017-12-13 05:44:47', 'bf016417-dd11-4545-b4b1-da7307332b6c'),
 ('55', '5', 'm160204_000000_seomatic_addGoogleAnalytics', '2017-12-13 05:44:47', '2017-12-13 05:44:47', '2017-12-13 05:44:47', '43b14d17-3b39-4d2f-b33a-8920a2ce7860'),
 ('56', '5', 'm160205_000000_seomatic_addResturantMenu', '2017-12-13 05:44:47', '2017-12-13 05:44:47', '2017-12-13 05:44:47', '809a4e0b-bd1d-45f9-a7da-7a093698484d'),
 ('57', '5', 'm160206_000000_seomatic_addGoogleAnalyticsPlugins', '2017-12-13 05:44:47', '2017-12-13 05:44:47', '2017-12-13 05:44:47', 'de80d970-7b93-46d4-841e-c8b36645568e'),
 ('58', '5', 'm160206_000000_seomatic_addGoogleAnalyticsSendPageView', '2017-12-13 05:44:47', '2017-12-13 05:44:47', '2017-12-13 05:44:47', '62f42f3b-16fc-43b4-a241-0635b04218bb'),
 ('59', '5', 'm160209_000000_seomatic_alterDescriptionsColumns', '2017-12-13 05:44:47', '2017-12-13 05:44:47', '2017-12-13 05:44:47', '22882640-a4cb-45c6-86e6-1fa2d9595ffc'),
 ('60', '5', 'm160209_000001_seomatic_addRobotsTxt', '2017-12-13 05:44:47', '2017-12-13 05:44:47', '2017-12-13 05:44:47', 'ac307914-5f27-4cf8-87d3-3d1b571b24d3'),
 ('61', '5', 'm160227_000000_seomatic_addFacebookAppId', '2017-12-13 05:44:47', '2017-12-13 05:44:47', '2017-12-13 05:44:47', 'c1fc91e0-c731-4364-9ca5-67f1a851dc0a'),
 ('62', '5', 'm160416_000000_seomatic_addContactPoints', '2017-12-13 05:44:47', '2017-12-13 05:44:47', '2017-12-13 05:44:47', '3704cef9-a499-4aea-b250-9b077daaf6cb'),
 ('63', '5', 'm160509_000000_seomatic_addSiteLinksBing', '2017-12-13 05:44:47', '2017-12-13 05:44:47', '2017-12-13 05:44:47', '25aa71f2-8114-4225-be89-d7f78027dbe3'),
 ('64', '5', 'm160707_000000_seomatic_addGoogleTagManager', '2017-12-13 05:44:47', '2017-12-13 05:44:47', '2017-12-13 05:44:47', '61e5dc52-85f3-4994-bbb2-49ea2c86b347'),
 ('65', '5', 'm160715_000000_seomatic_addSeoImageTransforms', '2017-12-13 05:44:47', '2017-12-13 05:44:47', '2017-12-13 05:44:47', '7cbd2290-84a8-4448-bd74-60720be28658'),
 ('66', '5', 'm160723_000000_seomatic_addSeoMainEntityOfPage', '2017-12-13 05:44:47', '2017-12-13 05:44:47', '2017-12-13 05:44:47', 'fb48ef8d-65d6-497f-8c1e-b81ce1b70c61'),
 ('67', '5', 'm160724_000000_seomatic_addSeoMainEntityCategory', '2017-12-13 05:44:47', '2017-12-13 05:44:47', '2017-12-13 05:44:47', 'cb92d495-3f04-4bd7-9019-0d0b7afcc48d'),
 ('68', '5', 'm160811_000000_seomatic_addVimeo', '2017-12-13 05:44:47', '2017-12-13 05:44:47', '2017-12-13 05:44:47', '30f67142-04df-43c5-aa99-0d01e3e78a38'),
 ('69', '5', 'm160904_000000_seomatic_addTwitterFacebookImages', '2017-12-13 05:44:47', '2017-12-13 05:44:47', '2017-12-13 05:44:47', '27c6b560-51df-4083-927f-91a63444a1be'),
 ('70', '5', 'm161220_000000_seomatic_addPriceRange', '2017-12-13 05:44:47', '2017-12-13 05:44:47', '2017-12-13 05:44:47', '94653913-d640-4bba-8939-3c69744c259c'),
 ('71', '5', 'm170212_000000_seomatic_addGoogleAnalyticsAnonymizeIp', '2017-12-13 05:44:47', '2017-12-13 05:44:47', '2017-12-13 05:44:47', '39ee91fd-e46b-4f3f-9268-3dcba5c5d61a'),
 ('72', '5', 'm170212_000000_seomatic_addWikipedia', '2017-12-13 05:44:47', '2017-12-13 05:44:47', '2017-12-13 05:44:47', 'bd030207-9122-4522-9563-fbc776dd732b'),
 ('73', '9', 'm160208_010101_FruitLinkIt_UpdateExistingLinkItFields', '2017-12-13 05:52:49', '2017-12-13 05:52:49', '2017-12-13 05:52:49', '943105d6-183b-4a57-bb5b-10a809ac3c83'),
 ('74', '10', 'm150916_010101_Commerce_Rename', '2018-01-10 04:57:52', '2018-01-10 04:57:52', '2018-01-10 04:57:52', 'cf9691eb-a597-4dac-bde8-95f4b7b79011'),
 ('75', '10', 'm150917_010101_Commerce_DropEmailTypeColumn', '2018-01-10 04:57:52', '2018-01-10 04:57:52', '2018-01-10 04:57:52', '3f03805d-05d8-4d13-b981-fc2365593a41'),
 ('76', '10', 'm150917_010102_Commerce_RenameCodeToHandletaxCatColumn', '2018-01-10 04:57:52', '2018-01-10 04:57:52', '2018-01-10 04:57:52', 'aeb74698-2a29-419d-95b3-67f4a3c5577c'),
 ('77', '10', 'm150918_010101_Commerce_AddProductTypeLocales', '2018-01-10 04:57:52', '2018-01-10 04:57:52', '2018-01-10 04:57:52', '4ec75505-fbbe-428a-9faf-009b7c552107'),
 ('78', '10', 'm150918_010102_Commerce_RemoveNonLocaleBasedUrlFormat', '2018-01-10 04:57:52', '2018-01-10 04:57:52', '2018-01-10 04:57:52', 'b8521bf1-0fd0-4614-9cee-18b4fa785c90'),
 ('79', '10', 'm150919_010101_Commerce_AddHasDimensionsToProductType', '2018-01-10 04:57:52', '2018-01-10 04:57:52', '2018-01-10 04:57:52', '91e2eee6-553b-4390-bb65-707dda0fb9f9'),
 ('80', '10', 'm151004_142113_commerce_PaymentMethods_name_unique', '2018-01-10 04:57:52', '2018-01-10 04:57:52', '2018-01-10 04:57:52', '40d7502f-ab0b-4898-8417-2f4dbd2967a4'),
 ('81', '10', 'm151018_010101_Commerce_DiscountCodeNull', '2018-01-10 04:57:52', '2018-01-10 04:57:52', '2018-01-10 04:57:52', 'ff89a9c2-0a8a-4c0f-9e1e-62ca9f721c9e'),
 ('82', '10', 'm151025_010101_Commerce_AddHandleToShippingMethod', '2018-01-10 04:57:52', '2018-01-10 04:57:52', '2018-01-10 04:57:52', '5172617d-d521-42fd-bb4d-1fb6cf39c84e'),
 ('83', '10', 'm151027_010101_Commerce_NewVariantUI', '2018-01-10 04:57:52', '2018-01-10 04:57:52', '2018-01-10 04:57:52', 'e3cd1bcb-f8e5-4fd6-880d-c65ca13fe5d8'),
 ('84', '10', 'm151027_010102_Commerce_ProductDateNames', '2018-01-10 04:57:52', '2018-01-10 04:57:52', '2018-01-10 04:57:52', 'b71a7921-06ac-4171-ad75-82e96e6aef6e'),
 ('85', '10', 'm151102_010101_Commerce_PaymentTypeInMethodNotSettings', '2018-01-10 04:57:52', '2018-01-10 04:57:52', '2018-01-10 04:57:52', '5b42c20f-2b5c-49bf-9bfe-648d95e396df'),
 ('86', '10', 'm151103_010101_Commerce_DefaultVariant', '2018-01-10 04:57:52', '2018-01-10 04:57:52', '2018-01-10 04:57:52', '84571858-0eb4-4673-9553-90f65b5fb947'),
 ('87', '10', 'm151109_010101_Commerce_AddCompanyNumberToAddress', '2018-01-10 04:57:52', '2018-01-10 04:57:52', '2018-01-10 04:57:52', '78d5111a-76d1-43d0-8858-897cbef13732'),
 ('88', '10', 'm151109_010102_Commerce_AddOptionsToLineItems', '2018-01-10 04:57:52', '2018-01-10 04:57:52', '2018-01-10 04:57:52', '1d99d497-0654-4389-b22d-2cc75df9d238'),
 ('89', '10', 'm151110_010101_Commerce_RenameCompanyToAddress', '2018-01-10 04:57:52', '2018-01-10 04:57:52', '2018-01-10 04:57:52', '54629667-18dd-4135-8351-33bfa9532ca0'),
 ('90', '10', 'm151111_010101_Commerce_ShowVariantTitleField', '2018-01-10 04:57:52', '2018-01-10 04:57:52', '2018-01-10 04:57:52', '2aa29183-21f7-4994-b7b1-f399032e2ce1'),
 ('91', '10', 'm151112_010101_Commerce_AutoSkuFormat', '2018-01-10 04:57:52', '2018-01-10 04:57:52', '2018-01-10 04:57:52', 'fac52e76-ff84-4493-8fbf-b42dcd194754'),
 ('92', '10', 'm151117_010101_Commerce_TaxIncluded', '2018-01-10 04:57:52', '2018-01-10 04:57:52', '2018-01-10 04:57:52', 'e0ba05ec-a3e2-45c4-9d12-3eacd0e0dfbd'),
 ('93', '10', 'm151124_010101_Commerce_AddressManagement', '2018-01-10 04:57:52', '2018-01-10 04:57:52', '2018-01-10 04:57:52', '9c233764-11fa-49a5-ac35-119278768dca'),
 ('94', '10', 'm151127_010101_Commerce_TaxRateTaxableOptions', '2018-01-10 04:57:52', '2018-01-10 04:57:52', '2018-01-10 04:57:52', 'be89369f-cc02-4163-b2ff-b57fc1dd73ee'),
 ('95', '10', 'm151210_010101_Commerce_FixMissingLineItemDimensionData', '2018-01-10 04:57:52', '2018-01-10 04:57:52', '2018-01-10 04:57:52', '6682a82d-0ba8-408e-9129-32b0377cb6a3'),
 ('96', '10', 'm160215_010101_Commerce_ConsistentDecimalType', '2018-01-10 04:57:52', '2018-01-10 04:57:52', '2018-01-10 04:57:52', '078618c1-7d52-41a1-8eb6-c66bae3498b9'),
 ('97', '10', 'm160226_010101_Commerce_OrderStatusSortOrder', '2018-01-10 04:57:52', '2018-01-10 04:57:52', '2018-01-10 04:57:52', '37e41a56-06c3-4a46-88ff-cce62106b875'),
 ('98', '10', 'm160226_010102_Commerce_isCompleted', '2018-01-10 04:57:52', '2018-01-10 04:57:52', '2018-01-10 04:57:52', 'ac0206d5-148d-4213-bf3b-cf388456f210'),
 ('99', '10', 'm160227_010101_Commerce_OrderAdjustmentIncludedFlag', '2018-01-10 04:57:52', '2018-01-10 04:57:52', '2018-01-10 04:57:52', 'd32aec20-3021-4998-bd22-3fe36ddcca15'),
 ('100', '10', 'm160229_010101_Commerce_ShippingZone', '2018-01-10 04:57:52', '2018-01-10 04:57:52', '2018-01-10 04:57:52', 'd9960acc-b1d5-4fc6-beeb-99f1fa437b01');
INSERT INTO `cft_migrations` (`id`, `pluginId`, `version`, `applyTime`, `dateCreated`, `dateUpdated`, `uid`) VALUES
 ('101', '10', 'm160229_010104_Commerce_SoftDeleteAndReorderPaymentMethod', '2018-01-10 04:57:52', '2018-01-10 04:57:52', '2018-01-10 04:57:52', '41e1f143-8a98-4f05-9722-8d8bea1f9e2a'),
 ('102', '10', 'm160401_010101_Commerce_KeepAllTransactions', '2018-01-10 04:57:52', '2018-01-10 04:57:52', '2018-01-10 04:57:52', '3d6615b6-dc08-4b98-8433-a8a178e87fbd'),
 ('103', '10', 'm160405_010101_Commerce_FixDefaultVariantId', '2018-01-10 04:57:52', '2018-01-10 04:57:52', '2018-01-10 04:57:52', 'c170901a-9e1c-48de-971d-d22f7fe348e4'),
 ('104', '10', 'm160406_010101_Commerce_RemoveUnusedAuthorId', '2018-01-10 04:57:52', '2018-01-10 04:57:52', '2018-01-10 04:57:52', '2e7bb0c3-022a-4d8d-b867-9c6ccc08419c'),
 ('105', '10', 'm160425_010101_Commerce_DeleteCountriesAndStates', '2018-01-10 04:57:52', '2018-01-10 04:57:52', '2018-01-10 04:57:52', 'd8374e6e-2812-4280-9525-c6d383ff5e51'),
 ('106', '10', 'm160510_010101_Commerce_EmailRecipientType', '2018-01-10 04:57:52', '2018-01-10 04:57:52', '2018-01-10 04:57:52', '225d21d4-4509-4069-b93b-8db0700b14d0'),
 ('107', '10', 'm160606_010101_Commerce_PerEmailLimitOnDiscount', '2018-01-10 04:57:52', '2018-01-10 04:57:52', '2018-01-10 04:57:52', 'bbde5c4a-f0bc-4b1e-b034-e3cdca22acc7'),
 ('108', '10', 'm160706_010101_Commerce_Currencies', '2018-01-10 04:57:52', '2018-01-10 04:57:52', '2018-01-10 04:57:52', '51f6efaa-ca2a-4c8b-b425-cb232e889d65'),
 ('109', '10', 'm160806_010101_Commerce_RemoveShowInLabel', '2018-01-10 04:57:52', '2018-01-10 04:57:52', '2018-01-10 04:57:52', '530f8158-05ee-4a2d-9dc8-09ca502d7369'),
 ('110', '10', 'm160806_010102_Commerce_AddVatTaxRateOption', '2018-01-10 04:57:52', '2018-01-10 04:57:52', '2018-01-10 04:57:52', 'f02d7c94-4c36-4f0c-bfe6-dbae901ad595'),
 ('111', '10', 'm160825_010101_Commerce_AddMaxQtyToDiscount', '2018-01-10 04:57:52', '2018-01-10 04:57:52', '2018-01-10 04:57:52', 'fce7581b-0d8d-461e-b274-170a1535c9c0'),
 ('112', '10', 'm160826_010101_Commerce_NewAddressFields', '2018-01-10 04:57:52', '2018-01-10 04:57:52', '2018-01-10 04:57:52', 'd204b2e3-c32d-4046-99c1-b0294c3e5369'),
 ('113', '10', 'm160915_010101_Commerce_RenameCurrencies', '2018-01-10 04:57:52', '2018-01-10 04:57:52', '2018-01-10 04:57:52', 'e290741f-22b4-440d-8456-c14d615c86f3'),
 ('114', '10', 'm160916_010102_Commerce_PdfFilenameFormat', '2018-01-10 04:57:52', '2018-01-10 04:57:52', '2018-01-10 04:57:52', '6d303634-0832-4276-a83a-d3906a58c185'),
 ('115', '10', 'm160917_010103_Commerce_DescriptionFormat', '2018-01-10 04:57:52', '2018-01-10 04:57:52', '2018-01-10 04:57:52', 'a4e5403f-26e2-4a34-835d-911745f44eaf'),
 ('116', '10', 'm160917_010104_Commerce_ShippingCategories', '2018-01-10 04:57:52', '2018-01-10 04:57:52', '2018-01-10 04:57:52', '7de5bf1a-ca59-45b2-9c19-5b16e5eb7f09'),
 ('117', '10', 'm160923_010101_Commerce_OrderLocale', '2018-01-10 04:57:52', '2018-01-10 04:57:52', '2018-01-10 04:57:52', 'fe08970d-364e-4bd6-ac9b-d1184d4e2633'),
 ('118', '10', 'm160927_010101_Commerce_ProductTypeShippingTaxCategories', '2018-01-10 04:57:52', '2018-01-10 04:57:52', '2018-01-10 04:57:52', '7cb08ab7-1c8e-46ba-8024-ec4bee8a7837'),
 ('119', '10', 'm160927_010101_Commerce_ShippingRuleCategories', '2018-01-10 04:57:52', '2018-01-10 04:57:52', '2018-01-10 04:57:52', '7450740e-f5ce-4229-8940-affb7a977f4b'),
 ('120', '10', 'm160930_010101_Commerce_RenameDefaultCurrencyToPrimary', '2018-01-10 04:57:52', '2018-01-10 04:57:52', '2018-01-10 04:57:52', '1cf00f77-087b-498a-aac6-3fe50098093b'),
 ('121', '10', 'm161001_010101_Commerce_LineItemShippingCat', '2018-01-10 04:57:52', '2018-01-10 04:57:52', '2018-01-10 04:57:52', 'b072ba96-3943-432e-a04a-f59661b70679'),
 ('122', '10', 'm161001_010102_Commerce_DiscountOrdering', '2018-01-10 04:57:52', '2018-01-10 04:57:52', '2018-01-10 04:57:52', 'b361f658-2b2f-4e20-8e89-ebb26a576a2d'),
 ('123', '10', 'm161001_010103_Commerce_DiscountStopProcessing', '2018-01-10 04:57:52', '2018-01-10 04:57:52', '2018-01-10 04:57:52', '9c9103a7-fe66-4eb7-a0fe-e130cf83912d'),
 ('124', '10', 'm161001_010104_Commerce_SaveTransactionCode', '2018-01-10 04:57:52', '2018-01-10 04:57:52', '2018-01-10 04:57:52', '320a20f5-3be3-47ce-9433-c2d177a2300e'),
 ('125', '10', 'm161001_010105_Commerce_RemovePaymentCurrencyName', '2018-01-10 04:57:52', '2018-01-10 04:57:52', '2018-01-10 04:57:52', 'ded83160-c5c4-499c-b082-bd1c061a7570'),
 ('126', '10', 'm161024_010101_Commerce_FixDefaultShippingAndTaxCategoriesOnProducts', '2018-01-10 04:57:52', '2018-01-10 04:57:52', '2018-01-10 04:57:52', '3973e927-ee0b-4df2-8316-38da04e0a5ce'),
 ('127', '10', 'm161101_010101_Commerce_AddBaseTaxToOrder', '2018-01-10 04:57:52', '2018-01-10 04:57:52', '2018-01-10 04:57:52', '16046fa1-3b60-49f6-808c-be7a2c22d3eb'),
 ('128', '10', 'm170227_010101_Commerce_RemoveNameUniquenessFromShippingRules', '2018-01-10 04:57:52', '2018-01-10 04:57:52', '2018-01-10 04:57:52', 'db210dd9-3e4f-4a03-be85-d038bc6ecb73'),
 ('129', '10', 'm170411_010101_Commerce_AdditionalTaxRateTaxables', '2018-01-10 04:57:52', '2018-01-10 04:57:52', '2018-01-10 04:57:52', '9018b6dd-e958-4a4e-986b-761b157c524d'),
 ('130', '10', 'm170411_010102_Commerce_OrderBaseTaxIncluded', '2018-01-10 04:57:52', '2018-01-10 04:57:52', '2018-01-10 04:57:52', 'd8e2e2a5-45ed-45e1-b4a4-49d26bd7e22c'),
 ('131', '10', 'm170426_010101_Commerce_IncreaseTaxRateDecimal', '2018-01-10 04:57:52', '2018-01-10 04:57:52', '2018-01-10 04:57:52', '3c6b5606-21be-41c2-837b-b1ad57710406'),
 ('132', '10', 'm170609_010101_Commerce_AddRecieptEmailSettingToStripeGateway', '2018-01-10 04:57:52', '2018-01-10 04:57:52', '2018-01-10 04:57:52', '8a2383cf-b993-4029-9f5c-e38993525485'),
 ('133', '10', 'm170727_010101_Commerce_AddPercentageOffOption', '2018-01-10 04:57:52', '2018-01-10 04:57:52', '2018-01-10 04:57:52', '8706a651-3ca0-4f2a-b32c-f256730d12df'),
 ('134', '10', 'm170801_010101_Commerce_DropCustomerEmail', '2018-01-10 04:57:52', '2018-01-10 04:57:52', '2018-01-10 04:57:52', '3333a777-f4c2-4327-b80d-bddd8507b913');



DROP TABLE IF EXISTS `cft_navee_navigations`;


--
-- Schema for table `cft_navee_navigations`
--
CREATE TABLE `cft_navee_navigations` (
  `id` int(11) NOT NULL AUTO_INCREMENT,
  `creatorId` int(11) DEFAULT NULL,
  `name` varchar(255) COLLATE utf8_unicode_ci NOT NULL,
  `handle` varchar(255) COLLATE utf8_unicode_ci NOT NULL,
  `maxLevels` int(11) DEFAULT NULL,
  `fieldLayoutId` int(11) DEFAULT NULL,
  `structureId` int(11) DEFAULT NULL,
  `dateCreated` datetime NOT NULL,
  `dateUpdated` datetime NOT NULL,
  `uid` char(36) COLLATE utf8_unicode_ci NOT NULL DEFAULT '0',
  PRIMARY KEY (`id`),
  UNIQUE KEY `cft_navee_navigations_name_unq_idx` (`name`),
  UNIQUE KEY `cft_navee_navigations_handle_unq_idx` (`handle`),
  KEY `cft_navee_navigations_fieldLayoutId_fk` (`fieldLayoutId`),
  KEY `cft_navee_navigations_creatorId_fk` (`creatorId`)
) ENGINE=InnoDB DEFAULT CHARSET=utf8 COLLATE=utf8_unicode_ci;

DROP TABLE IF EXISTS `cft_navee_nodes`;


--
-- Schema for table `cft_navee_nodes`
--
CREATE TABLE `cft_navee_nodes` (
  `id` int(11) NOT NULL,
  `navigationId` int(11) NOT NULL,
  `linkType` enum('entryId','assetId','categoryId','customUri','none') COLLATE utf8_unicode_ci DEFAULT NULL,
  `entryId` int(11) DEFAULT NULL,
  `assetId` int(11) DEFAULT NULL,
  `categoryId` int(11) DEFAULT NULL,
  `customUri` varchar(255) COLLATE utf8_unicode_ci DEFAULT NULL,
  `class` varchar(255) COLLATE utf8_unicode_ci DEFAULT NULL,
  `idAttr` varchar(255) COLLATE utf8_unicode_ci DEFAULT NULL,
  `rel` varchar(255) COLLATE utf8_unicode_ci DEFAULT NULL,
  `name` varchar(255) COLLATE utf8_unicode_ci DEFAULT NULL,
  `titleAttr` varchar(255) COLLATE utf8_unicode_ci DEFAULT NULL,
  `accessKey` varchar(255) COLLATE utf8_unicode_ci DEFAULT NULL,
  `target` varchar(255) COLLATE utf8_unicode_ci DEFAULT NULL,
  `includeInNavigation` tinyint(1) unsigned NOT NULL DEFAULT '0',
  `passive` tinyint(1) unsigned NOT NULL DEFAULT '0',
  `userGroups` text COLLATE utf8_unicode_ci,
  `regex` varchar(255) COLLATE utf8_unicode_ci DEFAULT NULL,
  `dateCreated` datetime NOT NULL,
  `dateUpdated` datetime NOT NULL,
  `uid` char(36) COLLATE utf8_unicode_ci NOT NULL DEFAULT '0',
  PRIMARY KEY (`id`),
  KEY `cft_navee_nodes_navigationId_fk` (`navigationId`)
) ENGINE=InnoDB DEFAULT CHARSET=utf8 COLLATE=utf8_unicode_ci;

DROP TABLE IF EXISTS `cft_neoblocks`;


--
-- Schema for table `cft_neoblocks`
--
CREATE TABLE `cft_neoblocks` (
  `id` int(11) NOT NULL,
  `ownerId` int(11) NOT NULL,
  `fieldId` int(11) NOT NULL,
  `typeId` int(11) DEFAULT NULL,
  `collapsed` tinyint(1) unsigned NOT NULL DEFAULT '0',
  `ownerLocale` char(12) COLLATE utf8_unicode_ci DEFAULT NULL,
  `dateCreated` datetime NOT NULL,
  `dateUpdated` datetime NOT NULL,
  `uid` char(36) COLLATE utf8_unicode_ci NOT NULL DEFAULT '0',
  PRIMARY KEY (`id`),
  KEY `cft_neoblocks_ownerId_idx` (`ownerId`),
  KEY `cft_neoblocks_fieldId_idx` (`fieldId`),
  KEY `cft_neoblocks_typeId_idx` (`typeId`),
  KEY `cft_neoblocks_collapsed_idx` (`collapsed`),
  KEY `cft_neoblocks_ownerLocale_fk` (`ownerLocale`)
) ENGINE=InnoDB DEFAULT CHARSET=utf8 COLLATE=utf8_unicode_ci;

DROP TABLE IF EXISTS `cft_neoblockstructures`;


--
-- Schema for table `cft_neoblockstructures`
--
CREATE TABLE `cft_neoblockstructures` (
  `id` int(11) NOT NULL AUTO_INCREMENT,
  `structureId` int(11) NOT NULL,
  `ownerId` int(11) NOT NULL,
  `fieldId` int(11) NOT NULL,
  `ownerLocale` char(12) COLLATE utf8_unicode_ci DEFAULT NULL,
  `dateCreated` datetime NOT NULL,
  `dateUpdated` datetime NOT NULL,
  `uid` char(36) COLLATE utf8_unicode_ci NOT NULL DEFAULT '0',
  PRIMARY KEY (`id`),
  KEY `cft_neoblockstructures_structureId_idx` (`structureId`),
  KEY `cft_neoblockstructures_ownerId_idx` (`ownerId`),
  KEY `cft_neoblockstructures_fieldId_idx` (`fieldId`),
  KEY `cft_neoblockstructures_ownerLocale_fk` (`ownerLocale`)
) ENGINE=InnoDB DEFAULT CHARSET=utf8 COLLATE=utf8_unicode_ci;

DROP TABLE IF EXISTS `cft_neoblocktypes`;


--
-- Schema for table `cft_neoblocktypes`
--
CREATE TABLE `cft_neoblocktypes` (
  `id` int(11) NOT NULL AUTO_INCREMENT,
  `fieldId` int(11) NOT NULL,
  `fieldLayoutId` int(11) DEFAULT NULL,
  `name` varchar(255) COLLATE utf8_unicode_ci NOT NULL,
  `handle` varchar(255) COLLATE utf8_unicode_ci NOT NULL,
  `maxBlocks` int(11) DEFAULT '0',
  `maxChildBlocks` int(11) DEFAULT '0',
  `childBlocks` text COLLATE utf8_unicode_ci,
  `topLevel` tinyint(1) unsigned NOT NULL DEFAULT '1',
  `sortOrder` smallint(6) unsigned DEFAULT NULL,
  `dateCreated` datetime NOT NULL,
  `dateUpdated` datetime NOT NULL,
  `uid` char(36) COLLATE utf8_unicode_ci NOT NULL DEFAULT '0',
  PRIMARY KEY (`id`),
  UNIQUE KEY `cft_neoblocktypes_name_fieldId_unq_idx` (`name`,`fieldId`),
  UNIQUE KEY `cft_neoblocktypes_handle_fieldId_unq_idx` (`handle`,`fieldId`),
  KEY `cft_neoblocktypes_fieldId_fk` (`fieldId`),
  KEY `cft_neoblocktypes_fieldLayoutId_fk` (`fieldLayoutId`)
) ENGINE=InnoDB DEFAULT CHARSET=utf8 COLLATE=utf8_unicode_ci;

DROP TABLE IF EXISTS `cft_neogroups`;


--
-- Schema for table `cft_neogroups`
--
CREATE TABLE `cft_neogroups` (
  `id` int(11) NOT NULL AUTO_INCREMENT,
  `fieldId` int(11) NOT NULL,
  `name` varchar(255) COLLATE utf8_unicode_ci DEFAULT NULL,
  `sortOrder` smallint(6) unsigned DEFAULT NULL,
  `dateCreated` datetime NOT NULL,
  `dateUpdated` datetime NOT NULL,
  `uid` char(36) COLLATE utf8_unicode_ci NOT NULL DEFAULT '0',
  PRIMARY KEY (`id`),
  KEY `cft_neogroups_fieldId_fk` (`fieldId`)
) ENGINE=InnoDB DEFAULT CHARSET=utf8 COLLATE=utf8_unicode_ci;

DROP TABLE IF EXISTS `cft_plugins`;


--
-- Schema for table `cft_plugins`
--
CREATE TABLE `cft_plugins` (
  `id` int(11) NOT NULL AUTO_INCREMENT,
  `class` varchar(150) COLLATE utf8_unicode_ci NOT NULL,
  `version` varchar(15) COLLATE utf8_unicode_ci NOT NULL,
  `schemaVersion` varchar(15) COLLATE utf8_unicode_ci DEFAULT NULL,
  `licenseKey` char(24) COLLATE utf8_unicode_ci DEFAULT NULL,
  `licenseKeyStatus` enum('valid','invalid','mismatched','unknown') COLLATE utf8_unicode_ci NOT NULL DEFAULT 'unknown',
  `enabled` tinyint(1) unsigned NOT NULL DEFAULT '0',
  `settings` text COLLATE utf8_unicode_ci,
  `installDate` datetime NOT NULL,
  `dateCreated` datetime NOT NULL,
  `dateUpdated` datetime NOT NULL,
  `uid` char(36) COLLATE utf8_unicode_ci NOT NULL DEFAULT '0',
  PRIMARY KEY (`id`)
) ENGINE=InnoDB AUTO_INCREMENT=14 DEFAULT CHARSET=utf8 COLLATE=utf8_unicode_ci;

--
-- Data for table `cft_plugins`
--

INSERT INTO `cft_plugins` (`id`, `class`, `version`, `schemaVersion`, `licenseKey`, `licenseKeyStatus`, `enabled`, `settings`, `installDate`, `dateCreated`, `dateUpdated`, `uid`) VALUES
 ('1', 'VideoEmbedUtility', '1.0.0', NULL, NULL, 'unknown', '1', NULL, '2017-12-11 22:42:48', '2017-12-11 22:42:48', '2018-02-14 04:01:14', '628b6bbe-2e26-45cd-ace8-84a2873aa5ef'),
 ('2', 'Sitemap', 'v1.0.0-alpha.4', NULL, NULL, 'unknown', '1', NULL, '2017-12-13 05:12:15', '2017-12-13 05:12:15', '2018-02-14 04:01:14', 'f827b425-b1aa-4ca4-94c8-6adc3c217caf'),
 ('3', 'Neo', '1.5.0', '1.5.0', NULL, 'unknown', '1', NULL, '2017-12-13 05:12:17', '2017-12-13 05:12:17', '2018-02-14 04:01:14', '58f72217-1790-4c71-8408-b0cd87ea4a0a'),
 ('4', 'Navee', '1.3.0', NULL, NULL, 'unknown', '1', NULL, '2017-12-13 05:44:46', '2017-12-13 05:44:46', '2018-02-14 04:01:14', '53d28dcb-9f94-4dee-8a78-d0fa234b00b9'),
 ('5', 'Seomatic', '1.1.56', '1.1.25', NULL, 'unknown', '1', NULL, '2017-12-13 05:44:47', '2017-12-13 05:44:47', '2018-02-14 04:01:14', '2f972a54-b980-4407-9793-645522af3ce4'),
 ('6', 'QuickField', '0.3.4', '1.0.0', NULL, 'unknown', '1', NULL, '2017-12-13 05:47:05', '2017-12-13 05:47:05', '2018-02-14 04:01:14', 'ff117618-2d25-417b-814d-fb4038dcb98e'),
 ('7', 'ContactForm', '1.9.2', '1.0.0', NULL, 'unknown', '1', NULL, '2017-12-13 05:48:20', '2017-12-13 05:48:20', '2018-02-14 04:01:14', 'e120f4f1-1700-4074-9809-29e216dae827'),
 ('8', 'FieldManager', '1.5.5', '1.0.0', NULL, 'unknown', '1', NULL, '2017-12-13 05:50:23', '2017-12-13 05:50:23', '2018-02-14 04:01:14', '9fba0aa0-ed6a-4e25-a5d2-bf5a94971199'),
 ('9', 'FruitLinkIt', '2.3.4', '2.3.0', NULL, 'unknown', '1', NULL, '2017-12-13 05:52:49', '2017-12-13 05:52:49', '2018-02-14 04:01:14', 'df6363ce-ae0e-4b5e-a7d0-338aeb750a52'),
 ('10', 'Commerce', '1.2.1351', '1.2.80', NULL, 'unknown', '1', '{\"weightUnits\":\"g\",\"dimensionUnits\":\"mm\",\"emailSenderAddress\":null,\"emailSenderName\":null,\"orderPdfPath\":\"shop\\/_pdf\\/order\",\"orderPdfFilenameFormat\":\"Order-{number}\"}', '2018-01-10 04:57:52', '2018-01-10 04:57:52', '2018-02-14 04:01:14', '85afd421-faa3-4ea8-b034-6cefa352ab46'),
 ('11', 'Inspector', '1.0', NULL, NULL, 'unknown', '1', NULL, '2018-01-14 21:44:17', '2018-01-14 21:44:17', '2018-02-14 04:01:14', '30f30592-4314-44c8-813a-6fe94cfe492c'),
 ('13', 'CustomCode', '1.0.0', '1.0.0', NULL, 'unknown', '1', NULL, '2018-01-15 03:24:27', '2018-01-15 03:24:27', '2018-02-14 04:01:14', '8a2587be-918c-4ed9-9564-eee4f0b9d620');



DROP TABLE IF EXISTS `cft_rackspaceaccess`;


--
-- Schema for table `cft_rackspaceaccess`
--
CREATE TABLE `cft_rackspaceaccess` (
  `id` int(11) NOT NULL AUTO_INCREMENT,
  `connectionKey` varchar(255) COLLATE utf8_unicode_ci NOT NULL,
  `token` varchar(255) COLLATE utf8_unicode_ci NOT NULL,
  `storageUrl` varchar(255) COLLATE utf8_unicode_ci NOT NULL,
  `cdnUrl` varchar(255) COLLATE utf8_unicode_ci NOT NULL,
  `dateCreated` datetime NOT NULL,
  `dateUpdated` datetime NOT NULL,
  `uid` char(36) COLLATE utf8_unicode_ci NOT NULL DEFAULT '0',
  PRIMARY KEY (`id`),
  UNIQUE KEY `cft_rackspaceaccess_connectionKey_unq_idx` (`connectionKey`)
) ENGINE=InnoDB DEFAULT CHARSET=utf8 COLLATE=utf8_unicode_ci;

DROP TABLE IF EXISTS `cft_relations`;


--
-- Schema for table `cft_relations`
--
CREATE TABLE `cft_relations` (
  `id` int(11) NOT NULL AUTO_INCREMENT,
  `fieldId` int(11) NOT NULL,
  `sourceId` int(11) NOT NULL,
  `sourceLocale` char(12) COLLATE utf8_unicode_ci DEFAULT NULL,
  `targetId` int(11) NOT NULL,
  `sortOrder` smallint(6) DEFAULT NULL,
  `dateCreated` datetime NOT NULL,
  `dateUpdated` datetime NOT NULL,
  `uid` char(36) COLLATE utf8_unicode_ci NOT NULL DEFAULT '0',
  PRIMARY KEY (`id`),
  UNIQUE KEY `cft_relations_fieldId_sourceId_sourceLocale_targetId_unq_idx` (`fieldId`,`sourceId`,`sourceLocale`,`targetId`),
  KEY `cft_relations_sourceId_fk` (`sourceId`),
  KEY `cft_relations_sourceLocale_fk` (`sourceLocale`),
  KEY `cft_relations_targetId_fk` (`targetId`)
) ENGINE=InnoDB AUTO_INCREMENT=194 DEFAULT CHARSET=utf8 COLLATE=utf8_unicode_ci;

--
-- Data for table `cft_relations`
--

INSERT INTO `cft_relations` (`id`, `fieldId`, `sourceId`, `sourceLocale`, `targetId`, `sortOrder`, `dateCreated`, `dateUpdated`, `uid`) VALUES
 ('42', '4', '2', NULL, '9', '1', '2018-01-12 03:05:41', '2018-01-12 03:05:41', '33b992c9-c381-4f5c-8609-6de6dff74858'),
 ('63', '2', '11', NULL, '34', '1', '2018-01-15 02:34:55', '2018-01-15 02:34:55', '53a37a70-bdde-489c-99d9-124d5350ba9f'),
 ('64', '2', '11', NULL, '27', '2', '2018-01-15 02:34:55', '2018-01-15 02:34:55', 'adff1af3-0813-4345-9668-804a7e026a59'),
 ('66', '2', '13', NULL, '34', '1', '2018-01-15 02:35:11', '2018-01-15 02:35:11', '80584e1a-a2af-4676-8932-02c5969e7d2c'),
 ('67', '2', '13', NULL, '27', '2', '2018-01-15 02:35:11', '2018-01-15 02:35:11', 'd1981c18-2bd1-45fa-9e0e-6f31654f3e2c'),
 ('76', '2', '32', NULL, '28', '1', '2018-01-15 03:43:55', '2018-01-15 03:43:55', '7f205cf6-3dd6-4711-b0f5-e040518d696b'),
 ('77', '2', '32', NULL, '27', '2', '2018-01-15 03:43:55', '2018-01-15 03:43:55', '07f8de00-950b-43cd-a4d5-6e0269ccc00d'),
 ('78', '2', '15', NULL, '34', '1', '2018-01-15 03:44:08', '2018-01-15 03:44:08', 'd9d3ecd6-e774-4f85-a778-1b976e3de6ae'),
 ('79', '2', '15', NULL, '27', '2', '2018-01-15 03:44:08', '2018-01-15 03:44:08', '9bb59df9-9adb-468a-8d56-ff20f9376313'),
 ('80', '2', '17', NULL, '34', '1', '2018-01-15 03:47:46', '2018-01-15 03:47:46', 'caf733bd-4178-4f3e-97dc-70cbfc962f7d'),
 ('81', '2', '17', NULL, '27', '2', '2018-01-15 03:47:46', '2018-01-15 03:47:46', 'dc26edb7-43d2-47dd-8533-e9f5c84636ca'),
 ('104', '8', '2', NULL, '9', '1', '2018-01-17 00:14:51', '2018-01-17 00:14:51', 'd308f35e-829e-4934-ac76-ec77b36c4e11'),
 ('128', '4', '10', NULL, '54', '1', '2018-01-23 03:19:05', '2018-01-23 03:19:05', '255b7f5a-f1e6-49dd-b4ee-b2f1fd079b66'),
 ('129', '4', '10', NULL, '55', '2', '2018-01-23 03:19:05', '2018-01-23 03:19:05', '095743e8-a3c8-4677-ac22-d88e54b6a997'),
 ('130', '4', '10', NULL, '56', '3', '2018-01-23 03:19:05', '2018-01-23 03:19:05', '0a30cb3e-8a5a-4b16-adc7-b7ea8df3efc7'),
 ('131', '4', '10', NULL, '57', '4', '2018-01-23 03:19:05', '2018-01-23 03:19:05', '2802616d-0464-4b9c-9673-27e61b6d414d'),
 ('132', '7', '10', NULL, '35', '1', '2018-01-23 03:19:05', '2018-01-23 03:19:05', '664aafda-3555-465a-9ba5-aeebd9b0c618'),
 ('133', '7', '10', NULL, '38', '2', '2018-01-23 03:19:05', '2018-01-23 03:19:05', 'f199d3a8-a40f-46ae-88ff-141a78573db2'),
 ('134', '4', '12', NULL, '54', '1', '2018-01-23 03:19:17', '2018-01-23 03:19:17', 'cedaebe9-7040-4865-8ec0-b57e7c8ea155'),
 ('135', '4', '12', NULL, '55', '2', '2018-01-23 03:19:17', '2018-01-23 03:19:17', 'e2df3d79-a453-4874-9efe-827bd90aec08'),
 ('136', '4', '12', NULL, '56', '3', '2018-01-23 03:19:17', '2018-01-23 03:19:17', '3aa9522c-777d-4fa7-9748-70fb1598685e'),
 ('137', '4', '12', NULL, '57', '4', '2018-01-23 03:19:17', '2018-01-23 03:19:17', '27478961-6340-43be-89c8-12a9033cc23d'),
 ('138', '7', '12', NULL, '35', '1', '2018-01-23 03:19:17', '2018-01-23 03:19:17', '2bd5df7e-40fd-47af-bd0c-85e41e8d7f06'),
 ('139', '7', '12', NULL, '36', '2', '2018-01-23 03:19:17', '2018-01-23 03:19:17', '3f29a2f9-e46a-4aec-911d-e34ea86ad275'),
 ('140', '7', '12', NULL, '37', '3', '2018-01-23 03:19:17', '2018-01-23 03:19:17', 'bc776112-0519-414d-84d8-b33828c5d877'),
 ('141', '4', '14', NULL, '54', '1', '2018-01-23 03:19:28', '2018-01-23 03:19:28', '7538ff7f-f42c-4173-920f-f796734c932e'),
 ('142', '4', '14', NULL, '55', '2', '2018-01-23 03:19:28', '2018-01-23 03:19:28', 'acf79274-f5d5-43d2-81cf-ebae4078e18f'),
 ('143', '4', '14', NULL, '56', '3', '2018-01-23 03:19:28', '2018-01-23 03:19:28', 'ea072fee-3fe2-4bc3-87d9-e7b8732c5106'),
 ('144', '7', '14', NULL, '35', '1', '2018-01-23 03:19:28', '2018-01-23 03:19:28', 'f74055ec-7068-41e2-855d-a5e7d3565919'),
 ('145', '7', '14', NULL, '38', '2', '2018-01-23 03:19:28', '2018-01-23 03:19:28', 'f23d08b8-6099-4b5f-8747-4c8f64308ee0'),
 ('146', '4', '16', NULL, '57', '1', '2018-01-23 03:19:40', '2018-01-23 03:19:40', 'ad55be1f-f475-4b99-bdb9-c0e23c98faf7'),
 ('147', '7', '16', NULL, '35', '1', '2018-01-23 03:19:40', '2018-01-23 03:19:40', 'a3afc074-3c7d-4512-8ca5-56dacc88b222'),
 ('148', '7', '16', NULL, '37', '2', '2018-01-23 03:19:40', '2018-01-23 03:19:40', 'd20edfb0-f783-49a0-9c25-d17168ac0fd8'),
 ('149', '4', '42', NULL, '50', '1', '2018-01-23 03:19:56', '2018-01-23 03:19:56', '19d64aed-e18e-4a5f-9e64-4634d1211f84'),
 ('150', '4', '42', NULL, '51', '2', '2018-01-23 03:19:56', '2018-01-23 03:19:56', '3dfe1f08-c2d0-4d3b-8207-517e4fdd5250'),
 ('151', '4', '42', NULL, '52', '3', '2018-01-23 03:19:56', '2018-01-23 03:19:56', '06a6b792-8979-4137-841b-85667be704b6'),
 ('152', '4', '42', NULL, '53', '4', '2018-01-23 03:19:56', '2018-01-23 03:19:56', '2a9e70b7-80d8-4d5d-93a3-9df3031202bc'),
 ('153', '7', '42', NULL, '35', '1', '2018-01-23 03:19:56', '2018-01-23 03:19:56', '36effbcd-7cb9-4406-8e45-df060d15b642'),
 ('154', '7', '42', NULL, '38', '2', '2018-01-23 03:19:56', '2018-01-23 03:19:56', '0d27bafc-5ae5-47d3-a1da-d7de4f1cba24'),
 ('163', '4', '58', NULL, '46', '1', '2018-01-23 03:21:21', '2018-01-23 03:21:21', '76edd395-0de2-415c-adff-a96efaf73680'),
 ('164', '4', '58', NULL, '47', '2', '2018-01-23 03:21:21', '2018-01-23 03:21:21', '21142d76-a9d0-4180-b859-b3ebc3014b92'),
 ('165', '4', '58', NULL, '48', '3', '2018-01-23 03:21:21', '2018-01-23 03:21:21', '2883085e-53ca-478b-87e2-35304d42f756'),
 ('166', '4', '58', NULL, '49', '4', '2018-01-23 03:21:21', '2018-01-23 03:21:21', '351ec6df-e228-47f0-a33a-9654d7858a9d'),
 ('167', '7', '58', NULL, '39', '1', '2018-01-23 03:21:21', '2018-01-23 03:21:21', '6c7d1453-5d04-47c4-b1b0-78e85372f49e'),
 ('168', '7', '58', NULL, '41', '2', '2018-01-23 03:21:21', '2018-01-23 03:21:21', '05cf0a28-27c3-4dc5-bfeb-2891f220371e'),
 ('169', '4', '60', NULL, '47', '1', '2018-01-23 03:40:05', '2018-01-23 03:40:05', '9824c081-225d-48f5-a04f-34a26eda9277'),
 ('170', '7', '60', NULL, '35', '1', '2018-01-23 03:40:05', '2018-01-23 03:40:05', '21934f5d-f754-4212-9c00-e8bbc11523ac'),
 ('171', '7', '60', NULL, '38', '2', '2018-01-23 03:40:05', '2018-01-23 03:40:05', '7c613ab7-e18c-4dc4-887b-f925c255623f'),
 ('176', '4', '62', NULL, '51', '1', '2018-01-23 04:57:06', '2018-01-23 04:57:06', 'c3e8fb15-e6dc-40f0-8917-dfec758bf01a'),
 ('177', '7', '62', NULL, '39', '1', '2018-01-23 04:57:06', '2018-01-23 04:57:06', 'bffa9146-bf22-4aef-9c58-43f12b6f4f58'),
 ('178', '7', '62', NULL, '41', '2', '2018-01-23 04:57:06', '2018-01-23 04:57:06', '4f0c8ba6-523e-4b89-8395-3f0a8014c505'),
 ('179', '4', '44', NULL, '53', '1', '2018-01-23 21:47:17', '2018-01-23 21:47:17', '80fba2e9-a555-43da-ab0a-6fce80ec5a52'),
 ('180', '4', '44', NULL, '9', '2', '2018-01-23 21:47:17', '2018-01-23 21:47:17', '070e55e9-4d89-45b5-89fd-076c55de86a3'),
 ('181', '4', '44', NULL, '51', '3', '2018-01-23 21:47:17', '2018-01-23 21:47:17', 'b0faf5cf-6ce8-40e3-8b72-0b817ee19197'),
 ('182', '4', '44', NULL, '52', '4', '2018-01-23 21:47:17', '2018-01-23 21:47:17', '81d60dc4-509d-4685-9362-e03334abacab'),
 ('183', '7', '44', NULL, '35', '1', '2018-01-23 21:47:17', '2018-01-23 21:47:17', '85cb28a1-5cfd-4bde-ab43-f73865aa4618'),
 ('184', '7', '44', NULL, '36', '2', '2018-01-23 21:47:17', '2018-01-23 21:47:17', '40e0ca18-ab28-41a7-bb8e-ce37605118ba'),
 ('185', '7', '44', NULL, '38', '3', '2018-01-23 21:47:17', '2018-01-23 21:47:17', 'f2405e3f-d0ff-4d67-92d6-b4d707a40591'),
 ('190', '4', '31', NULL, '52', '1', '2018-02-13 00:26:30', '2018-02-13 00:26:30', 'ce0b0877-f3b3-428d-8340-4bacc63be2b0'),
 ('191', '7', '31', NULL, '35', '1', '2018-02-13 00:26:30', '2018-02-13 00:26:30', '19c92c98-caed-4f93-a525-57d940bd4615'),
 ('192', '7', '31', NULL, '36', '2', '2018-02-13 00:26:30', '2018-02-13 00:26:30', 'e410b635-5a92-4d1f-be3e-3bb6b862d232'),
 ('193', '7', '31', NULL, '37', '3', '2018-02-13 00:26:30', '2018-02-13 00:26:30', 'b8cc4f76-872f-40e7-8206-955722be903c');



DROP TABLE IF EXISTS `cft_routes`;


--
-- Schema for table `cft_routes`
--
CREATE TABLE `cft_routes` (
  `id` int(11) NOT NULL AUTO_INCREMENT,
  `locale` char(12) COLLATE utf8_unicode_ci DEFAULT NULL,
  `urlParts` varchar(255) COLLATE utf8_unicode_ci NOT NULL,
  `urlPattern` varchar(255) COLLATE utf8_unicode_ci NOT NULL,
  `template` varchar(255) COLLATE utf8_unicode_ci NOT NULL,
  `sortOrder` smallint(6) unsigned DEFAULT NULL,
  `dateCreated` datetime NOT NULL,
  `dateUpdated` datetime NOT NULL,
  `uid` char(36) COLLATE utf8_unicode_ci NOT NULL DEFAULT '0',
  PRIMARY KEY (`id`),
  KEY `cft_routes_locale_idx` (`locale`),
  KEY `cft_routes_urlPattern_idx` (`urlPattern`)
) ENGINE=InnoDB DEFAULT CHARSET=utf8 COLLATE=utf8_unicode_ci;

DROP TABLE IF EXISTS `cft_searchindex`;


--
-- Schema for table `cft_searchindex`
--
CREATE TABLE `cft_searchindex` (
  `elementId` int(11) NOT NULL,
  `attribute` varchar(25) COLLATE utf8_unicode_ci NOT NULL,
  `fieldId` int(11) NOT NULL,
  `locale` char(12) COLLATE utf8_unicode_ci NOT NULL,
  `keywords` text COLLATE utf8_unicode_ci NOT NULL,
  PRIMARY KEY (`elementId`,`attribute`,`fieldId`,`locale`),
  FULLTEXT KEY `cft_searchindex_keywords_idx` (`keywords`)
) ENGINE=MyISAM DEFAULT CHARSET=utf8 COLLATE=utf8_unicode_ci;

--
-- Data for table `cft_searchindex`
--

INSERT INTO `cft_searchindex` (`elementId`, `attribute`, `fieldId`, `locale`, `keywords`) VALUES
 ('1', 'username', '0', 'en_au', ' developer '),
 ('1', 'firstname', '0', 'en_au', ''),
 ('1', 'lastname', '0', 'en_au', ''),
 ('1', 'fullname', '0', 'en_au', ''),
 ('1', 'email', '0', 'en_au', ' developer marketinggroup com au '),
 ('1', 'slug', '0', 'en_au', ''),
 ('2', 'slug', '0', 'en_au', ' home '),
 ('2', 'title', '0', 'en_au', ' home '),
 ('10', 'field', '4', 'en_au', ' bird 1 bird 2 bird 3 bird 4 '),
 ('2', 'field', '1', 'en_au', ' it s true this site doesn t have a whole lot of content yet but don t worry our web developers have just installed the cms and they re setting things up for the content editors this very moment soon craft test will be an oasis of fresh perspectives sharp analyses and astute opinions that will keep you coming back again and again '),
 ('25', 'title', '0', 'en_au', ' product list '),
 ('26', 'number', '0', 'en_au', ' 75849e78075c58c3e8abaf3eb8407c2e '),
 ('26', 'email', '0', 'en_au', ' developer marketinggroup com au '),
 ('26', 'slug', '0', 'en_au', ''),
 ('27', 'name', '0', 'en_au', ' food '),
 ('27', 'slug', '0', 'en_au', ' food '),
 ('27', 'title', '0', 'en_au', ' food '),
 ('28', 'name', '0', 'en_au', ' dogs '),
 ('25', 'slug', '0', 'en_au', ' product list '),
 ('24', 'title', '0', 'en_au', ' private policy '),
 ('24', 'slug', '0', 'en_au', ' private policy '),
 ('23', 'title', '0', 'en_au', ' microchip registry search '),
 ('21', 'title', '0', 'en_au', ' about us '),
 ('21', 'slug', '0', 'en_au', ' about us '),
 ('5', 'name', '0', 'en_au', ' news '),
 ('5', 'slug', '0', 'en_au', ' news '),
 ('5', 'title', '0', 'en_au', ' news '),
 ('10', 'defaultsku', '0', 'en_au', ' a new toga '),
 ('10', 'slug', '0', 'en_au', ' a new toga '),
 ('11', 'sku', '0', 'en_au', ' a new toga '),
 ('11', 'price', '0', 'en_au', ' 10 '),
 ('11', 'width', '0', 'en_au', ' 0 '),
 ('10', 'title', '0', 'en_au', ' a new toga '),
 ('8', 'field', '1', 'en_au', ' this is a testing page '),
 ('8', 'field', '4', 'en_au', ' test '),
 ('8', 'field', '3', 'en_au', ' 50 '),
 ('8', 'field', '2', 'en_au', ''),
 ('8', 'field', '5', 'en_au', ''),
 ('8', 'slug', '0', 'en_au', ' this is a testing entry episodes '),
 ('8', 'title', '0', 'en_au', ' this is a testing entry episodes '),
 ('23', 'slug', '0', 'en_au', ' microchip registry search '),
 ('9', 'filename', '0', 'en_au', ' test jpg '),
 ('9', 'extension', '0', 'en_au', ' jpg '),
 ('9', 'kind', '0', 'en_au', ' image '),
 ('9', 'slug', '0', 'en_au', ' test '),
 ('9', 'title', '0', 'en_au', ' test '),
 ('11', 'height', '0', 'en_au', ' 0 '),
 ('11', 'length', '0', 'en_au', ' 0 '),
 ('11', 'weight', '0', 'en_au', ' 0 '),
 ('11', 'stock', '0', 'en_au', ' 0 '),
 ('11', 'unlimitedstock', '0', 'en_au', ' 1 '),
 ('11', 'minqty', '0', 'en_au', ''),
 ('11', 'maxqty', '0', 'en_au', ''),
 ('11', 'slug', '0', 'en_au', ' a new toga '),
 ('11', 'title', '0', 'en_au', ' a new toga '),
 ('12', 'title', '0', 'en_au', ' parka with stripes on back '),
 ('12', 'defaultsku', '0', 'en_au', ' parka with stripes on back '),
 ('12', 'slug', '0', 'en_au', ' parka with stripes on back '),
 ('13', 'sku', '0', 'en_au', ' parka with stripes on back '),
 ('13', 'price', '0', 'en_au', ' 20 '),
 ('13', 'width', '0', 'en_au', ' 0 '),
 ('13', 'height', '0', 'en_au', ' 0 '),
 ('13', 'length', '0', 'en_au', ' 0 '),
 ('13', 'weight', '0', 'en_au', ' 0 '),
 ('13', 'stock', '0', 'en_au', ' 0 '),
 ('13', 'unlimitedstock', '0', 'en_au', ' 1 '),
 ('13', 'minqty', '0', 'en_au', ''),
 ('13', 'maxqty', '0', 'en_au', ''),
 ('13', 'slug', '0', 'en_au', ' parka with stripes on back '),
 ('13', 'title', '0', 'en_au', ' parka with stripes on back '),
 ('14', 'title', '0', 'en_au', ' romper for a red eye '),
 ('14', 'defaultsku', '0', 'en_au', ' romper for a red eye '),
 ('14', 'slug', '0', 'en_au', ' romper for a red eye '),
 ('15', 'sku', '0', 'en_au', ' romper for a red eye '),
 ('15', 'price', '0', 'en_au', ' 30 '),
 ('15', 'width', '0', 'en_au', ' 0 '),
 ('15', 'height', '0', 'en_au', ' 0 '),
 ('15', 'length', '0', 'en_au', ' 0 '),
 ('15', 'weight', '0', 'en_au', ' 0 '),
 ('15', 'stock', '0', 'en_au', ' 0 '),
 ('15', 'unlimitedstock', '0', 'en_au', ' 1 '),
 ('15', 'minqty', '0', 'en_au', ''),
 ('15', 'maxqty', '0', 'en_au', ''),
 ('15', 'slug', '0', 'en_au', ' romper for a red eye '),
 ('15', 'title', '0', 'en_au', ' romper for a red eye '),
 ('16', 'title', '0', 'en_au', ' the fleece awakens '),
 ('16', 'defaultsku', '0', 'en_au', ' the fleece awakens '),
 ('16', 'slug', '0', 'en_au', ' the fleece awakens '),
 ('17', 'sku', '0', 'en_au', ' the fleece awakens '),
 ('17', 'price', '0', 'en_au', ' 100 '),
 ('17', 'width', '0', 'en_au', ' 0 '),
 ('17', 'height', '0', 'en_au', ' 0 '),
 ('17', 'length', '0', 'en_au', ' 0 '),
 ('17', 'weight', '0', 'en_au', ' 0 '),
 ('17', 'stock', '0', 'en_au', ' 0 '),
 ('17', 'unlimitedstock', '0', 'en_au', ''),
 ('17', 'minqty', '0', 'en_au', ''),
 ('17', 'maxqty', '0', 'en_au', ''),
 ('17', 'slug', '0', 'en_au', ' the fleece awakens '),
 ('17', 'title', '0', 'en_au', ' the fleece awakens ');
INSERT INTO `cft_searchindex` (`elementId`, `attribute`, `fieldId`, `locale`, `keywords`) VALUES
 ('18', 'filename', '0', 'en_au', ' admin ajax_ps jpg '),
 ('18', 'extension', '0', 'en_au', ' jpg '),
 ('18', 'kind', '0', 'en_au', ' image '),
 ('18', 'slug', '0', 'en_au', ' admin ajax ps '),
 ('18', 'title', '0', 'en_au', ' admin ajax ps '),
 ('19', 'filename', '0', 'en_au', ' admin ajax_labour_ps jpg '),
 ('19', 'extension', '0', 'en_au', ' jpg '),
 ('19', 'kind', '0', 'en_au', ' image '),
 ('19', 'slug', '0', 'en_au', ' admin ajax labour ps '),
 ('19', 'title', '0', 'en_au', ' admin ajax labour ps '),
 ('22', 'slug', '0', 'en_au', ' contact us '),
 ('22', 'title', '0', 'en_au', ' contact us '),
 ('20', 'number', '0', 'en_au', ' b8938a7369d9a5ef21c996406a958db1 '),
 ('20', 'email', '0', 'en_au', ' developer marketinggroup com au '),
 ('20', 'slug', '0', 'en_au', ''),
 ('28', 'slug', '0', 'en_au', ' dogs '),
 ('28', 'title', '0', 'en_au', ' dogs '),
 ('32', 'sku', '0', 'en_au', ' dogfood001 '),
 ('32', 'price', '0', 'en_au', ' 30 '),
 ('31', 'slug', '0', 'en_au', ' dog premium food '),
 ('31', 'field', '4', 'en_au', ' dog 3 '),
 ('32', 'field', '2', 'en_au', ' dogs food '),
 ('31', 'field', '1', 'en_au', ' this is a food of premium dogs '),
 ('31', 'title', '0', 'en_au', ' dog premium food '),
 ('31', 'defaultsku', '0', 'en_au', ' dogfood001 '),
 ('32', 'width', '0', 'en_au', ' 0 '),
 ('32', 'height', '0', 'en_au', ' 0 '),
 ('32', 'length', '0', 'en_au', ' 0 '),
 ('32', 'weight', '0', 'en_au', ' 0 '),
 ('32', 'stock', '0', 'en_au', ' 20 '),
 ('32', 'unlimitedstock', '0', 'en_au', ''),
 ('32', 'minqty', '0', 'en_au', ' 1 '),
 ('32', 'maxqty', '0', 'en_au', ' 2 '),
 ('32', 'slug', '0', 'en_au', ' dog premium food '),
 ('32', 'title', '0', 'en_au', ' dog premium food '),
 ('32', 'field', '4', 'en_au', ''),
 ('2', 'field', '4', 'en_au', ' test '),
 ('10', 'field', '1', 'en_au', ' this is a new toga '),
 ('12', 'field', '4', 'en_au', ' bird 1 bird 2 bird 3 bird 4 '),
 ('12', 'field', '1', 'en_au', ' this is parka with stripes on back '),
 ('14', 'field', '4', 'en_au', ' bird 1 bird 2 bird 3 '),
 ('14', 'field', '1', 'en_au', ' this is romper for a red eye '),
 ('16', 'field', '4', 'en_au', ' bird 4 '),
 ('16', 'field', '1', 'en_au', ' this is the fleece awakens '),
 ('33', 'filename', '0', 'en_au', ' imageplaceholder png '),
 ('33', 'extension', '0', 'en_au', ' png '),
 ('33', 'kind', '0', 'en_au', ' image '),
 ('33', 'slug', '0', 'en_au', ' image place holder '),
 ('33', 'title', '0', 'en_au', ' image place holder '),
 ('32', 'field', '5', 'en_au', ''),
 ('34', 'name', '0', 'en_au', ' cat '),
 ('34', 'slug', '0', 'en_au', ' cat '),
 ('34', 'title', '0', 'en_au', ' cat '),
 ('11', 'field', '5', 'en_au', ''),
 ('11', 'field', '2', 'en_au', ' cat food '),
 ('13', 'field', '5', 'en_au', ''),
 ('13', 'field', '2', 'en_au', ' cat food '),
 ('15', 'field', '5', 'en_au', ''),
 ('15', 'field', '2', 'en_au', ' cat food '),
 ('17', 'field', '5', 'en_au', ''),
 ('17', 'field', '2', 'en_au', ' cat food '),
 ('35', 'slug', '0', 'en_au', ' brand '),
 ('35', 'title', '0', 'en_au', ' brand '),
 ('36', 'slug', '0', 'en_au', ' billy margot '),
 ('36', 'title', '0', 'en_au', ' billy margot '),
 ('37', 'slug', '0', 'en_au', ' black hawk '),
 ('37', 'title', '0', 'en_au', ' black hawk '),
 ('38', 'slug', '0', 'en_au', ' bonnie '),
 ('38', 'title', '0', 'en_au', ' bonnie '),
 ('31', 'field', '5', 'en_au', ''),
 ('31', 'field', '7', 'en_au', ' brand billy margot black hawk '),
 ('10', 'field', '7', 'en_au', ' brand bonnie '),
 ('10', 'field', '5', 'en_au', ''),
 ('12', 'field', '7', 'en_au', ' brand billy margot black hawk '),
 ('12', 'field', '5', 'en_au', ''),
 ('14', 'field', '7', 'en_au', ' brand bonnie '),
 ('14', 'field', '5', 'en_au', ''),
 ('16', 'field', '7', 'en_au', ' brand black hawk '),
 ('16', 'field', '5', 'en_au', ''),
 ('2', 'field', '8', 'en_au', ' test '),
 ('2', 'field', '9', 'en_au', ''),
 ('39', 'slug', '0', 'en_au', ' flavour '),
 ('39', 'title', '0', 'en_au', ' flavour '),
 ('40', 'slug', '0', 'en_au', ' chicken '),
 ('40', 'title', '0', 'en_au', ' chicken '),
 ('41', 'slug', '0', 'en_au', ' fish '),
 ('41', 'title', '0', 'en_au', ' fish '),
 ('42', 'field', '4', 'en_au', ' dog 1 dog 2 dog 3 dog 4 '),
 ('42', 'field', '1', 'en_au', ' this is a brush for dogs '),
 ('42', 'field', '7', 'en_au', ' brand bonnie '),
 ('42', 'title', '0', 'en_au', ' dog brush '),
 ('42', 'defaultsku', '0', 'en_au', ' dog brush '),
 ('42', 'slug', '0', 'en_au', ' dog brush '),
 ('43', 'field', '5', 'en_au', ''),
 ('43', 'sku', '0', 'en_au', ' dog brush '),
 ('43', 'price', '0', 'en_au', ' 50 '),
 ('43', 'width', '0', 'en_au', ' 0 '),
 ('43', 'height', '0', 'en_au', ' 0 '),
 ('43', 'length', '0', 'en_au', ' 0 '),
 ('43', 'weight', '0', 'en_au', ' 0 ');
INSERT INTO `cft_searchindex` (`elementId`, `attribute`, `fieldId`, `locale`, `keywords`) VALUES
 ('43', 'stock', '0', 'en_au', ' 0 '),
 ('43', 'unlimitedstock', '0', 'en_au', ' 1 '),
 ('43', 'minqty', '0', 'en_au', ''),
 ('43', 'maxqty', '0', 'en_au', ''),
 ('43', 'slug', '0', 'en_au', ' dog brush '),
 ('43', 'title', '0', 'en_au', ' dog brush '),
 ('44', 'field', '4', 'en_au', ' dog 4 test dog 2 dog 3 '),
 ('44', 'field', '1', 'en_au', ' silver metallic blue and metallic lavender silk blend jacquard graphic pattern pleated ruffle along collar long sleeves with button fastening cuffs buckle fastening silver skinny belt large pleated rosettes at hips dry clean zip and hook fastening at back 100% silk specialist clean lightweight soft touch wovenhigh rise waistzip fly with hook and button fasteningslip pocketswaist beltrelaxed fitmachine wash76% polyester 18% viscose 6% elastaneour model wears a uk 8 eu 36 us 4 and is 174 cm 5 8 5 tall '),
 ('44', 'field', '7', 'en_au', ' brand billy margot bonnie '),
 ('44', 'title', '0', 'en_au', ' dog leash '),
 ('44', 'defaultsku', '0', 'en_au', ' dog leash '),
 ('44', 'slug', '0', 'en_au', ' dog leash '),
 ('45', 'field', '5', 'en_au', ''),
 ('45', 'sku', '0', 'en_au', ' dog leash '),
 ('45', 'price', '0', 'en_au', ' 30 '),
 ('45', 'width', '0', 'en_au', ' 0 '),
 ('45', 'height', '0', 'en_au', ' 0 '),
 ('45', 'length', '0', 'en_au', ' 0 '),
 ('45', 'weight', '0', 'en_au', ' 0 '),
 ('45', 'stock', '0', 'en_au', ' 0 '),
 ('45', 'unlimitedstock', '0', 'en_au', ' 1 '),
 ('45', 'minqty', '0', 'en_au', ''),
 ('45', 'maxqty', '0', 'en_au', ''),
 ('45', 'slug', '0', 'en_au', ' dog leash '),
 ('45', 'title', '0', 'en_au', ' dog leash '),
 ('46', 'filename', '0', 'en_au', ' cats 1 jpg '),
 ('46', 'extension', '0', 'en_au', ' jpg '),
 ('46', 'kind', '0', 'en_au', ' image '),
 ('46', 'slug', '0', 'en_au', ' cats 1 '),
 ('46', 'title', '0', 'en_au', ' cats 1 '),
 ('47', 'filename', '0', 'en_au', ' cats 2 jpg '),
 ('47', 'extension', '0', 'en_au', ' jpg '),
 ('47', 'kind', '0', 'en_au', ' image '),
 ('47', 'slug', '0', 'en_au', ' cats 2 '),
 ('47', 'title', '0', 'en_au', ' cats 2 '),
 ('48', 'filename', '0', 'en_au', ' cats 3 jpg '),
 ('48', 'extension', '0', 'en_au', ' jpg '),
 ('48', 'kind', '0', 'en_au', ' image '),
 ('48', 'slug', '0', 'en_au', ' cats 3 '),
 ('48', 'title', '0', 'en_au', ' cats 3 '),
 ('49', 'filename', '0', 'en_au', ' cats 4 jpg '),
 ('49', 'extension', '0', 'en_au', ' jpg '),
 ('49', 'kind', '0', 'en_au', ' image '),
 ('49', 'slug', '0', 'en_au', ' cats 4 '),
 ('49', 'title', '0', 'en_au', ' cats 4 '),
 ('50', 'filename', '0', 'en_au', ' dog 1 jpg '),
 ('50', 'extension', '0', 'en_au', ' jpg '),
 ('50', 'kind', '0', 'en_au', ' image '),
 ('50', 'slug', '0', 'en_au', ' dog 1 '),
 ('50', 'title', '0', 'en_au', ' dog 1 '),
 ('51', 'filename', '0', 'en_au', ' dog 2 jpg '),
 ('51', 'extension', '0', 'en_au', ' jpg '),
 ('51', 'kind', '0', 'en_au', ' image '),
 ('51', 'slug', '0', 'en_au', ' dog 2 '),
 ('51', 'title', '0', 'en_au', ' dog 2 '),
 ('52', 'filename', '0', 'en_au', ' dog 3 jpg '),
 ('52', 'extension', '0', 'en_au', ' jpg '),
 ('52', 'kind', '0', 'en_au', ' image '),
 ('52', 'slug', '0', 'en_au', ' dog 3 '),
 ('52', 'title', '0', 'en_au', ' dog 3 '),
 ('53', 'filename', '0', 'en_au', ' dog 4 jpg '),
 ('53', 'extension', '0', 'en_au', ' jpg '),
 ('53', 'kind', '0', 'en_au', ' image '),
 ('53', 'slug', '0', 'en_au', ' dog 4 '),
 ('53', 'title', '0', 'en_au', ' dog 4 '),
 ('54', 'filename', '0', 'en_au', ' bird 1 jpg '),
 ('54', 'extension', '0', 'en_au', ' jpg '),
 ('54', 'kind', '0', 'en_au', ' image '),
 ('54', 'slug', '0', 'en_au', ' bird 1 '),
 ('54', 'title', '0', 'en_au', ' bird 1 '),
 ('55', 'filename', '0', 'en_au', ' bird 2 jpg '),
 ('55', 'extension', '0', 'en_au', ' jpg '),
 ('55', 'kind', '0', 'en_au', ' image '),
 ('55', 'slug', '0', 'en_au', ' bird 2 '),
 ('55', 'title', '0', 'en_au', ' bird 2 '),
 ('56', 'filename', '0', 'en_au', ' bird 3 jpg '),
 ('56', 'extension', '0', 'en_au', ' jpg '),
 ('56', 'kind', '0', 'en_au', ' image '),
 ('56', 'slug', '0', 'en_au', ' bird 3 '),
 ('56', 'title', '0', 'en_au', ' bird 3 '),
 ('57', 'filename', '0', 'en_au', ' bird 4 jpg '),
 ('57', 'extension', '0', 'en_au', ' jpg '),
 ('57', 'kind', '0', 'en_au', ' image '),
 ('57', 'slug', '0', 'en_au', ' bird 4 '),
 ('57', 'title', '0', 'en_au', ' bird 4 '),
 ('58', 'field', '4', 'en_au', ' cats 1 cats 2 cats 3 cats 4 '),
 ('58', 'field', '7', 'en_au', ' flavour fish '),
 ('58', 'field', '1', 'en_au', ' this is a cat food '),
 ('58', 'title', '0', 'en_au', ' cat food '),
 ('58', 'defaultsku', '0', 'en_au', ' cat food '),
 ('58', 'slug', '0', 'en_au', ' cat food '),
 ('59', 'field', '5', 'en_au', ''),
 ('59', 'sku', '0', 'en_au', ' cat food '),
 ('59', 'price', '0', 'en_au', ' 200 '),
 ('59', 'width', '0', 'en_au', ' 0 '),
 ('59', 'height', '0', 'en_au', ' 0 '),
 ('59', 'length', '0', 'en_au', ' 0 '),
 ('59', 'weight', '0', 'en_au', ' 0 '),
 ('59', 'stock', '0', 'en_au', ' 0 '),
 ('59', 'unlimitedstock', '0', 'en_au', ' 1 ');
INSERT INTO `cft_searchindex` (`elementId`, `attribute`, `fieldId`, `locale`, `keywords`) VALUES
 ('59', 'minqty', '0', 'en_au', ''),
 ('59', 'maxqty', '0', 'en_au', ''),
 ('59', 'slug', '0', 'en_au', ' cat food '),
 ('59', 'title', '0', 'en_au', ' cat food '),
 ('60', 'field', '4', 'en_au', ' cats 2 '),
 ('60', 'field', '7', 'en_au', ' brand bonnie '),
 ('60', 'field', '1', 'en_au', ' this is a cat litter box '),
 ('60', 'title', '0', 'en_au', ' cat litter box '),
 ('60', 'defaultsku', '0', 'en_au', ' cat litter box '),
 ('60', 'slug', '0', 'en_au', ' cat litter box '),
 ('61', 'field', '5', 'en_au', ''),
 ('61', 'sku', '0', 'en_au', ' cat litter box '),
 ('61', 'price', '0', 'en_au', ' 40 '),
 ('61', 'width', '0', 'en_au', ' 0 '),
 ('61', 'height', '0', 'en_au', ' 0 '),
 ('61', 'length', '0', 'en_au', ' 0 '),
 ('61', 'weight', '0', 'en_au', ' 0 '),
 ('61', 'stock', '0', 'en_au', ' 0 '),
 ('61', 'unlimitedstock', '0', 'en_au', ' 1 '),
 ('61', 'minqty', '0', 'en_au', ''),
 ('61', 'maxqty', '0', 'en_au', ''),
 ('61', 'slug', '0', 'en_au', ' cat litter box '),
 ('61', 'title', '0', 'en_au', ' cat litter box '),
 ('62', 'field', '4', 'en_au', ' dog 2 '),
 ('62', 'field', '1', 'en_au', ' this is a dog chewing toy '),
 ('62', 'field', '7', 'en_au', ' flavour fish '),
 ('62', 'title', '0', 'en_au', ' dog toy '),
 ('62', 'defaultsku', '0', 'en_au', ' dog toy '),
 ('62', 'slug', '0', 'en_au', ' dog toy '),
 ('63', 'field', '5', 'en_au', ''),
 ('63', 'sku', '0', 'en_au', ' dog toy '),
 ('63', 'price', '0', 'en_au', ' 200 '),
 ('63', 'width', '0', 'en_au', ' 0 '),
 ('63', 'height', '0', 'en_au', ' 0 '),
 ('63', 'length', '0', 'en_au', ' 0 '),
 ('63', 'weight', '0', 'en_au', ' 0 '),
 ('63', 'stock', '0', 'en_au', ' 0 '),
 ('63', 'unlimitedstock', '0', 'en_au', ' 1 '),
 ('63', 'minqty', '0', 'en_au', ''),
 ('63', 'maxqty', '0', 'en_au', ''),
 ('63', 'slug', '0', 'en_au', ' dog toy '),
 ('63', 'title', '0', 'en_au', ' dog toy '),
 ('64', 'number', '0', 'en_au', ' 26b46aed0ace19fbecefd0e4a14eb1fa '),
 ('64', 'email', '0', 'en_au', ' developer marketinggroup com au '),
 ('64', 'slug', '0', 'en_au', ''),
 ('65', 'slug', '0', 'en_au', ' registration '),
 ('65', 'title', '0', 'en_au', ' registration '),
 ('66', 'slug', '0', 'en_au', ' registration '),
 ('66', 'title', '0', 'en_au', ' registration '),
 ('67', 'number', '0', 'en_au', ' e240b863c5a0e165859e52e5b3e5ce48 '),
 ('67', 'email', '0', 'en_au', ' developer marketinggroup com au '),
 ('67', 'slug', '0', 'en_au', ''),
 ('68', 'number', '0', 'en_au', ' f1cdd9b027e3f5a603360fdd4b2d0147 '),
 ('68', 'email', '0', 'en_au', ' developer marketinggroup com au '),
 ('68', 'slug', '0', 'en_au', ''),
 ('69', 'username', '0', 'en_au', ' animaltuckerbox '),
 ('69', 'firstname', '0', 'en_au', ' animal '),
 ('69', 'lastname', '0', 'en_au', ' tucherbox '),
 ('69', 'fullname', '0', 'en_au', ' animal tucherbox '),
 ('69', 'email', '0', 'en_au', ' huangxiaotian1300 gmail com '),
 ('69', 'slug', '0', 'en_au', ''),
 ('74', 'username', '0', 'en_au', ' freda '),
 ('74', 'firstname', '0', 'en_au', ''),
 ('74', 'lastname', '0', 'en_au', ''),
 ('74', 'fullname', '0', 'en_au', ''),
 ('71', 'number', '0', 'en_au', ' 1f088c3f5029a05180520e9280428737 '),
 ('71', 'email', '0', 'en_au', ''),
 ('71', 'slug', '0', 'en_au', ''),
 ('74', 'slug', '0', 'en_au', ''),
 ('74', 'email', '0', 'en_au', ' fengjingshu100 gmail com '),
 ('75', 'number', '0', 'en_au', ' c8f390b19c78a14efe9cb0c627f132ca '),
 ('75', 'email', '0', 'en_au', ' fengjingshu100 gmail com '),
 ('75', 'slug', '0', 'en_au', ''),
 ('76', 'number', '0', 'en_au', ' 8187fa3410502bf55fe266a167357a82 '),
 ('76', 'email', '0', 'en_au', ' developer marketinggroup com au '),
 ('76', 'slug', '0', 'en_au', '');



DROP TABLE IF EXISTS `cft_sections`;


--
-- Schema for table `cft_sections`
--
CREATE TABLE `cft_sections` (
  `id` int(11) NOT NULL AUTO_INCREMENT,
  `structureId` int(11) DEFAULT NULL,
  `name` varchar(255) COLLATE utf8_unicode_ci NOT NULL,
  `handle` varchar(255) COLLATE utf8_unicode_ci NOT NULL,
  `type` enum('single','channel','structure') COLLATE utf8_unicode_ci NOT NULL DEFAULT 'channel',
  `hasUrls` tinyint(1) unsigned NOT NULL DEFAULT '1',
  `template` varchar(500) COLLATE utf8_unicode_ci DEFAULT NULL,
  `enableVersioning` tinyint(1) unsigned NOT NULL DEFAULT '0',
  `dateCreated` datetime NOT NULL,
  `dateUpdated` datetime NOT NULL,
  `uid` char(36) COLLATE utf8_unicode_ci NOT NULL DEFAULT '0',
  PRIMARY KEY (`id`),
  UNIQUE KEY `cft_sections_name_unq_idx` (`name`),
  UNIQUE KEY `cft_sections_handle_unq_idx` (`handle`),
  KEY `cft_sections_structureId_fk` (`structureId`)
) ENGINE=InnoDB AUTO_INCREMENT=16 DEFAULT CHARSET=utf8 COLLATE=utf8_unicode_ci;

--
-- Data for table `cft_sections`
--

INSERT INTO `cft_sections` (`id`, `structureId`, `name`, `handle`, `type`, `hasUrls`, `template`, `enableVersioning`, `dateCreated`, `dateUpdated`, `uid`) VALUES
 ('1', NULL, 'Home', 'home', 'single', '1', 'index.html', '1', '2017-12-11 21:39:25', '2018-01-23 01:59:11', 'e8574d7b-cf42-4719-bdd1-cac88b44a292'),
 ('6', NULL, 'About us', 'aboutUs', 'single', '1', 'about-us.html', '1', '2018-01-11 04:08:53', '2018-01-23 02:03:22', 'f6787240-fe0d-424c-a086-64ea4d238c6e'),
 ('7', NULL, 'Contact Us', 'contactUs', 'single', '1', 'contact-us.html', '1', '2018-01-11 04:09:13', '2018-01-23 02:03:31', '2c43ff47-08bb-46de-a982-c68beead016f'),
 ('8', NULL, 'Microchip Registry Search', 'microchipRegistrySearch', 'single', '1', 'microchip-registry-search.html', '1', '2018-01-11 04:09:40', '2018-01-23 02:03:42', '5a85088f-6d24-40a0-9e94-8111bf7bab61'),
 ('11', NULL, 'Private Policy', 'privatePolicy', 'single', '1', 'private-policy.html', '1', '2018-01-11 04:19:32', '2018-01-23 02:03:51', '42032461-2c9d-447d-aa91-8b937e337437'),
 ('12', NULL, 'Product List', 'productList', 'single', '1', 'products/index.html', '1', '2018-01-11 04:20:57', '2018-01-23 01:57:51', 'd7bd1aac-8342-4b2a-b51b-1508f7ab9d3d'),
 ('13', '3', 'Check Out', 'checkOut', 'structure', '1', 'check-out/_entry', '1', '2018-01-11 04:27:18', '2018-01-11 04:27:18', 'b125b84d-081e-4d79-bc21-e2212b0c2ebf'),
 ('15', NULL, 'Registration', 'registration', 'single', '1', 'registration', '1', '2018-01-24 01:16:15', '2018-01-24 01:16:45', '213ffa77-a9fb-4166-aafc-0b9be6ad1f3f');



DROP TABLE IF EXISTS `cft_sections_i18n`;


--
-- Schema for table `cft_sections_i18n`
--
CREATE TABLE `cft_sections_i18n` (
  `id` int(11) NOT NULL AUTO_INCREMENT,
  `sectionId` int(11) NOT NULL,
  `locale` char(12) COLLATE utf8_unicode_ci NOT NULL,
  `enabledByDefault` tinyint(1) unsigned NOT NULL DEFAULT '1',
  `urlFormat` text COLLATE utf8_unicode_ci,
  `nestedUrlFormat` text COLLATE utf8_unicode_ci,
  `dateCreated` datetime NOT NULL,
  `dateUpdated` datetime NOT NULL,
  `uid` char(36) COLLATE utf8_unicode_ci NOT NULL DEFAULT '0',
  PRIMARY KEY (`id`),
  UNIQUE KEY `cft_sections_i18n_sectionId_locale_unq_idx` (`sectionId`,`locale`),
  KEY `cft_sections_i18n_locale_fk` (`locale`)
) ENGINE=InnoDB AUTO_INCREMENT=16 DEFAULT CHARSET=utf8 COLLATE=utf8_unicode_ci;

--
-- Data for table `cft_sections_i18n`
--

INSERT INTO `cft_sections_i18n` (`id`, `sectionId`, `locale`, `enabledByDefault`, `urlFormat`, `nestedUrlFormat`, `dateCreated`, `dateUpdated`, `uid`) VALUES
 ('1', '1', 'en_au', '1', '__home__', NULL, '2017-12-11 21:39:25', '2017-12-11 21:39:25', '8f4f0636-3baf-4c2c-97cd-ab31af4f9b15'),
 ('6', '6', 'en_au', '1', '{siteUrl}about-us/', NULL, '2018-01-11 04:08:53', '2018-01-23 02:02:59', '5e569eae-95f4-460b-9440-91ca150887fc'),
 ('7', '7', 'en_au', '1', '{siteUrl}contact-us/', NULL, '2018-01-11 04:09:13', '2018-01-23 02:02:28', '063369c1-bc75-4ead-866d-5a5ea696d5a7'),
 ('8', '8', 'en_au', '1', '{siteUrl}microchip-registry-search/', NULL, '2018-01-11 04:09:40', '2018-01-23 02:02:19', 'e2b578a7-0924-4212-be73-19f62fba37b6'),
 ('11', '11', 'en_au', '1', '{siteUrl}private-policy/', NULL, '2018-01-11 04:19:32', '2018-01-23 02:01:26', '55f3750e-adf4-4e3d-be98-b5c302c34f8c'),
 ('12', '12', 'en_au', '1', '{siteUrl}product-list/', NULL, '2018-01-11 04:20:57', '2018-01-23 01:56:23', '98d85c0f-4745-40d1-8922-659a550a2dbd'),
 ('13', '13', 'en_au', '1', 'check-out/{slug}', '{parent.uri}/{slug}', '2018-01-11 04:27:18', '2018-01-11 04:27:18', '1892b43d-e8e8-49fd-86f7-5e5f8b41c560'),
 ('15', '15', 'en_au', '1', '{siteUrl}registration', NULL, '2018-01-24 01:16:15', '2018-01-24 01:16:45', 'ed77058e-092c-433d-bef4-5fee9eb3aabd');



DROP TABLE IF EXISTS `cft_seomatic_meta`;


--
-- Schema for table `cft_seomatic_meta`
--
CREATE TABLE `cft_seomatic_meta` (
  `id` int(11) NOT NULL,
  `seoImageId` int(11) DEFAULT NULL,
  `seoTwitterImageId` int(11) DEFAULT NULL,
  `seoFacebookImageId` int(11) DEFAULT NULL,
  `locale` varchar(255) COLLATE utf8_unicode_ci DEFAULT 'en_au',
  `elementId` int(11) DEFAULT '0',
  `metaType` enum('default','template') COLLATE utf8_unicode_ci DEFAULT 'template',
  `metaPath` varchar(255) COLLATE utf8_unicode_ci DEFAULT '',
  `seoMainEntityCategory` varchar(255) COLLATE utf8_unicode_ci DEFAULT '',
  `seoMainEntityOfPage` varchar(255) COLLATE utf8_unicode_ci DEFAULT '',
  `seoTitle` varchar(255) COLLATE utf8_unicode_ci DEFAULT '',
  `seoDescription` varchar(255) COLLATE utf8_unicode_ci DEFAULT '',
  `seoKeywords` varchar(255) COLLATE utf8_unicode_ci DEFAULT '',
  `seoImageTransform` varchar(255) COLLATE utf8_unicode_ci DEFAULT '',
  `seoFacebookImageTransform` varchar(255) COLLATE utf8_unicode_ci DEFAULT '',
  `seoTwitterImageTransform` varchar(255) COLLATE utf8_unicode_ci DEFAULT '',
  `twitterCardType` varchar(255) COLLATE utf8_unicode_ci DEFAULT 'summary',
  `openGraphType` varchar(255) COLLATE utf8_unicode_ci DEFAULT 'website',
  `robots` varchar(255) COLLATE utf8_unicode_ci DEFAULT '',
  `dateCreated` datetime NOT NULL,
  `dateUpdated` datetime NOT NULL,
  `uid` char(36) COLLATE utf8_unicode_ci NOT NULL DEFAULT '0',
  PRIMARY KEY (`id`),
  KEY `cft_seomatic_meta_seoImageId_fk` (`seoImageId`),
  KEY `cft_seomatic_meta_seoTwitterImageId_fk` (`seoTwitterImageId`),
  KEY `cft_seomatic_meta_seoFacebookImageId_fk` (`seoFacebookImageId`)
) ENGINE=InnoDB DEFAULT CHARSET=utf8 COLLATE=utf8_unicode_ci;

DROP TABLE IF EXISTS `cft_seomatic_settings`;


--
-- Schema for table `cft_seomatic_settings`
--
CREATE TABLE `cft_seomatic_settings` (
  `id` int(11) NOT NULL AUTO_INCREMENT,
  `siteSeoImageId` int(11) DEFAULT NULL,
  `siteSeoTwitterImageId` int(11) DEFAULT NULL,
  `siteSeoFacebookImageId` int(11) DEFAULT NULL,
  `genericOwnerImageId` int(11) DEFAULT NULL,
  `genericCreatorImageId` int(11) DEFAULT NULL,
  `locale` varchar(255) COLLATE utf8_unicode_ci DEFAULT '',
  `siteSeoName` varchar(255) COLLATE utf8_unicode_ci DEFAULT '',
  `siteSeoTitle` varchar(255) COLLATE utf8_unicode_ci DEFAULT '',
  `siteSeoTitleSeparator` varchar(10) COLLATE utf8_unicode_ci DEFAULT '|',
  `siteSeoTitlePlacement` enum('before','after','none') COLLATE utf8_unicode_ci DEFAULT 'after',
  `siteSeoDescription` varchar(255) COLLATE utf8_unicode_ci DEFAULT '',
  `siteSeoKeywords` varchar(255) COLLATE utf8_unicode_ci DEFAULT '',
  `siteSeoImageTransform` varchar(100) COLLATE utf8_unicode_ci DEFAULT '',
  `siteSeoFacebookImageTransform` varchar(100) COLLATE utf8_unicode_ci DEFAULT '',
  `siteSeoTwitterImageTransform` varchar(100) COLLATE utf8_unicode_ci DEFAULT '',
  `siteTwitterCardType` varchar(50) COLLATE utf8_unicode_ci DEFAULT '',
  `siteOpenGraphType` varchar(50) COLLATE utf8_unicode_ci DEFAULT '',
  `siteRobots` varchar(50) COLLATE utf8_unicode_ci DEFAULT '',
  `siteRobotsTxt` text COLLATE utf8_unicode_ci,
  `siteLinksSearchTargets` text COLLATE utf8_unicode_ci,
  `siteLinksQueryInput` varchar(50) COLLATE utf8_unicode_ci DEFAULT '',
  `googleSiteVerification` varchar(100) COLLATE utf8_unicode_ci DEFAULT '',
  `bingSiteVerification` varchar(100) COLLATE utf8_unicode_ci DEFAULT '',
  `googleAnalyticsUID` varchar(50) COLLATE utf8_unicode_ci DEFAULT '',
  `googleTagManagerID` varchar(50) COLLATE utf8_unicode_ci DEFAULT '',
  `googleAnalyticsSendPageview` tinyint(1) unsigned NOT NULL DEFAULT '1',
  `googleAnalyticsAdvertising` tinyint(1) unsigned NOT NULL DEFAULT '0',
  `googleAnalyticsEcommerce` tinyint(1) unsigned NOT NULL DEFAULT '0',
  `googleAnalyticsEEcommerce` tinyint(1) unsigned NOT NULL DEFAULT '0',
  `googleAnalyticsLinkAttribution` tinyint(1) unsigned NOT NULL DEFAULT '0',
  `googleAnalyticsLinker` tinyint(1) unsigned NOT NULL DEFAULT '0',
  `googleAnalyticsAnonymizeIp` tinyint(1) unsigned NOT NULL DEFAULT '0',
  `siteOwnerType` varchar(50) COLLATE utf8_unicode_ci DEFAULT '',
  `siteOwnerSubType` varchar(50) COLLATE utf8_unicode_ci DEFAULT '',
  `siteOwnerSpecificType` varchar(50) COLLATE utf8_unicode_ci DEFAULT '',
  `genericOwnerName` varchar(255) COLLATE utf8_unicode_ci DEFAULT '',
  `genericOwnerAlternateName` varchar(255) COLLATE utf8_unicode_ci DEFAULT '',
  `genericOwnerDescription` varchar(1024) COLLATE utf8_unicode_ci DEFAULT '',
  `genericOwnerUrl` varchar(255) COLLATE utf8_unicode_ci DEFAULT '',
  `genericOwnerTelephone` varchar(255) COLLATE utf8_unicode_ci DEFAULT '',
  `genericOwnerEmail` varchar(255) COLLATE utf8_unicode_ci DEFAULT '',
  `genericOwnerStreetAddress` varchar(255) COLLATE utf8_unicode_ci DEFAULT '',
  `genericOwnerAddressLocality` varchar(255) COLLATE utf8_unicode_ci DEFAULT '',
  `genericOwnerAddressRegion` varchar(255) COLLATE utf8_unicode_ci DEFAULT '',
  `genericOwnerPostalCode` varchar(255) COLLATE utf8_unicode_ci DEFAULT '',
  `genericOwnerAddressCountry` varchar(255) COLLATE utf8_unicode_ci DEFAULT '',
  `genericOwnerGeoLatitude` varchar(255) COLLATE utf8_unicode_ci DEFAULT '',
  `genericOwnerGeoLongitude` varchar(255) COLLATE utf8_unicode_ci DEFAULT '',
  `organizationOwnerDuns` varchar(255) COLLATE utf8_unicode_ci DEFAULT '',
  `organizationOwnerFounder` varchar(255) COLLATE utf8_unicode_ci DEFAULT '',
  `organizationOwnerFoundingDate` varchar(255) COLLATE utf8_unicode_ci DEFAULT '',
  `organizationOwnerFoundingLocation` varchar(255) COLLATE utf8_unicode_ci DEFAULT '',
  `organizationOwnerContactPoints` text COLLATE utf8_unicode_ci,
  `localBusinessPriceRange` varchar(10) COLLATE utf8_unicode_ci DEFAULT '$$$',
  `localBusinessOwnerOpeningHours` text COLLATE utf8_unicode_ci,
  `corporationOwnerTickerSymbol` varchar(255) COLLATE utf8_unicode_ci DEFAULT '',
  `restaurantOwnerServesCuisine` varchar(255) COLLATE utf8_unicode_ci DEFAULT '',
  `restaurantOwnerMenuUrl` varchar(255) COLLATE utf8_unicode_ci DEFAULT '',
  `restaurantOwnerReservationsUrl` varchar(255) COLLATE utf8_unicode_ci DEFAULT '',
  `personOwnerGender` varchar(255) COLLATE utf8_unicode_ci DEFAULT '',
  `personOwnerBirthPlace` varchar(255) COLLATE utf8_unicode_ci DEFAULT '',
  `twitterHandle` varchar(50) COLLATE utf8_unicode_ci DEFAULT '',
  `facebookHandle` varchar(50) COLLATE utf8_unicode_ci DEFAULT '',
  `facebookProfileId` varchar(50) COLLATE utf8_unicode_ci DEFAULT '',
  `facebookAppId` varchar(50) COLLATE utf8_unicode_ci DEFAULT '',
  `linkedInHandle` varchar(50) COLLATE utf8_unicode_ci DEFAULT '',
  `googlePlusHandle` varchar(50) COLLATE utf8_unicode_ci DEFAULT '',
  `youtubeHandle` varchar(50) COLLATE utf8_unicode_ci DEFAULT '',
  `youtubeChannelHandle` varchar(50) COLLATE utf8_unicode_ci DEFAULT '',
  `instagramHandle` varchar(50) COLLATE utf8_unicode_ci DEFAULT '',
  `pinterestHandle` varchar(50) COLLATE utf8_unicode_ci DEFAULT '',
  `githubHandle` varchar(50) COLLATE utf8_unicode_ci DEFAULT '',
  `vimeoHandle` varchar(50) COLLATE utf8_unicode_ci DEFAULT '',
  `wikipediaUrl` varchar(100) COLLATE utf8_unicode_ci DEFAULT '',
  `siteCreatorType` varchar(255) COLLATE utf8_unicode_ci DEFAULT '',
  `siteCreatorSubType` varchar(255) COLLATE utf8_unicode_ci DEFAULT '',
  `siteCreatorSpecificType` varchar(255) COLLATE utf8_unicode_ci DEFAULT '',
  `genericCreatorName` varchar(255) COLLATE utf8_unicode_ci DEFAULT '',
  `genericCreatorAlternateName` varchar(255) COLLATE utf8_unicode_ci DEFAULT '',
  `genericCreatorDescription` varchar(1024) COLLATE utf8_unicode_ci DEFAULT '',
  `genericCreatorUrl` varchar(255) COLLATE utf8_unicode_ci DEFAULT '',
  `genericCreatorTelephone` varchar(255) COLLATE utf8_unicode_ci DEFAULT '',
  `genericCreatorEmail` varchar(255) COLLATE utf8_unicode_ci DEFAULT '',
  `genericCreatorStreetAddress` varchar(255) COLLATE utf8_unicode_ci DEFAULT '',
  `genericCreatorAddressLocality` varchar(255) COLLATE utf8_unicode_ci DEFAULT '',
  `genericCreatorAddressRegion` varchar(255) COLLATE utf8_unicode_ci DEFAULT '',
  `genericCreatorPostalCode` varchar(255) COLLATE utf8_unicode_ci DEFAULT '',
  `genericCreatorAddressCountry` varchar(255) COLLATE utf8_unicode_ci DEFAULT '',
  `genericCreatorGeoLatitude` varchar(255) COLLATE utf8_unicode_ci DEFAULT '',
  `genericCreatorGeoLongitude` varchar(255) COLLATE utf8_unicode_ci DEFAULT '',
  `organizationCreatorDuns` varchar(255) COLLATE utf8_unicode_ci DEFAULT '',
  `organizationCreatorFounder` varchar(255) COLLATE utf8_unicode_ci DEFAULT '',
  `organizationCreatorFoundingDate` varchar(255) COLLATE utf8_unicode_ci DEFAULT '',
  `organizationCreatorFoundingLocation` varchar(255) COLLATE utf8_unicode_ci DEFAULT '',
  `organizationCreatorContactPoints` text COLLATE utf8_unicode_ci,
  `localBusinessCreatorOpeningHours` text COLLATE utf8_unicode_ci,
  `corporationCreatorTickerSymbol` varchar(255) COLLATE utf8_unicode_ci DEFAULT '',
  `restaurantCreatorServesCuisine` varchar(255) COLLATE utf8_unicode_ci DEFAULT '',
  `restaurantCreatorMenuUrl` varchar(255) COLLATE utf8_unicode_ci DEFAULT '',
  `restaurantCreatorReservationsUrl` varchar(255) COLLATE utf8_unicode_ci DEFAULT '',
  `personCreatorGender` varchar(255) COLLATE utf8_unicode_ci DEFAULT '',
  `personCreatorBirthPlace` varchar(255) COLLATE utf8_unicode_ci DEFAULT '',
  `genericCreatorHumansTxt` text COLLATE utf8_unicode_ci,
  `dateCreated` datetime NOT NULL,
  `dateUpdated` datetime NOT NULL,
  `uid` char(36) COLLATE utf8_unicode_ci NOT NULL DEFAULT '0',
  PRIMARY KEY (`id`),
  KEY `cft_seomatic_settings_siteSeoImageId_fk` (`siteSeoImageId`),
  KEY `cft_seomatic_settings_siteSeoTwitterImageId_fk` (`siteSeoTwitterImageId`),
  KEY `cft_seomatic_settings_siteSeoFacebookImageId_fk` (`siteSeoFacebookImageId`),
  KEY `cft_seomatic_settings_genericOwnerImageId_fk` (`genericOwnerImageId`),
  KEY `cft_seomatic_settings_genericCreatorImageId_fk` (`genericCreatorImageId`)
) ENGINE=InnoDB AUTO_INCREMENT=2 DEFAULT CHARSET=utf8 COLLATE=utf8_unicode_ci;

--
-- Data for table `cft_seomatic_settings`
--

INSERT INTO `cft_seomatic_settings` (`id`, `siteSeoImageId`, `siteSeoTwitterImageId`, `siteSeoFacebookImageId`, `genericOwnerImageId`, `genericCreatorImageId`, `locale`, `siteSeoName`, `siteSeoTitle`, `siteSeoTitleSeparator`, `siteSeoTitlePlacement`, `siteSeoDescription`, `siteSeoKeywords`, `siteSeoImageTransform`, `siteSeoFacebookImageTransform`, `siteSeoTwitterImageTransform`, `siteTwitterCardType`, `siteOpenGraphType`, `siteRobots`, `siteRobotsTxt`, `siteLinksSearchTargets`, `siteLinksQueryInput`, `googleSiteVerification`, `bingSiteVerification`, `googleAnalyticsUID`, `googleTagManagerID`, `googleAnalyticsSendPageview`, `googleAnalyticsAdvertising`, `googleAnalyticsEcommerce`, `googleAnalyticsEEcommerce`, `googleAnalyticsLinkAttribution`, `googleAnalyticsLinker`, `googleAnalyticsAnonymizeIp`, `siteOwnerType`, `siteOwnerSubType`, `siteOwnerSpecificType`, `genericOwnerName`, `genericOwnerAlternateName`, `genericOwnerDescription`, `genericOwnerUrl`, `genericOwnerTelephone`, `genericOwnerEmail`, `genericOwnerStreetAddress`, `genericOwnerAddressLocality`, `genericOwnerAddressRegion`, `genericOwnerPostalCode`, `genericOwnerAddressCountry`, `genericOwnerGeoLatitude`, `genericOwnerGeoLongitude`, `organizationOwnerDuns`, `organizationOwnerFounder`, `organizationOwnerFoundingDate`, `organizationOwnerFoundingLocation`, `organizationOwnerContactPoints`, `localBusinessPriceRange`, `localBusinessOwnerOpeningHours`, `corporationOwnerTickerSymbol`, `restaurantOwnerServesCuisine`, `restaurantOwnerMenuUrl`, `restaurantOwnerReservationsUrl`, `personOwnerGender`, `personOwnerBirthPlace`, `twitterHandle`, `facebookHandle`, `facebookProfileId`, `facebookAppId`, `linkedInHandle`, `googlePlusHandle`, `youtubeHandle`, `youtubeChannelHandle`, `instagramHandle`, `pinterestHandle`, `githubHandle`, `vimeoHandle`, `wikipediaUrl`, `siteCreatorType`, `siteCreatorSubType`, `siteCreatorSpecificType`, `genericCreatorName`, `genericCreatorAlternateName`, `genericCreatorDescription`, `genericCreatorUrl`, `genericCreatorTelephone`, `genericCreatorEmail`, `genericCreatorStreetAddress`, `genericCreatorAddressLocality`, `genericCreatorAddressRegion`, `genericCreatorPostalCode`, `genericCreatorAddressCountry`, `genericCreatorGeoLatitude`, `genericCreatorGeoLongitude`, `organizationCreatorDuns`, `organizationCreatorFounder`, `organizationCreatorFoundingDate`, `organizationCreatorFoundingLocation`, `organizationCreatorContactPoints`, `localBusinessCreatorOpeningHours`, `corporationCreatorTickerSymbol`, `restaurantCreatorServesCuisine`, `restaurantCreatorMenuUrl`, `restaurantCreatorReservationsUrl`, `personCreatorGender`, `personCreatorBirthPlace`, `genericCreatorHumansTxt`, `dateCreated`, `dateUpdated`, `uid`) VALUES
 ('1', NULL, NULL, NULL, NULL, NULL, 'en_au', 'craft', 'This is the default global title of the site pages.', '|', 'after', 'This is the default global natural language description of the content on the site pages.', 'default,global,comma-separated,keywords', '', '', '', 'summary', 'website', '', '# robots.txt for {{ siteUrl }}\r\n# For a multi-environment setup, see: https://nystudio107.com/blog/prevent-google-from-indexing-staging-sites\r\n\r\nSitemap: {{ siteUrl |trim(\'/\') }}/sitemap.xml\r\n\r\n{% if craft.config.devMode %}\r\n# devMode - disallow all\r\n\r\nUser-agent: *\r\nDisallow: /\r\n{% else %}\r\n# Live - Don\'t allow web crawlers to index Craft\r\n\r\nUser-agent: *\r\nDisallow: /craft/\r\n{% endif %}', '[]', '', '', '', '', '', '1', '0', '0', '0', '0', '0', '0', 'Organization', 'Corporation', '', 'craft', '', '', 'http://craft.test/', '', '', '', '', '', '', '', '', '', '', '', '', '', '', '$$$', '', '', '', '', '', '', '', '', '', '', '', '', '', '', '', '', '', '', '', '', 'Organization', 'Corporation', '', '', '', '', '', '', '', '', '', '', '', '', '', '', '', '', '', '', '', '', '', '', '', '', '', '', '/* TEAM */\n\n{% if seomaticCreator.name is defined and seomaticCreator.name %}\nCreator: {{ seomaticCreator.name }}\n{% endif %}\n{% if seomaticCreator.url is defined and seomaticCreator.url %}\nURL: {{ seomaticCreator.url }}\n{% endif %}\n{% if seomaticCreator.description is defined and seomaticCreator.description %}\nDescription: {{ seomaticCreator.description }}\n{% endif %}\n\n/* THANKS */\n\nPixel & Tonic - https://pixelandtonic.com\n\n/* SITE */\n\nStandards: HTML5, CSS3\nComponents: Craft CMS, Yii, PHP, Javascript, SEOmatic', '2017-12-13 05:44:51', '2017-12-13 05:44:55', 'ee001d9b-23ef-46f2-b07a-64a67ff4f4ff');



DROP TABLE IF EXISTS `cft_sessions`;


--
-- Schema for table `cft_sessions`
--
CREATE TABLE `cft_sessions` (
  `id` int(11) NOT NULL AUTO_INCREMENT,
  `userId` int(11) NOT NULL,
  `token` char(100) COLLATE utf8_unicode_ci NOT NULL,
  `dateCreated` datetime NOT NULL,
  `dateUpdated` datetime NOT NULL,
  `uid` char(36) COLLATE utf8_unicode_ci NOT NULL DEFAULT '0',
  PRIMARY KEY (`id`),
  KEY `cft_sessions_uid_idx` (`uid`),
  KEY `cft_sessions_token_idx` (`token`),
  KEY `cft_sessions_dateUpdated_idx` (`dateUpdated`),
  KEY `cft_sessions_userId_fk` (`userId`)
) ENGINE=InnoDB AUTO_INCREMENT=2 DEFAULT CHARSET=utf8 COLLATE=utf8_unicode_ci;

--
-- Data for table `cft_sessions`
--

INSERT INTO `cft_sessions` (`id`, `userId`, `token`, `dateCreated`, `dateUpdated`, `uid`) VALUES
 ('1', '1', '44e8a3dfc226ff471f1bf96029f1265033c508b2czozMjoiX1c4V1UxWEFwNl9BMmhkUkZGdk5sQmtOUlhIR2RmYlciOw==', '2018-01-21 23:20:06', '2018-01-21 23:20:06', 'd684df89-9135-4787-a54c-f586c3a79a33');



DROP TABLE IF EXISTS `cft_shunnedmessages`;


--
-- Schema for table `cft_shunnedmessages`
--
CREATE TABLE `cft_shunnedmessages` (
  `id` int(11) NOT NULL AUTO_INCREMENT,
  `userId` int(11) NOT NULL,
  `message` varchar(255) COLLATE utf8_unicode_ci NOT NULL,
  `expiryDate` datetime DEFAULT NULL,
  `dateCreated` datetime NOT NULL,
  `dateUpdated` datetime NOT NULL,
  `uid` char(36) COLLATE utf8_unicode_ci NOT NULL DEFAULT '0',
  PRIMARY KEY (`id`),
  UNIQUE KEY `cft_shunnedmessages_userId_message_unq_idx` (`userId`,`message`)
) ENGINE=InnoDB DEFAULT CHARSET=utf8 COLLATE=utf8_unicode_ci;

DROP TABLE IF EXISTS `cft_structureelements`;


--
-- Schema for table `cft_structureelements`
--
CREATE TABLE `cft_structureelements` (
  `id` int(11) NOT NULL AUTO_INCREMENT,
  `structureId` int(11) NOT NULL,
  `elementId` int(11) DEFAULT NULL,
  `root` int(11) unsigned DEFAULT NULL,
  `lft` int(11) unsigned NOT NULL,
  `rgt` int(11) unsigned NOT NULL,
  `level` smallint(6) unsigned NOT NULL,
  `dateCreated` datetime NOT NULL,
  `dateUpdated` datetime NOT NULL,
  `uid` char(36) COLLATE utf8_unicode_ci NOT NULL DEFAULT '0',
  PRIMARY KEY (`id`),
  UNIQUE KEY `cft_structureelements_structureId_elementId_unq_idx` (`structureId`,`elementId`),
  KEY `cft_structureelements_root_idx` (`root`),
  KEY `cft_structureelements_lft_idx` (`lft`),
  KEY `cft_structureelements_rgt_idx` (`rgt`),
  KEY `cft_structureelements_level_idx` (`level`),
  KEY `cft_structureelements_elementId_fk` (`elementId`)
) ENGINE=InnoDB AUTO_INCREMENT=9 DEFAULT CHARSET=utf8 COLLATE=utf8_unicode_ci;

--
-- Data for table `cft_structureelements`
--

INSERT INTO `cft_structureelements` (`id`, `structureId`, `elementId`, `root`, `lft`, `rgt`, `level`, `dateCreated`, `dateUpdated`, `uid`) VALUES
 ('1', '5', NULL, '1', '1', '16', '0', '2018-01-16 23:15:20', '2018-01-16 23:15:20', 'bb231663-e51b-452d-8a7e-589c23fab263'),
 ('2', '5', '35', '1', '2', '9', '1', '2018-01-16 23:15:20', '2018-01-16 23:15:20', 'cc776a0a-c931-4e3c-bd03-2f52e67d4875'),
 ('3', '5', '36', '1', '3', '4', '2', '2018-01-16 23:16:08', '2018-01-16 23:16:08', 'ebcc6f0f-7bf7-41df-93ec-1d906d5f33b8'),
 ('4', '5', '37', '1', '5', '6', '2', '2018-01-16 23:16:35', '2018-01-16 23:16:35', 'a0d6d105-63bd-40a3-b91f-0eb70cc821d5'),
 ('5', '5', '38', '1', '7', '8', '2', '2018-01-16 23:16:48', '2018-01-16 23:16:48', 'b10bdc58-b4b4-49f9-9f3b-1d4643d94260'),
 ('6', '5', '39', '1', '10', '15', '1', '2018-01-17 00:48:30', '2018-01-17 00:48:30', '7f7e0748-a7f1-48c0-b719-b62bf8aec222'),
 ('7', '5', '40', '1', '11', '12', '2', '2018-01-17 00:48:40', '2018-01-17 00:48:40', '81edacdb-c96f-41be-a742-8f3506f02c2b'),
 ('8', '5', '41', '1', '13', '14', '2', '2018-01-17 00:48:51', '2018-01-17 00:48:51', '9fe34873-1e86-4740-bf14-d6378e74483b');



DROP TABLE IF EXISTS `cft_structures`;


--
-- Schema for table `cft_structures`
--
CREATE TABLE `cft_structures` (
  `id` int(11) NOT NULL AUTO_INCREMENT,
  `maxLevels` smallint(6) unsigned DEFAULT NULL,
  `dateCreated` datetime NOT NULL,
  `dateUpdated` datetime NOT NULL,
  `uid` char(36) COLLATE utf8_unicode_ci NOT NULL DEFAULT '0',
  PRIMARY KEY (`id`)
) ENGINE=InnoDB AUTO_INCREMENT=7 DEFAULT CHARSET=utf8 COLLATE=utf8_unicode_ci;

--
-- Data for table `cft_structures`
--

INSERT INTO `cft_structures` (`id`, `maxLevels`, `dateCreated`, `dateUpdated`, `uid`) VALUES
 ('3', NULL, '2018-01-11 04:27:18', '2018-01-11 04:27:18', 'd228435c-6599-41cb-9b28-e2cc005ff276'),
 ('4', NULL, '2018-01-11 04:45:07', '2018-01-11 04:45:07', 'd703584d-5743-4254-9693-c72e8d79e78b'),
 ('5', NULL, '2018-01-16 04:24:38', '2018-01-16 04:24:38', '062ba344-904a-4831-9d94-71abdc3ea194'),
 ('6', NULL, '2018-01-23 22:10:25', '2018-01-23 22:10:25', '1056867e-c9d5-484d-bba9-bc075b16a2af');



DROP TABLE IF EXISTS `cft_systemsettings`;


--
-- Schema for table `cft_systemsettings`
--
CREATE TABLE `cft_systemsettings` (
  `id` int(11) NOT NULL AUTO_INCREMENT,
  `category` varchar(15) COLLATE utf8_unicode_ci NOT NULL,
  `settings` text COLLATE utf8_unicode_ci,
  `dateCreated` datetime NOT NULL,
  `dateUpdated` datetime NOT NULL,
  `uid` char(36) COLLATE utf8_unicode_ci NOT NULL DEFAULT '0',
  PRIMARY KEY (`id`),
  UNIQUE KEY `cft_systemsettings_category_unq_idx` (`category`)
) ENGINE=InnoDB AUTO_INCREMENT=3 DEFAULT CHARSET=utf8 COLLATE=utf8_unicode_ci;

--
-- Data for table `cft_systemsettings`
--

INSERT INTO `cft_systemsettings` (`id`, `category`, `settings`, `dateCreated`, `dateUpdated`, `uid`) VALUES
 ('1', 'email', '{\"template\":\"\",\"protocol\":\"gmail\",\"emailAddress\":\"developer@marketinggroup.com.au\",\"senderName\":\"Craft\",\"host\":\"smtp.gmail.com\",\"smtpAuth\":1,\"smtpSecureTransportType\":\"ssl\",\"username\":\"huangxiaotiankit405@gmail.com\",\"password\":\"jAUnting12345\",\"port\":\"465\",\"timeout\":\"30\"}', '2017-12-11 21:39:25', '2018-02-13 04:09:12', 'dd709dce-239d-4eff-90a3-4bb5d10fbeea'),
 ('2', 'users', '{\"requireEmailVerification\":0,\"allowPublicRegistration\":1,\"defaultGroup\":\"1\"}', '2018-02-14 00:17:19', '2018-02-14 00:28:28', '47ccdf85-f349-4820-9f33-30e51811534a');



DROP TABLE IF EXISTS `cft_taggroups`;


--
-- Schema for table `cft_taggroups`
--
CREATE TABLE `cft_taggroups` (
  `id` int(11) NOT NULL AUTO_INCREMENT,
  `name` varchar(255) COLLATE utf8_unicode_ci NOT NULL,
  `handle` varchar(255) COLLATE utf8_unicode_ci NOT NULL,
  `fieldLayoutId` int(11) DEFAULT NULL,
  `dateCreated` datetime NOT NULL,
  `dateUpdated` datetime NOT NULL,
  `uid` char(36) COLLATE utf8_unicode_ci NOT NULL DEFAULT '0',
  PRIMARY KEY (`id`),
  UNIQUE KEY `cft_taggroups_name_unq_idx` (`name`),
  UNIQUE KEY `cft_taggroups_handle_unq_idx` (`handle`),
  KEY `cft_taggroups_fieldLayoutId_fk` (`fieldLayoutId`)
) ENGINE=InnoDB AUTO_INCREMENT=2 DEFAULT CHARSET=utf8 COLLATE=utf8_unicode_ci;

--
-- Data for table `cft_taggroups`
--

INSERT INTO `cft_taggroups` (`id`, `name`, `handle`, `fieldLayoutId`, `dateCreated`, `dateUpdated`, `uid`) VALUES
 ('1', 'Default', 'default', '1', '2017-12-11 21:39:25', '2017-12-11 21:39:25', 'cb23fdd8-d949-483e-b545-77334492b4e9');



DROP TABLE IF EXISTS `cft_tags`;


--
-- Schema for table `cft_tags`
--
CREATE TABLE `cft_tags` (
  `id` int(11) NOT NULL,
  `groupId` int(11) NOT NULL,
  `dateCreated` datetime NOT NULL,
  `dateUpdated` datetime NOT NULL,
  `uid` char(36) COLLATE utf8_unicode_ci NOT NULL DEFAULT '0',
  PRIMARY KEY (`id`),
  KEY `cft_tags_groupId_fk` (`groupId`)
) ENGINE=InnoDB DEFAULT CHARSET=utf8 COLLATE=utf8_unicode_ci;

--
-- Data for table `cft_tags`
--

INSERT INTO `cft_tags` (`id`, `groupId`, `dateCreated`, `dateUpdated`, `uid`) VALUES
 ('5', '1', '2017-12-12 00:40:21', '2017-12-12 00:40:21', '3be571d6-e9bd-4ea4-8b6e-af14435459c5'),
 ('27', '1', '2018-01-11 05:03:59', '2018-01-11 05:03:59', 'ce337205-c575-4fca-844b-7854087fe0dd'),
 ('28', '1', '2018-01-11 05:04:28', '2018-01-11 05:04:28', '21770354-dc74-49f6-9387-e507e8148978'),
 ('34', '1', '2018-01-15 02:34:39', '2018-01-15 02:34:50', 'b781c125-efd6-441c-a200-25634443f3cc');



DROP TABLE IF EXISTS `cft_tasks`;


--
-- Schema for table `cft_tasks`
--
CREATE TABLE `cft_tasks` (
  `id` int(11) NOT NULL AUTO_INCREMENT,
  `root` int(11) unsigned DEFAULT NULL,
  `lft` int(11) unsigned NOT NULL,
  `rgt` int(11) unsigned NOT NULL,
  `level` smallint(6) unsigned NOT NULL,
  `currentStep` int(11) unsigned DEFAULT NULL,
  `totalSteps` int(11) unsigned DEFAULT NULL,
  `status` enum('pending','error','running') COLLATE utf8_unicode_ci DEFAULT NULL,
  `type` varchar(150) COLLATE utf8_unicode_ci NOT NULL,
  `description` varchar(255) COLLATE utf8_unicode_ci DEFAULT NULL,
  `settings` mediumtext COLLATE utf8_unicode_ci,
  `dateCreated` datetime NOT NULL,
  `dateUpdated` datetime NOT NULL,
  `uid` char(36) COLLATE utf8_unicode_ci NOT NULL DEFAULT '0',
  PRIMARY KEY (`id`),
  KEY `cft_tasks_root_idx` (`root`),
  KEY `cft_tasks_lft_idx` (`lft`),
  KEY `cft_tasks_rgt_idx` (`rgt`),
  KEY `cft_tasks_level_idx` (`level`)
) ENGINE=InnoDB AUTO_INCREMENT=27 DEFAULT CHARSET=utf8 COLLATE=utf8_unicode_ci;

DROP TABLE IF EXISTS `cft_templatecachecriteria`;


--
-- Schema for table `cft_templatecachecriteria`
--
CREATE TABLE `cft_templatecachecriteria` (
  `id` int(11) NOT NULL AUTO_INCREMENT,
  `cacheId` int(11) NOT NULL,
  `type` varchar(150) COLLATE utf8_unicode_ci NOT NULL,
  `criteria` text COLLATE utf8_unicode_ci NOT NULL,
  PRIMARY KEY (`id`),
  KEY `cft_templatecachecriteria_cacheId_fk` (`cacheId`),
  KEY `cft_templatecachecriteria_type_idx` (`type`)
) ENGINE=InnoDB DEFAULT CHARSET=utf8 COLLATE=utf8_unicode_ci;

DROP TABLE IF EXISTS `cft_templatecacheelements`;


--
-- Schema for table `cft_templatecacheelements`
--
CREATE TABLE `cft_templatecacheelements` (
  `cacheId` int(11) NOT NULL,
  `elementId` int(11) NOT NULL,
  KEY `cft_templatecacheelements_cacheId_fk` (`cacheId`),
  KEY `cft_templatecacheelements_elementId_fk` (`elementId`)
) ENGINE=InnoDB DEFAULT CHARSET=utf8 COLLATE=utf8_unicode_ci;

DROP TABLE IF EXISTS `cft_templatecaches`;


--
-- Schema for table `cft_templatecaches`
--
CREATE TABLE `cft_templatecaches` (
  `id` int(11) NOT NULL AUTO_INCREMENT,
  `cacheKey` varchar(255) COLLATE utf8_unicode_ci NOT NULL,
  `locale` char(12) COLLATE utf8_unicode_ci NOT NULL,
  `path` varchar(255) COLLATE utf8_unicode_ci DEFAULT NULL,
  `expiryDate` datetime NOT NULL,
  `body` mediumtext COLLATE utf8_unicode_ci NOT NULL,
  PRIMARY KEY (`id`),
  KEY `cft_templatecaches_cacheKey_locale_expiryDate_path_idx` (`cacheKey`,`locale`,`expiryDate`,`path`),
  KEY `cft_templatecaches_cacheKey_locale_expiryDate_idx` (`cacheKey`,`locale`,`expiryDate`),
  KEY `cft_templatecaches_locale_fk` (`locale`)
) ENGINE=InnoDB DEFAULT CHARSET=utf8 COLLATE=utf8_unicode_ci;

DROP TABLE IF EXISTS `cft_tokens`;


--
-- Schema for table `cft_tokens`
--
CREATE TABLE `cft_tokens` (
  `id` int(11) NOT NULL AUTO_INCREMENT,
  `token` char(32) COLLATE utf8_unicode_ci NOT NULL,
  `route` text COLLATE utf8_unicode_ci,
  `usageLimit` tinyint(3) unsigned DEFAULT NULL,
  `usageCount` tinyint(3) unsigned DEFAULT NULL,
  `expiryDate` datetime NOT NULL,
  `dateCreated` datetime NOT NULL,
  `dateUpdated` datetime NOT NULL,
  `uid` char(36) COLLATE utf8_unicode_ci NOT NULL DEFAULT '0',
  PRIMARY KEY (`id`),
  UNIQUE KEY `cft_tokens_token_unq_idx` (`token`),
  KEY `cft_tokens_expiryDate_idx` (`expiryDate`)
) ENGINE=InnoDB DEFAULT CHARSET=utf8 COLLATE=utf8_unicode_ci;

DROP TABLE IF EXISTS `cft_usergroups`;


--
-- Schema for table `cft_usergroups`
--
CREATE TABLE `cft_usergroups` (
  `id` int(11) NOT NULL AUTO_INCREMENT,
  `name` varchar(255) COLLATE utf8_unicode_ci NOT NULL,
  `handle` varchar(255) COLLATE utf8_unicode_ci NOT NULL,
  `dateCreated` datetime NOT NULL,
  `dateUpdated` datetime NOT NULL,
  `uid` char(36) COLLATE utf8_unicode_ci NOT NULL DEFAULT '0',
  PRIMARY KEY (`id`),
  UNIQUE KEY `cft_usergroups_name_unq_idx` (`name`),
  UNIQUE KEY `cft_usergroups_handle_unq_idx` (`handle`)
) ENGINE=InnoDB AUTO_INCREMENT=2 DEFAULT CHARSET=utf8 COLLATE=utf8_unicode_ci;

--
-- Data for table `cft_usergroups`
--

INSERT INTO `cft_usergroups` (`id`, `name`, `handle`, `dateCreated`, `dateUpdated`, `uid`) VALUES
 ('1', 'Customer', 'customer', '2018-02-13 03:41:14', '2018-02-14 00:28:37', 'bbcc50a8-fcef-4315-a29b-20ee009f77b1');



DROP TABLE IF EXISTS `cft_usergroups_users`;


--
-- Schema for table `cft_usergroups_users`
--
CREATE TABLE `cft_usergroups_users` (
  `id` int(11) NOT NULL AUTO_INCREMENT,
  `groupId` int(11) NOT NULL,
  `userId` int(11) NOT NULL,
  `dateCreated` datetime NOT NULL,
  `dateUpdated` datetime NOT NULL,
  `uid` char(36) COLLATE utf8_unicode_ci NOT NULL DEFAULT '0',
  PRIMARY KEY (`id`),
  UNIQUE KEY `cft_usergroups_users_groupId_userId_unq_idx` (`groupId`,`userId`),
  KEY `cft_usergroups_users_userId_fk` (`userId`)
) ENGINE=InnoDB AUTO_INCREMENT=6 DEFAULT CHARSET=utf8 COLLATE=utf8_unicode_ci;

--
-- Data for table `cft_usergroups_users`
--

INSERT INTO `cft_usergroups_users` (`id`, `groupId`, `userId`, `dateCreated`, `dateUpdated`, `uid`) VALUES
 ('3', '1', '69', '2018-02-13 03:49:14', '2018-02-13 03:49:14', '673a06dc-a22d-45b6-ba09-fd5d3996c1e2'),
 ('5', '1', '74', '2018-02-14 00:29:42', '2018-02-14 00:29:42', 'df86ac71-0350-4dfe-a1eb-3540643a32c7');



DROP TABLE IF EXISTS `cft_userpermissions`;


--
-- Schema for table `cft_userpermissions`
--
CREATE TABLE `cft_userpermissions` (
  `id` int(11) NOT NULL AUTO_INCREMENT,
  `name` varchar(255) COLLATE utf8_unicode_ci NOT NULL,
  `dateCreated` datetime NOT NULL,
  `dateUpdated` datetime NOT NULL,
  `uid` char(36) COLLATE utf8_unicode_ci NOT NULL DEFAULT '0',
  PRIMARY KEY (`id`),
  UNIQUE KEY `cft_userpermissions_name_unq_idx` (`name`)
) ENGINE=InnoDB DEFAULT CHARSET=utf8 COLLATE=utf8_unicode_ci;

DROP TABLE IF EXISTS `cft_userpermissions_usergroups`;


--
-- Schema for table `cft_userpermissions_usergroups`
--
CREATE TABLE `cft_userpermissions_usergroups` (
  `id` int(11) NOT NULL AUTO_INCREMENT,
  `permissionId` int(11) NOT NULL,
  `groupId` int(11) NOT NULL,
  `dateCreated` datetime NOT NULL,
  `dateUpdated` datetime NOT NULL,
  `uid` char(36) COLLATE utf8_unicode_ci NOT NULL DEFAULT '0',
  PRIMARY KEY (`id`),
  UNIQUE KEY `cft_userpermissions_usergroups_permissionId_groupId_unq_idx` (`permissionId`,`groupId`),
  KEY `cft_userpermissions_usergroups_groupId_fk` (`groupId`)
) ENGINE=InnoDB DEFAULT CHARSET=utf8 COLLATE=utf8_unicode_ci;

DROP TABLE IF EXISTS `cft_userpermissions_users`;


--
-- Schema for table `cft_userpermissions_users`
--
CREATE TABLE `cft_userpermissions_users` (
  `id` int(11) NOT NULL AUTO_INCREMENT,
  `permissionId` int(11) NOT NULL,
  `userId` int(11) NOT NULL,
  `dateCreated` datetime NOT NULL,
  `dateUpdated` datetime NOT NULL,
  `uid` char(36) COLLATE utf8_unicode_ci NOT NULL DEFAULT '0',
  PRIMARY KEY (`id`),
  UNIQUE KEY `cft_userpermissions_users_permissionId_userId_unq_idx` (`permissionId`,`userId`),
  KEY `cft_userpermissions_users_userId_fk` (`userId`)
) ENGINE=InnoDB DEFAULT CHARSET=utf8 COLLATE=utf8_unicode_ci;

DROP TABLE IF EXISTS `cft_users`;


--
-- Schema for table `cft_users`
--
CREATE TABLE `cft_users` (
  `id` int(11) NOT NULL,
  `username` varchar(100) COLLATE utf8_unicode_ci NOT NULL,
  `photo` varchar(100) COLLATE utf8_unicode_ci DEFAULT NULL,
  `firstName` varchar(100) COLLATE utf8_unicode_ci DEFAULT NULL,
  `lastName` varchar(100) COLLATE utf8_unicode_ci DEFAULT NULL,
  `email` varchar(255) COLLATE utf8_unicode_ci NOT NULL,
  `password` char(255) COLLATE utf8_unicode_ci DEFAULT NULL,
  `preferredLocale` char(12) COLLATE utf8_unicode_ci DEFAULT NULL,
  `weekStartDay` tinyint(1) unsigned NOT NULL DEFAULT '0',
  `admin` tinyint(1) unsigned NOT NULL DEFAULT '0',
  `client` tinyint(1) unsigned NOT NULL DEFAULT '0',
  `locked` tinyint(1) unsigned NOT NULL DEFAULT '0',
  `suspended` tinyint(1) unsigned NOT NULL DEFAULT '0',
  `pending` tinyint(1) unsigned NOT NULL DEFAULT '0',
  `archived` tinyint(1) unsigned NOT NULL DEFAULT '0',
  `lastLoginDate` datetime DEFAULT NULL,
  `lastLoginAttemptIPAddress` varchar(45) COLLATE utf8_unicode_ci DEFAULT NULL,
  `invalidLoginWindowStart` datetime DEFAULT NULL,
  `invalidLoginCount` tinyint(4) unsigned DEFAULT NULL,
  `lastInvalidLoginDate` datetime DEFAULT NULL,
  `lockoutDate` datetime DEFAULT NULL,
  `verificationCode` char(100) COLLATE utf8_unicode_ci DEFAULT NULL,
  `verificationCodeIssuedDate` datetime DEFAULT NULL,
  `unverifiedEmail` varchar(255) COLLATE utf8_unicode_ci DEFAULT NULL,
  `passwordResetRequired` tinyint(1) unsigned NOT NULL DEFAULT '0',
  `lastPasswordChangeDate` datetime DEFAULT NULL,
  `dateCreated` datetime NOT NULL,
  `dateUpdated` datetime NOT NULL,
  `uid` char(36) COLLATE utf8_unicode_ci NOT NULL DEFAULT '0',
  PRIMARY KEY (`id`),
  UNIQUE KEY `cft_users_username_unq_idx` (`username`),
  UNIQUE KEY `cft_users_email_unq_idx` (`email`),
  KEY `cft_users_verificationCode_idx` (`verificationCode`),
  KEY `cft_users_uid_idx` (`uid`),
  KEY `cft_users_preferredLocale_fk` (`preferredLocale`)
) ENGINE=InnoDB DEFAULT CHARSET=utf8 COLLATE=utf8_unicode_ci;

--
-- Data for table `cft_users`
--

INSERT INTO `cft_users` (`id`, `username`, `photo`, `firstName`, `lastName`, `email`, `password`, `preferredLocale`, `weekStartDay`, `admin`, `client`, `locked`, `suspended`, `pending`, `archived`, `lastLoginDate`, `lastLoginAttemptIPAddress`, `invalidLoginWindowStart`, `invalidLoginCount`, `lastInvalidLoginDate`, `lockoutDate`, `verificationCode`, `verificationCodeIssuedDate`, `unverifiedEmail`, `passwordResetRequired`, `lastPasswordChangeDate`, `dateCreated`, `dateUpdated`, `uid`) VALUES
 ('1', 'developer', NULL, '', '', 'developer@marketinggroup.com.au', '$2y$13$vmazpx5W7W.XhQbewZEeKuJ4VqHnZhULe/1O87EJ07rtR86QSHMDK', NULL, '0', '1', '0', '0', '0', '0', '0', '2018-02-14 03:35:00', '127.0.0.1', NULL, NULL, NULL, NULL, NULL, NULL, NULL, '0', '2017-12-11 21:39:24', '2017-12-11 21:39:24', '2018-02-14 03:35:00', '223f004c-5c4f-407a-9c93-92553e677dbb'),
 ('69', 'animalTuckerBox', NULL, 'Animal', 'TucherBox', 'huangxiaotian1300@gmail.com', '$2y$13$yj1J.vIOhhgh1e57Hw87y.wTYmjamN5ACVtphwoGcAHj4WDGUBS82', NULL, '0', '0', '0', '0', '0', '0', '0', '2018-02-13 03:49:25', '127.0.0.1', NULL, NULL, NULL, NULL, NULL, NULL, NULL, '0', '2018-02-13 04:10:03', '2018-02-13 03:38:47', '2018-02-13 04:10:03', 'cb3df311-ace9-46e9-b3a6-bbd67d7ea823'),
 ('74', 'Freda', NULL, NULL, NULL, 'fengjingshu100@gmail.com', '$2y$13$uGXINo.tf7oi0.hbjF52pOU0RI.a4MKwFTAOpBFwu9chooml6FzSS', NULL, '0', '0', '0', '0', '0', '0', '0', '2018-02-14 00:29:42', '127.0.0.1', NULL, NULL, NULL, NULL, NULL, NULL, NULL, '0', '2018-02-14 00:29:42', '2018-02-14 00:29:42', '2018-02-14 00:29:42', '0bbf3863-aabe-45d6-bcc0-3fc74c68e085');



DROP TABLE IF EXISTS `cft_widgets`;


--
-- Schema for table `cft_widgets`
--
CREATE TABLE `cft_widgets` (
  `id` int(11) NOT NULL AUTO_INCREMENT,
  `userId` int(11) NOT NULL,
  `type` varchar(150) COLLATE utf8_unicode_ci NOT NULL,
  `sortOrder` smallint(6) unsigned DEFAULT NULL,
  `colspan` tinyint(4) unsigned DEFAULT NULL,
  `settings` text COLLATE utf8_unicode_ci,
  `enabled` tinyint(1) unsigned NOT NULL DEFAULT '1',
  `dateCreated` datetime NOT NULL,
  `dateUpdated` datetime NOT NULL,
  `uid` char(36) COLLATE utf8_unicode_ci NOT NULL DEFAULT '0',
  PRIMARY KEY (`id`),
  KEY `cft_widgets_userId_fk` (`userId`)
) ENGINE=InnoDB AUTO_INCREMENT=6 DEFAULT CHARSET=utf8 COLLATE=utf8_unicode_ci;

--
-- Data for table `cft_widgets`
--

INSERT INTO `cft_widgets` (`id`, `userId`, `type`, `sortOrder`, `colspan`, `settings`, `enabled`, `dateCreated`, `dateUpdated`, `uid`) VALUES
 ('1', '1', 'RecentEntries', '2', '1', NULL, '1', '2017-12-11 21:39:27', '2017-12-11 23:43:17', '8c99e2b9-aa44-4978-8a26-1673a1251b5b'),
 ('2', '1', 'GetHelp', '3', '1', NULL, '1', '2017-12-11 21:39:27', '2017-12-11 23:43:17', 'ed7fc4b7-df7b-45e9-a647-737797e855f5'),
 ('3', '1', 'Updates', '4', '5', NULL, '1', '2017-12-11 21:39:27', '2017-12-11 23:43:17', 'd1555d22-873f-443e-a520-ca3e4e6e1e5b'),
 ('4', '1', 'Feed', '5', '5', '{\"url\":\"https:\\/\\/craftcms.com\\/news\",\"title\":\"craft news\",\"limit\":\"5\"}', '0', '2017-12-11 21:39:27', '2017-12-11 23:43:24', 'c7558d64-a390-4c82-b6a4-3b5ed2ca514e'),
 ('5', '1', 'Feed', '1', NULL, '{\"url\":\"http:\\/\\/feeds.feedburner.com\\/blogandtonic\",\"title\":\"craft news\",\"limit\":\"5\"}', '1', '2017-12-11 23:40:39', '2017-12-11 23:43:17', '58567090-5e9a-48a0-9dc5-2491949077a3');


--
-- Constraints for tables
--


--
-- Constraints for table `cft_assetfiles`
--
ALTER TABLE `cft_assetfiles`
	ADD CONSTRAINT `cft_assetfiles_folderId_fk` FOREIGN KEY (`folderId`) REFERENCES `cft_assetfolders` (`id`) ON DELETE CASCADE,
	ADD CONSTRAINT `cft_assetfiles_id_fk` FOREIGN KEY (`id`) REFERENCES `cft_elements` (`id`) ON DELETE CASCADE,
	ADD CONSTRAINT `cft_assetfiles_sourceId_fk` FOREIGN KEY (`sourceId`) REFERENCES `cft_assetsources` (`id`) ON DELETE CASCADE;

--
-- Constraints for table `cft_assetfolders`
--
ALTER TABLE `cft_assetfolders`
	ADD CONSTRAINT `cft_assetfolders_parentId_fk` FOREIGN KEY (`parentId`) REFERENCES `cft_assetfolders` (`id`) ON DELETE CASCADE,
	ADD CONSTRAINT `cft_assetfolders_sourceId_fk` FOREIGN KEY (`sourceId`) REFERENCES `cft_assetsources` (`id`) ON DELETE CASCADE;

--
-- Constraints for table `cft_assetindexdata`
--
ALTER TABLE `cft_assetindexdata`
	ADD CONSTRAINT `cft_assetindexdata_sourceId_fk` FOREIGN KEY (`sourceId`) REFERENCES `cft_assetsources` (`id`) ON DELETE CASCADE;

--
-- Constraints for table `cft_assetsources`
--
ALTER TABLE `cft_assetsources`
	ADD CONSTRAINT `cft_assetsources_fieldLayoutId_fk` FOREIGN KEY (`fieldLayoutId`) REFERENCES `cft_fieldlayouts` (`id`) ON DELETE SET NULL;

--
-- Constraints for table `cft_categories`
--
ALTER TABLE `cft_categories`
	ADD CONSTRAINT `cft_categories_groupId_fk` FOREIGN KEY (`groupId`) REFERENCES `cft_categorygroups` (`id`) ON DELETE CASCADE,
	ADD CONSTRAINT `cft_categories_id_fk` FOREIGN KEY (`id`) REFERENCES `cft_elements` (`id`) ON DELETE CASCADE;

--
-- Constraints for table `cft_categorygroups`
--
ALTER TABLE `cft_categorygroups`
	ADD CONSTRAINT `cft_categorygroups_fieldLayoutId_fk` FOREIGN KEY (`fieldLayoutId`) REFERENCES `cft_fieldlayouts` (`id`) ON DELETE SET NULL,
	ADD CONSTRAINT `cft_categorygroups_structureId_fk` FOREIGN KEY (`structureId`) REFERENCES `cft_structures` (`id`) ON DELETE CASCADE;

--
-- Constraints for table `cft_categorygroups_i18n`
--
ALTER TABLE `cft_categorygroups_i18n`
	ADD CONSTRAINT `cft_categorygroups_i18n_groupId_fk` FOREIGN KEY (`groupId`) REFERENCES `cft_categorygroups` (`id`) ON DELETE CASCADE,
	ADD CONSTRAINT `cft_categorygroups_i18n_locale_fk` FOREIGN KEY (`locale`) REFERENCES `cft_locales` (`locale`) ON DELETE CASCADE ON UPDATE CASCADE;

--
-- Constraints for table `cft_commerce_addresses`
--
ALTER TABLE `cft_commerce_addresses`
	ADD CONSTRAINT `cft_commerce_addresses_countryId_fk` FOREIGN KEY (`countryId`) REFERENCES `cft_commerce_countries` (`id`) ON DELETE SET NULL,
	ADD CONSTRAINT `cft_commerce_addresses_stateId_fk` FOREIGN KEY (`stateId`) REFERENCES `cft_commerce_states` (`id`) ON DELETE SET NULL;

--
-- Constraints for table `cft_commerce_customer_discountuses`
--
ALTER TABLE `cft_commerce_customer_discountuses`
	ADD CONSTRAINT `cft_commerce_customer_discountuses_customerId_fk` FOREIGN KEY (`customerId`) REFERENCES `cft_commerce_customers` (`id`) ON DELETE CASCADE ON UPDATE CASCADE,
	ADD CONSTRAINT `cft_commerce_customer_discountuses_discountId_fk` FOREIGN KEY (`discountId`) REFERENCES `cft_commerce_discounts` (`id`) ON DELETE CASCADE ON UPDATE CASCADE;

--
-- Constraints for table `cft_commerce_customers`
--
ALTER TABLE `cft_commerce_customers`
	ADD CONSTRAINT `cft_commerce_customers_userId_fk` FOREIGN KEY (`userId`) REFERENCES `cft_users` (`id`) ON DELETE SET NULL;

--
-- Constraints for table `cft_commerce_customers_addresses`
--
ALTER TABLE `cft_commerce_customers_addresses`
	ADD CONSTRAINT `cft_commerce_customers_addresses_addressId_fk` FOREIGN KEY (`addressId`) REFERENCES `cft_commerce_addresses` (`id`) ON DELETE CASCADE ON UPDATE CASCADE,
	ADD CONSTRAINT `cft_commerce_customers_addresses_customerId_fk` FOREIGN KEY (`customerId`) REFERENCES `cft_commerce_customers` (`id`) ON DELETE CASCADE ON UPDATE CASCADE;

--
-- Constraints for table `cft_commerce_discount_products`
--
ALTER TABLE `cft_commerce_discount_products`
	ADD CONSTRAINT `cft_commerce_discount_products_discountId_fk` FOREIGN KEY (`discountId`) REFERENCES `cft_commerce_discounts` (`id`) ON DELETE CASCADE ON UPDATE CASCADE,
	ADD CONSTRAINT `cft_commerce_discount_products_productId_fk` FOREIGN KEY (`productId`) REFERENCES `cft_commerce_products` (`id`) ON DELETE CASCADE ON UPDATE CASCADE;

--
-- Constraints for table `cft_commerce_discount_producttypes`
--
ALTER TABLE `cft_commerce_discount_producttypes`
	ADD CONSTRAINT `cft_commerce_discount_producttypes_discountId_fk` FOREIGN KEY (`discountId`) REFERENCES `cft_commerce_discounts` (`id`) ON DELETE CASCADE ON UPDATE CASCADE,
	ADD CONSTRAINT `cft_commerce_discount_producttypes_productTypeId_fk` FOREIGN KEY (`productTypeId`) REFERENCES `cft_commerce_producttypes` (`id`) ON DELETE CASCADE ON UPDATE CASCADE;

--
-- Constraints for table `cft_commerce_discount_usergroups`
--
ALTER TABLE `cft_commerce_discount_usergroups`
	ADD CONSTRAINT `cft_commerce_discount_usergroups_discountId_fk` FOREIGN KEY (`discountId`) REFERENCES `cft_commerce_discounts` (`id`) ON DELETE CASCADE ON UPDATE CASCADE,
	ADD CONSTRAINT `cft_commerce_discount_usergroups_userGroupId_fk` FOREIGN KEY (`userGroupId`) REFERENCES `cft_usergroups` (`id`) ON DELETE CASCADE ON UPDATE CASCADE;

--
-- Constraints for table `cft_commerce_lineitems`
--
ALTER TABLE `cft_commerce_lineitems`
	ADD CONSTRAINT `cft_commerce_lineitems_orderId_fk` FOREIGN KEY (`orderId`) REFERENCES `cft_commerce_orders` (`id`) ON DELETE CASCADE,
	ADD CONSTRAINT `cft_commerce_lineitems_purchasableId_fk` FOREIGN KEY (`purchasableId`) REFERENCES `cft_elements` (`id`) ON DELETE SET NULL ON UPDATE CASCADE,
	ADD CONSTRAINT `cft_commerce_lineitems_shippingCategoryId_fk` FOREIGN KEY (`shippingCategoryId`) REFERENCES `cft_commerce_shippingcategories` (`id`) ON UPDATE CASCADE,
	ADD CONSTRAINT `cft_commerce_lineitems_taxCategoryId_fk` FOREIGN KEY (`taxCategoryId`) REFERENCES `cft_commerce_taxcategories` (`id`) ON UPDATE CASCADE;

--
-- Constraints for table `cft_commerce_orderadjustments`
--
ALTER TABLE `cft_commerce_orderadjustments`
	ADD CONSTRAINT `cft_commerce_orderadjustments_orderId_fk` FOREIGN KEY (`orderId`) REFERENCES `cft_commerce_orders` (`id`) ON DELETE CASCADE;

--
-- Constraints for table `cft_commerce_orderhistories`
--
ALTER TABLE `cft_commerce_orderhistories`
	ADD CONSTRAINT `cft_commerce_orderhistories_customerId_fk` FOREIGN KEY (`customerId`) REFERENCES `cft_commerce_customers` (`id`) ON DELETE CASCADE ON UPDATE CASCADE,
	ADD CONSTRAINT `cft_commerce_orderhistories_newStatusId_fk` FOREIGN KEY (`newStatusId`) REFERENCES `cft_commerce_orderstatuses` (`id`) ON UPDATE CASCADE,
	ADD CONSTRAINT `cft_commerce_orderhistories_orderId_fk` FOREIGN KEY (`orderId`) REFERENCES `cft_commerce_orders` (`id`) ON DELETE CASCADE ON UPDATE CASCADE,
	ADD CONSTRAINT `cft_commerce_orderhistories_prevStatusId_fk` FOREIGN KEY (`prevStatusId`) REFERENCES `cft_commerce_orderstatuses` (`id`) ON UPDATE CASCADE;

--
-- Constraints for table `cft_commerce_orders`
--
ALTER TABLE `cft_commerce_orders`
	ADD CONSTRAINT `cft_commerce_orders_billingAddressId_fk` FOREIGN KEY (`billingAddressId`) REFERENCES `cft_commerce_addresses` (`id`) ON DELETE SET NULL,
	ADD CONSTRAINT `cft_commerce_orders_customerId_fk` FOREIGN KEY (`customerId`) REFERENCES `cft_commerce_customers` (`id`) ON DELETE SET NULL,
	ADD CONSTRAINT `cft_commerce_orders_id_fk` FOREIGN KEY (`id`) REFERENCES `cft_elements` (`id`) ON DELETE CASCADE,
	ADD CONSTRAINT `cft_commerce_orders_orderStatusId_fk` FOREIGN KEY (`orderStatusId`) REFERENCES `cft_commerce_orderstatuses` (`id`) ON UPDATE CASCADE,
	ADD CONSTRAINT `cft_commerce_orders_paymentMethodId_fk` FOREIGN KEY (`paymentMethodId`) REFERENCES `cft_commerce_paymentmethods` (`id`) ON DELETE SET NULL,
	ADD CONSTRAINT `cft_commerce_orders_shippingAddressId_fk` FOREIGN KEY (`shippingAddressId`) REFERENCES `cft_commerce_addresses` (`id`) ON DELETE SET NULL;

--
-- Constraints for table `cft_commerce_ordersettings`
--
ALTER TABLE `cft_commerce_ordersettings`
	ADD CONSTRAINT `cft_commerce_ordersettings_fieldLayoutId_fk` FOREIGN KEY (`fieldLayoutId`) REFERENCES `cft_fieldlayouts` (`id`) ON DELETE SET NULL;

--
-- Constraints for table `cft_commerce_orderstatus_emails`
--
ALTER TABLE `cft_commerce_orderstatus_emails`
	ADD CONSTRAINT `cft_commerce_orderstatus_emails_emailId_fk` FOREIGN KEY (`emailId`) REFERENCES `cft_commerce_emails` (`id`) ON DELETE CASCADE ON UPDATE CASCADE,
	ADD CONSTRAINT `cft_commerce_orderstatus_emails_orderStatusId_fk` FOREIGN KEY (`orderStatusId`) REFERENCES `cft_commerce_orderstatuses` (`id`) ON DELETE CASCADE ON UPDATE CASCADE;

--
-- Constraints for table `cft_commerce_products`
--
ALTER TABLE `cft_commerce_products`
	ADD CONSTRAINT `cft_commerce_products_id_fk` FOREIGN KEY (`id`) REFERENCES `cft_elements` (`id`) ON DELETE CASCADE,
	ADD CONSTRAINT `cft_commerce_products_shippingCategoryId_fk` FOREIGN KEY (`shippingCategoryId`) REFERENCES `cft_commerce_shippingcategories` (`id`),
	ADD CONSTRAINT `cft_commerce_products_taxCategoryId_fk` FOREIGN KEY (`taxCategoryId`) REFERENCES `cft_commerce_taxcategories` (`id`),
	ADD CONSTRAINT `cft_commerce_products_typeId_fk` FOREIGN KEY (`typeId`) REFERENCES `cft_commerce_producttypes` (`id`) ON DELETE CASCADE;

--
-- Constraints for table `cft_commerce_producttypes`
--
ALTER TABLE `cft_commerce_producttypes`
	ADD CONSTRAINT `cft_commerce_producttypes_fieldLayoutId_fk` FOREIGN KEY (`fieldLayoutId`) REFERENCES `cft_fieldlayouts` (`id`) ON DELETE SET NULL,
	ADD CONSTRAINT `cft_commerce_producttypes_variantFieldLayoutId_fk` FOREIGN KEY (`variantFieldLayoutId`) REFERENCES `cft_fieldlayouts` (`id`) ON DELETE SET NULL;

--
-- Constraints for table `cft_commerce_producttypes_i18n`
--
ALTER TABLE `cft_commerce_producttypes_i18n`
	ADD CONSTRAINT `cft_commerce_producttypes_i18n_locale_fk` FOREIGN KEY (`locale`) REFERENCES `cft_locales` (`locale`) ON DELETE CASCADE ON UPDATE CASCADE,
	ADD CONSTRAINT `cft_commerce_producttypes_i18n_productTypeId_fk` FOREIGN KEY (`productTypeId`) REFERENCES `cft_commerce_producttypes` (`id`) ON DELETE CASCADE;

--
-- Constraints for table `cft_commerce_producttypes_shippingcategories`
--
ALTER TABLE `cft_commerce_producttypes_shippingcategories`
	ADD CONSTRAINT `cft_commerce_producttypes_shippingcategorie_shippingCategoryI_fk` FOREIGN KEY (`shippingCategoryId`) REFERENCES `cft_commerce_shippingcategories` (`id`) ON DELETE CASCADE ON UPDATE CASCADE,
	ADD CONSTRAINT `cft_commerce_producttypes_shippingcategories_productTypeId_fk` FOREIGN KEY (`productTypeId`) REFERENCES `cft_commerce_producttypes` (`id`) ON DELETE CASCADE ON UPDATE CASCADE;

--
-- Constraints for table `cft_commerce_producttypes_taxcategories`
--
ALTER TABLE `cft_commerce_producttypes_taxcategories`
	ADD CONSTRAINT `cft_commerce_producttypes_taxcategories_productTypeId_fk` FOREIGN KEY (`productTypeId`) REFERENCES `cft_commerce_producttypes` (`id`) ON DELETE CASCADE,
	ADD CONSTRAINT `cft_commerce_producttypes_taxcategories_taxCategoryId_fk` FOREIGN KEY (`taxCategoryId`) REFERENCES `cft_commerce_taxcategories` (`id`) ON DELETE CASCADE;

--
-- Constraints for table `cft_commerce_purchasables`
--
ALTER TABLE `cft_commerce_purchasables`
	ADD CONSTRAINT `cft_commerce_purchasables_id_fk` FOREIGN KEY (`id`) REFERENCES `cft_elements` (`id`) ON DELETE CASCADE;

--
-- Constraints for table `cft_commerce_sale_products`
--
ALTER TABLE `cft_commerce_sale_products`
	ADD CONSTRAINT `cft_commerce_sale_products_productId_fk` FOREIGN KEY (`productId`) REFERENCES `cft_commerce_products` (`id`) ON DELETE CASCADE ON UPDATE CASCADE,
	ADD CONSTRAINT `cft_commerce_sale_products_saleId_fk` FOREIGN KEY (`saleId`) REFERENCES `cft_commerce_sales` (`id`) ON DELETE CASCADE ON UPDATE CASCADE;

--
-- Constraints for table `cft_commerce_sale_producttypes`
--
ALTER TABLE `cft_commerce_sale_producttypes`
	ADD CONSTRAINT `cft_commerce_sale_producttypes_productTypeId_fk` FOREIGN KEY (`productTypeId`) REFERENCES `cft_commerce_producttypes` (`id`) ON DELETE CASCADE ON UPDATE CASCADE,
	ADD CONSTRAINT `cft_commerce_sale_producttypes_saleId_fk` FOREIGN KEY (`saleId`) REFERENCES `cft_commerce_sales` (`id`) ON DELETE CASCADE ON UPDATE CASCADE;

--
-- Constraints for table `cft_commerce_sale_usergroups`
--
ALTER TABLE `cft_commerce_sale_usergroups`
	ADD CONSTRAINT `cft_commerce_sale_usergroups_saleId_fk` FOREIGN KEY (`saleId`) REFERENCES `cft_commerce_sales` (`id`) ON DELETE CASCADE ON UPDATE CASCADE,
	ADD CONSTRAINT `cft_commerce_sale_usergroups_userGroupId_fk` FOREIGN KEY (`userGroupId`) REFERENCES `cft_usergroups` (`id`) ON DELETE CASCADE ON UPDATE CASCADE;

--
-- Constraints for table `cft_commerce_shippingrule_categories`
--
ALTER TABLE `cft_commerce_shippingrule_categories`
	ADD CONSTRAINT `cft_commerce_shippingrule_categories_shippingCategoryId_fk` FOREIGN KEY (`shippingCategoryId`) REFERENCES `cft_commerce_shippingcategories` (`id`) ON DELETE CASCADE,
	ADD CONSTRAINT `cft_commerce_shippingrule_categories_shippingRuleId_fk` FOREIGN KEY (`shippingRuleId`) REFERENCES `cft_commerce_shippingrules` (`id`) ON DELETE CASCADE;

--
-- Constraints for table `cft_commerce_shippingrules`
--
ALTER TABLE `cft_commerce_shippingrules`
	ADD CONSTRAINT `cft_commerce_shippingrules_methodId_fk` FOREIGN KEY (`methodId`) REFERENCES `cft_commerce_shippingmethods` (`id`),
	ADD CONSTRAINT `cft_commerce_shippingrules_shippingZoneId_fk` FOREIGN KEY (`shippingZoneId`) REFERENCES `cft_commerce_shippingzones` (`id`) ON DELETE SET NULL;

--
-- Constraints for table `cft_commerce_shippingzone_countries`
--
ALTER TABLE `cft_commerce_shippingzone_countries`
	ADD CONSTRAINT `cft_commerce_shippingzone_countries_countryId_fk` FOREIGN KEY (`countryId`) REFERENCES `cft_commerce_countries` (`id`) ON DELETE CASCADE ON UPDATE CASCADE,
	ADD CONSTRAINT `cft_commerce_shippingzone_countries_shippingZoneId_fk` FOREIGN KEY (`shippingZoneId`) REFERENCES `cft_commerce_shippingzones` (`id`) ON DELETE CASCADE ON UPDATE CASCADE;

--
-- Constraints for table `cft_commerce_shippingzone_states`
--
ALTER TABLE `cft_commerce_shippingzone_states`
	ADD CONSTRAINT `cft_commerce_shippingzone_states_shippingZoneId_fk` FOREIGN KEY (`shippingZoneId`) REFERENCES `cft_commerce_shippingzones` (`id`) ON DELETE CASCADE ON UPDATE CASCADE,
	ADD CONSTRAINT `cft_commerce_shippingzone_states_stateId_fk` FOREIGN KEY (`stateId`) REFERENCES `cft_commerce_states` (`id`) ON DELETE CASCADE ON UPDATE CASCADE;

--
-- Constraints for table `cft_commerce_states`
--
ALTER TABLE `cft_commerce_states`
	ADD CONSTRAINT `cft_commerce_states_countryId_fk` FOREIGN KEY (`countryId`) REFERENCES `cft_commerce_countries` (`id`) ON DELETE CASCADE ON UPDATE CASCADE;

--
-- Constraints for table `cft_commerce_taxrates`
--
ALTER TABLE `cft_commerce_taxrates`
	ADD CONSTRAINT `cft_commerce_taxrates_taxCategoryId_fk` FOREIGN KEY (`taxCategoryId`) REFERENCES `cft_commerce_taxcategories` (`id`) ON UPDATE CASCADE,
	ADD CONSTRAINT `cft_commerce_taxrates_taxZoneId_fk` FOREIGN KEY (`taxZoneId`) REFERENCES `cft_commerce_taxzones` (`id`) ON UPDATE CASCADE;

--
-- Constraints for table `cft_commerce_taxzone_countries`
--
ALTER TABLE `cft_commerce_taxzone_countries`
	ADD CONSTRAINT `cft_commerce_taxzone_countries_countryId_fk` FOREIGN KEY (`countryId`) REFERENCES `cft_commerce_countries` (`id`) ON DELETE CASCADE ON UPDATE CASCADE,
	ADD CONSTRAINT `cft_commerce_taxzone_countries_taxZoneId_fk` FOREIGN KEY (`taxZoneId`) REFERENCES `cft_commerce_taxzones` (`id`) ON DELETE CASCADE ON UPDATE CASCADE;

--
-- Constraints for table `cft_commerce_taxzone_states`
--
ALTER TABLE `cft_commerce_taxzone_states`
	ADD CONSTRAINT `cft_commerce_taxzone_states_stateId_fk` FOREIGN KEY (`stateId`) REFERENCES `cft_commerce_states` (`id`) ON DELETE CASCADE ON UPDATE CASCADE,
	ADD CONSTRAINT `cft_commerce_taxzone_states_taxZoneId_fk` FOREIGN KEY (`taxZoneId`) REFERENCES `cft_commerce_taxzones` (`id`) ON DELETE CASCADE ON UPDATE CASCADE;

--
-- Constraints for table `cft_commerce_transactions`
--
ALTER TABLE `cft_commerce_transactions`
	ADD CONSTRAINT `cft_commerce_transactions_orderId_fk` FOREIGN KEY (`orderId`) REFERENCES `cft_commerce_orders` (`id`) ON DELETE CASCADE,
	ADD CONSTRAINT `cft_commerce_transactions_parentId_fk` FOREIGN KEY (`parentId`) REFERENCES `cft_commerce_transactions` (`id`) ON DELETE CASCADE ON UPDATE CASCADE,
	ADD CONSTRAINT `cft_commerce_transactions_paymentMethodId_fk` FOREIGN KEY (`paymentMethodId`) REFERENCES `cft_commerce_paymentmethods` (`id`) ON UPDATE CASCADE,
	ADD CONSTRAINT `cft_commerce_transactions_userId_fk` FOREIGN KEY (`userId`) REFERENCES `cft_users` (`id`) ON DELETE SET NULL;

--
-- Constraints for table `cft_commerce_variants`
--
ALTER TABLE `cft_commerce_variants`
	ADD CONSTRAINT `cft_commerce_variants_id_fk` FOREIGN KEY (`id`) REFERENCES `cft_elements` (`id`) ON DELETE CASCADE,
	ADD CONSTRAINT `cft_commerce_variants_productId_fk` FOREIGN KEY (`productId`) REFERENCES `cft_commerce_products` (`id`) ON DELETE SET NULL ON UPDATE CASCADE;

--
-- Constraints for table `cft_content`
--
ALTER TABLE `cft_content`
	ADD CONSTRAINT `cft_content_elementId_fk` FOREIGN KEY (`elementId`) REFERENCES `cft_elements` (`id`) ON DELETE CASCADE,
	ADD CONSTRAINT `cft_content_locale_fk` FOREIGN KEY (`locale`) REFERENCES `cft_locales` (`locale`) ON DELETE CASCADE ON UPDATE CASCADE;

--
-- Constraints for table `cft_elements_i18n`
--
ALTER TABLE `cft_elements_i18n`
	ADD CONSTRAINT `cft_elements_i18n_elementId_fk` FOREIGN KEY (`elementId`) REFERENCES `cft_elements` (`id`) ON DELETE CASCADE,
	ADD CONSTRAINT `cft_elements_i18n_locale_fk` FOREIGN KEY (`locale`) REFERENCES `cft_locales` (`locale`) ON DELETE CASCADE ON UPDATE CASCADE;

--
-- Constraints for table `cft_emailmessages`
--
ALTER TABLE `cft_emailmessages`
	ADD CONSTRAINT `cft_emailmessages_locale_fk` FOREIGN KEY (`locale`) REFERENCES `cft_locales` (`locale`) ON DELETE CASCADE ON UPDATE CASCADE;

--
-- Constraints for table `cft_entries`
--
ALTER TABLE `cft_entries`
	ADD CONSTRAINT `cft_entries_authorId_fk` FOREIGN KEY (`authorId`) REFERENCES `cft_users` (`id`) ON DELETE CASCADE,
	ADD CONSTRAINT `cft_entries_id_fk` FOREIGN KEY (`id`) REFERENCES `cft_elements` (`id`) ON DELETE CASCADE,
	ADD CONSTRAINT `cft_entries_sectionId_fk` FOREIGN KEY (`sectionId`) REFERENCES `cft_sections` (`id`) ON DELETE CASCADE,
	ADD CONSTRAINT `cft_entries_typeId_fk` FOREIGN KEY (`typeId`) REFERENCES `cft_entrytypes` (`id`) ON DELETE CASCADE;

--
-- Constraints for table `cft_entrydrafts`
--
ALTER TABLE `cft_entrydrafts`
	ADD CONSTRAINT `cft_entrydrafts_creatorId_fk` FOREIGN KEY (`creatorId`) REFERENCES `cft_users` (`id`) ON DELETE CASCADE,
	ADD CONSTRAINT `cft_entrydrafts_entryId_fk` FOREIGN KEY (`entryId`) REFERENCES `cft_entries` (`id`) ON DELETE CASCADE,
	ADD CONSTRAINT `cft_entrydrafts_locale_fk` FOREIGN KEY (`locale`) REFERENCES `cft_locales` (`locale`) ON DELETE CASCADE ON UPDATE CASCADE,
	ADD CONSTRAINT `cft_entrydrafts_sectionId_fk` FOREIGN KEY (`sectionId`) REFERENCES `cft_sections` (`id`) ON DELETE CASCADE;

--
-- Constraints for table `cft_entrytypes`
--
ALTER TABLE `cft_entrytypes`
	ADD CONSTRAINT `cft_entrytypes_fieldLayoutId_fk` FOREIGN KEY (`fieldLayoutId`) REFERENCES `cft_fieldlayouts` (`id`) ON DELETE SET NULL,
	ADD CONSTRAINT `cft_entrytypes_sectionId_fk` FOREIGN KEY (`sectionId`) REFERENCES `cft_sections` (`id`) ON DELETE CASCADE;

--
-- Constraints for table `cft_entryversions`
--
ALTER TABLE `cft_entryversions`
	ADD CONSTRAINT `cft_entryversions_creatorId_fk` FOREIGN KEY (`creatorId`) REFERENCES `cft_users` (`id`) ON DELETE SET NULL,
	ADD CONSTRAINT `cft_entryversions_entryId_fk` FOREIGN KEY (`entryId`) REFERENCES `cft_entries` (`id`) ON DELETE CASCADE,
	ADD CONSTRAINT `cft_entryversions_locale_fk` FOREIGN KEY (`locale`) REFERENCES `cft_locales` (`locale`) ON DELETE CASCADE ON UPDATE CASCADE,
	ADD CONSTRAINT `cft_entryversions_sectionId_fk` FOREIGN KEY (`sectionId`) REFERENCES `cft_sections` (`id`) ON DELETE CASCADE;

--
-- Constraints for table `cft_fieldlayoutfields`
--
ALTER TABLE `cft_fieldlayoutfields`
	ADD CONSTRAINT `cft_fieldlayoutfields_fieldId_fk` FOREIGN KEY (`fieldId`) REFERENCES `cft_fields` (`id`) ON DELETE CASCADE,
	ADD CONSTRAINT `cft_fieldlayoutfields_layoutId_fk` FOREIGN KEY (`layoutId`) REFERENCES `cft_fieldlayouts` (`id`) ON DELETE CASCADE,
	ADD CONSTRAINT `cft_fieldlayoutfields_tabId_fk` FOREIGN KEY (`tabId`) REFERENCES `cft_fieldlayouttabs` (`id`) ON DELETE CASCADE;

--
-- Constraints for table `cft_fieldlayouttabs`
--
ALTER TABLE `cft_fieldlayouttabs`
	ADD CONSTRAINT `cft_fieldlayouttabs_layoutId_fk` FOREIGN KEY (`layoutId`) REFERENCES `cft_fieldlayouts` (`id`) ON DELETE CASCADE;

--
-- Constraints for table `cft_fields`
--
ALTER TABLE `cft_fields`
	ADD CONSTRAINT `cft_fields_groupId_fk` FOREIGN KEY (`groupId`) REFERENCES `cft_fieldgroups` (`id`) ON DELETE CASCADE;

--
-- Constraints for table `cft_globalsets`
--
ALTER TABLE `cft_globalsets`
	ADD CONSTRAINT `cft_globalsets_fieldLayoutId_fk` FOREIGN KEY (`fieldLayoutId`) REFERENCES `cft_fieldlayouts` (`id`) ON DELETE SET NULL,
	ADD CONSTRAINT `cft_globalsets_id_fk` FOREIGN KEY (`id`) REFERENCES `cft_elements` (`id`) ON DELETE CASCADE;

--
-- Constraints for table `cft_matrixblocks`
--
ALTER TABLE `cft_matrixblocks`
	ADD CONSTRAINT `cft_matrixblocks_fieldId_fk` FOREIGN KEY (`fieldId`) REFERENCES `cft_fields` (`id`) ON DELETE CASCADE,
	ADD CONSTRAINT `cft_matrixblocks_id_fk` FOREIGN KEY (`id`) REFERENCES `cft_elements` (`id`) ON DELETE CASCADE,
	ADD CONSTRAINT `cft_matrixblocks_ownerId_fk` FOREIGN KEY (`ownerId`) REFERENCES `cft_elements` (`id`) ON DELETE CASCADE,
	ADD CONSTRAINT `cft_matrixblocks_ownerLocale_fk` FOREIGN KEY (`ownerLocale`) REFERENCES `cft_locales` (`locale`) ON DELETE CASCADE ON UPDATE CASCADE,
	ADD CONSTRAINT `cft_matrixblocks_typeId_fk` FOREIGN KEY (`typeId`) REFERENCES `cft_matrixblocktypes` (`id`) ON DELETE CASCADE;

--
-- Constraints for table `cft_matrixblocktypes`
--
ALTER TABLE `cft_matrixblocktypes`
	ADD CONSTRAINT `cft_matrixblocktypes_fieldId_fk` FOREIGN KEY (`fieldId`) REFERENCES `cft_fields` (`id`) ON DELETE CASCADE,
	ADD CONSTRAINT `cft_matrixblocktypes_fieldLayoutId_fk` FOREIGN KEY (`fieldLayoutId`) REFERENCES `cft_fieldlayouts` (`id`) ON DELETE SET NULL;

--
-- Constraints for table `cft_migrations`
--
ALTER TABLE `cft_migrations`
	ADD CONSTRAINT `cft_migrations_pluginId_fk` FOREIGN KEY (`pluginId`) REFERENCES `cft_plugins` (`id`) ON DELETE CASCADE;

--
-- Constraints for table `cft_navee_navigations`
--
ALTER TABLE `cft_navee_navigations`
	ADD CONSTRAINT `cft_navee_navigations_creatorId_fk` FOREIGN KEY (`creatorId`) REFERENCES `cft_users` (`id`) ON DELETE SET NULL,
	ADD CONSTRAINT `cft_navee_navigations_fieldLayoutId_fk` FOREIGN KEY (`fieldLayoutId`) REFERENCES `cft_fieldlayouts` (`id`) ON DELETE SET NULL;

--
-- Constraints for table `cft_navee_nodes`
--
ALTER TABLE `cft_navee_nodes`
	ADD CONSTRAINT `cft_navee_nodes_id_fk` FOREIGN KEY (`id`) REFERENCES `cft_elements` (`id`) ON DELETE CASCADE,
	ADD CONSTRAINT `cft_navee_nodes_navigationId_fk` FOREIGN KEY (`navigationId`) REFERENCES `cft_navee_navigations` (`id`) ON DELETE CASCADE;

--
-- Constraints for table `cft_neoblocks`
--
ALTER TABLE `cft_neoblocks`
	ADD CONSTRAINT `cft_neoblocks_fieldId_fk` FOREIGN KEY (`fieldId`) REFERENCES `cft_fields` (`id`) ON DELETE CASCADE,
	ADD CONSTRAINT `cft_neoblocks_id_fk` FOREIGN KEY (`id`) REFERENCES `cft_elements` (`id`) ON DELETE CASCADE,
	ADD CONSTRAINT `cft_neoblocks_ownerId_fk` FOREIGN KEY (`ownerId`) REFERENCES `cft_elements` (`id`) ON DELETE CASCADE,
	ADD CONSTRAINT `cft_neoblocks_ownerLocale_fk` FOREIGN KEY (`ownerLocale`) REFERENCES `cft_locales` (`locale`) ON DELETE CASCADE ON UPDATE CASCADE,
	ADD CONSTRAINT `cft_neoblocks_typeId_fk` FOREIGN KEY (`typeId`) REFERENCES `cft_neoblocktypes` (`id`) ON DELETE CASCADE;

--
-- Constraints for table `cft_neoblockstructures`
--
ALTER TABLE `cft_neoblockstructures`
	ADD CONSTRAINT `cft_neoblockstructures_fieldId_fk` FOREIGN KEY (`fieldId`) REFERENCES `cft_fields` (`id`) ON DELETE CASCADE,
	ADD CONSTRAINT `cft_neoblockstructures_ownerId_fk` FOREIGN KEY (`ownerId`) REFERENCES `cft_elements` (`id`) ON DELETE CASCADE,
	ADD CONSTRAINT `cft_neoblockstructures_ownerLocale_fk` FOREIGN KEY (`ownerLocale`) REFERENCES `cft_locales` (`locale`) ON DELETE CASCADE ON UPDATE CASCADE,
	ADD CONSTRAINT `cft_neoblockstructures_structureId_fk` FOREIGN KEY (`structureId`) REFERENCES `cft_structures` (`id`) ON DELETE CASCADE;

--
-- Constraints for table `cft_neoblocktypes`
--
ALTER TABLE `cft_neoblocktypes`
	ADD CONSTRAINT `cft_neoblocktypes_fieldId_fk` FOREIGN KEY (`fieldId`) REFERENCES `cft_fields` (`id`) ON DELETE CASCADE,
	ADD CONSTRAINT `cft_neoblocktypes_fieldLayoutId_fk` FOREIGN KEY (`fieldLayoutId`) REFERENCES `cft_fieldlayouts` (`id`) ON DELETE SET NULL;

--
-- Constraints for table `cft_neogroups`
--
ALTER TABLE `cft_neogroups`
	ADD CONSTRAINT `cft_neogroups_fieldId_fk` FOREIGN KEY (`fieldId`) REFERENCES `cft_fields` (`id`) ON DELETE CASCADE;

--
-- Constraints for table `cft_relations`
--
ALTER TABLE `cft_relations`
	ADD CONSTRAINT `cft_relations_fieldId_fk` FOREIGN KEY (`fieldId`) REFERENCES `cft_fields` (`id`) ON DELETE CASCADE,
	ADD CONSTRAINT `cft_relations_sourceId_fk` FOREIGN KEY (`sourceId`) REFERENCES `cft_elements` (`id`) ON DELETE CASCADE,
	ADD CONSTRAINT `cft_relations_sourceLocale_fk` FOREIGN KEY (`sourceLocale`) REFERENCES `cft_locales` (`locale`) ON DELETE CASCADE ON UPDATE CASCADE,
	ADD CONSTRAINT `cft_relations_targetId_fk` FOREIGN KEY (`targetId`) REFERENCES `cft_elements` (`id`) ON DELETE CASCADE;

--
-- Constraints for table `cft_routes`
--
ALTER TABLE `cft_routes`
	ADD CONSTRAINT `cft_routes_locale_fk` FOREIGN KEY (`locale`) REFERENCES `cft_locales` (`locale`) ON DELETE CASCADE ON UPDATE CASCADE;

--
-- Constraints for table `cft_sections`
--
ALTER TABLE `cft_sections`
	ADD CONSTRAINT `cft_sections_structureId_fk` FOREIGN KEY (`structureId`) REFERENCES `cft_structures` (`id`) ON DELETE SET NULL;

--
-- Constraints for table `cft_sections_i18n`
--
ALTER TABLE `cft_sections_i18n`
	ADD CONSTRAINT `cft_sections_i18n_locale_fk` FOREIGN KEY (`locale`) REFERENCES `cft_locales` (`locale`) ON DELETE CASCADE ON UPDATE CASCADE,
	ADD CONSTRAINT `cft_sections_i18n_sectionId_fk` FOREIGN KEY (`sectionId`) REFERENCES `cft_sections` (`id`) ON DELETE CASCADE;

--
-- Constraints for table `cft_seomatic_meta`
--
ALTER TABLE `cft_seomatic_meta`
	ADD CONSTRAINT `cft_seomatic_meta_id_fk` FOREIGN KEY (`id`) REFERENCES `cft_elements` (`id`) ON DELETE CASCADE,
	ADD CONSTRAINT `cft_seomatic_meta_seoFacebookImageId_fk` FOREIGN KEY (`seoFacebookImageId`) REFERENCES `cft_assetfiles` (`id`) ON DELETE SET NULL,
	ADD CONSTRAINT `cft_seomatic_meta_seoImageId_fk` FOREIGN KEY (`seoImageId`) REFERENCES `cft_assetfiles` (`id`) ON DELETE SET NULL,
	ADD CONSTRAINT `cft_seomatic_meta_seoTwitterImageId_fk` FOREIGN KEY (`seoTwitterImageId`) REFERENCES `cft_assetfiles` (`id`) ON DELETE SET NULL;

--
-- Constraints for table `cft_seomatic_settings`
--
ALTER TABLE `cft_seomatic_settings`
	ADD CONSTRAINT `cft_seomatic_settings_genericCreatorImageId_fk` FOREIGN KEY (`genericCreatorImageId`) REFERENCES `cft_assetfiles` (`id`) ON DELETE SET NULL,
	ADD CONSTRAINT `cft_seomatic_settings_genericOwnerImageId_fk` FOREIGN KEY (`genericOwnerImageId`) REFERENCES `cft_assetfiles` (`id`) ON DELETE SET NULL,
	ADD CONSTRAINT `cft_seomatic_settings_siteSeoFacebookImageId_fk` FOREIGN KEY (`siteSeoFacebookImageId`) REFERENCES `cft_assetfiles` (`id`) ON DELETE SET NULL,
	ADD CONSTRAINT `cft_seomatic_settings_siteSeoImageId_fk` FOREIGN KEY (`siteSeoImageId`) REFERENCES `cft_assetfiles` (`id`) ON DELETE SET NULL,
	ADD CONSTRAINT `cft_seomatic_settings_siteSeoTwitterImageId_fk` FOREIGN KEY (`siteSeoTwitterImageId`) REFERENCES `cft_assetfiles` (`id`) ON DELETE SET NULL;

--
-- Constraints for table `cft_sessions`
--
ALTER TABLE `cft_sessions`
	ADD CONSTRAINT `cft_sessions_userId_fk` FOREIGN KEY (`userId`) REFERENCES `cft_users` (`id`) ON DELETE CASCADE;

--
-- Constraints for table `cft_shunnedmessages`
--
ALTER TABLE `cft_shunnedmessages`
	ADD CONSTRAINT `cft_shunnedmessages_userId_fk` FOREIGN KEY (`userId`) REFERENCES `cft_users` (`id`) ON DELETE CASCADE;

--
-- Constraints for table `cft_structureelements`
--
ALTER TABLE `cft_structureelements`
	ADD CONSTRAINT `cft_structureelements_elementId_fk` FOREIGN KEY (`elementId`) REFERENCES `cft_elements` (`id`) ON DELETE CASCADE,
	ADD CONSTRAINT `cft_structureelements_structureId_fk` FOREIGN KEY (`structureId`) REFERENCES `cft_structures` (`id`) ON DELETE CASCADE;

--
-- Constraints for table `cft_taggroups`
--
ALTER TABLE `cft_taggroups`
	ADD CONSTRAINT `cft_taggroups_fieldLayoutId_fk` FOREIGN KEY (`fieldLayoutId`) REFERENCES `cft_fieldlayouts` (`id`) ON DELETE SET NULL;

--
-- Constraints for table `cft_tags`
--
ALTER TABLE `cft_tags`
	ADD CONSTRAINT `cft_tags_groupId_fk` FOREIGN KEY (`groupId`) REFERENCES `cft_taggroups` (`id`) ON DELETE CASCADE,
	ADD CONSTRAINT `cft_tags_id_fk` FOREIGN KEY (`id`) REFERENCES `cft_elements` (`id`) ON DELETE CASCADE;

--
-- Constraints for table `cft_templatecachecriteria`
--
ALTER TABLE `cft_templatecachecriteria`
	ADD CONSTRAINT `cft_templatecachecriteria_cacheId_fk` FOREIGN KEY (`cacheId`) REFERENCES `cft_templatecaches` (`id`) ON DELETE CASCADE;

--
-- Constraints for table `cft_templatecacheelements`
--
ALTER TABLE `cft_templatecacheelements`
	ADD CONSTRAINT `cft_templatecacheelements_cacheId_fk` FOREIGN KEY (`cacheId`) REFERENCES `cft_templatecaches` (`id`) ON DELETE CASCADE,
	ADD CONSTRAINT `cft_templatecacheelements_elementId_fk` FOREIGN KEY (`elementId`) REFERENCES `cft_elements` (`id`) ON DELETE CASCADE;

--
-- Constraints for table `cft_templatecaches`
--
ALTER TABLE `cft_templatecaches`
	ADD CONSTRAINT `cft_templatecaches_locale_fk` FOREIGN KEY (`locale`) REFERENCES `cft_locales` (`locale`) ON DELETE CASCADE ON UPDATE CASCADE;

--
-- Constraints for table `cft_usergroups_users`
--
ALTER TABLE `cft_usergroups_users`
	ADD CONSTRAINT `cft_usergroups_users_groupId_fk` FOREIGN KEY (`groupId`) REFERENCES `cft_usergroups` (`id`) ON DELETE CASCADE,
	ADD CONSTRAINT `cft_usergroups_users_userId_fk` FOREIGN KEY (`userId`) REFERENCES `cft_users` (`id`) ON DELETE CASCADE;

--
-- Constraints for table `cft_userpermissions_usergroups`
--
ALTER TABLE `cft_userpermissions_usergroups`
	ADD CONSTRAINT `cft_userpermissions_usergroups_groupId_fk` FOREIGN KEY (`groupId`) REFERENCES `cft_usergroups` (`id`) ON DELETE CASCADE,
	ADD CONSTRAINT `cft_userpermissions_usergroups_permissionId_fk` FOREIGN KEY (`permissionId`) REFERENCES `cft_userpermissions` (`id`) ON DELETE CASCADE;

--
-- Constraints for table `cft_userpermissions_users`
--
ALTER TABLE `cft_userpermissions_users`
	ADD CONSTRAINT `cft_userpermissions_users_permissionId_fk` FOREIGN KEY (`permissionId`) REFERENCES `cft_userpermissions` (`id`) ON DELETE CASCADE,
	ADD CONSTRAINT `cft_userpermissions_users_userId_fk` FOREIGN KEY (`userId`) REFERENCES `cft_users` (`id`) ON DELETE CASCADE;

--
-- Constraints for table `cft_users`
--
ALTER TABLE `cft_users`
	ADD CONSTRAINT `cft_users_id_fk` FOREIGN KEY (`id`) REFERENCES `cft_elements` (`id`) ON DELETE CASCADE,
	ADD CONSTRAINT `cft_users_preferredLocale_fk` FOREIGN KEY (`preferredLocale`) REFERENCES `cft_locales` (`locale`) ON DELETE SET NULL ON UPDATE CASCADE;

--
-- Constraints for table `cft_widgets`
--
ALTER TABLE `cft_widgets`
	ADD CONSTRAINT `cft_widgets_userId_fk` FOREIGN KEY (`userId`) REFERENCES `cft_users` (`id`) ON DELETE CASCADE;

SET FOREIGN_KEY_CHECKS = 1;
